{
  "type": "FeatureCollection",
  "features": [
    {
      "type": "Feature",
      "geometry": {
        "type": "Point",
        "coordinates": [
          44.4251593,
          24.5392862
        ]
      },
      "properties": {
        "School": "مركز شروق نجد لرعاية ذوي الاحتياجات الخاصة - فرع الدوادمي",
        "Region": "منطقة الريـــاض",
        "City": "محافظة الدوادمي",
        "Type": "مركز شامل",
        "Gender": "اناث",
        "MaleStudents": "0",
        "FemaleStudents": "42",
        "SchoolCapacity": "164",
        "place_name": "مركز شروق نجد للرعاية النهارية لذوي الإعاقة- إدارة نسائية",
        "place_url": "https://www.google.com/maps/place/%D9%85%D8%B1%D9%83%D8%B2+%D8%B4%D8%B1%D9%88%D9%82+%D9%86%D8%AC%D8%AF+%D9%84%D9%84%D8%B1%D8%B9%D8%A7%D9%8A%D8%A9+%D8%A7%D9%84%D9%86%D9%87%D8%A7%D8%B1%D9%8A%D8%A9+%D9%84%D8%B0%D9%88%D9%8A+%D8%A7%D9%84%D8%A5%D8%B9%D8%A7%D9%82%D8%A9-+%D8%A5%D8%AF%D8%A7%D8%B1%D8%A9+%D9%86%D8%B3%D8%A7%D8%A6%D9%8A%D8%A9%E2%80%AD/@24.5392862,44.4296654,17z/data=!4m10!1m2!2m1!1z2YXYsdmD2LIg2LTYsdmI2YIg2YbYrNivINmE2LHYudin2YrYqSDYsNmI2Yog2KfZhNin2K3YqtmK2KfYrNin2Kog2KfZhNiu2KfYtdipIC0g2YHYsdi5INin2YTYr9mI2KfYr9mF2YosINmF2K3Yp9mB2LjYqSDYp9mE2K_ZiNin2K_ZhdmKLCDZhdmG2LfZgtipINin2YTYsdmK2YDZgNmA2KfYtg!3m6!1s0x15871d7c5514f66b:0x584c66e705f12f19!8m2!3d24.5392862!4d44.4251593!15sCqYB2YXYsdmD2LIg2LTYsdmI2YIg2YbYrNivINmE2LHYudin2YrYqSDYsNmI2Yog2KfZhNin2K3YqtmK2KfYrNin2Kog2KfZhNiu2KfYtdipIC0g2YHYsdi5INin2YTYr9mI2KfYr9mF2YosINmF2K3Yp9mB2LjYqSDYp9mE2K_ZiNin2K_ZhdmKLCDZhdmG2LfZgtipINin2YTYsdmK2YDZgNmA2KfYtlqfASKcAdmF2LHZg9iyINi02LHZiNmCINmG2KzYryDZhNix2LnYp9mK2Kkg2LDZiNmKINin2YTYp9it2KrZitin2KzYp9iqINin2YTYrtin2LXYqSDZgdix2Lkg2KfZhNiv2YjYp9iv2YXZiiDZhdit2KfZgdi42Kkg2KfZhNiv2YjYp9iv2YXZiiDZhdmG2LfZgtipINin2YTYsdmK2KfYtpIBF2VkdWNhdGlvbmFsX2luc3RpdHV0aW9umgFEQ2k5RFFVbFJRVU52WkVOb2RIbGpSamx2VDI1V1NXVnJPVFJQU0ZaVFpWUm9WMXBIYUVaYVJFSXhaRlZrV2xaSFl4QULgAQD6AQQIABA7!16s%2Fg%2F11gs8n0v4v?entry=ttu&g_ep=EgoyMDI2MDUxMy4wIKXMDSoASAFQAw%3D%3D",
        "place_category": "مؤسسة تعليمية",
        "place_address": "6547 الأمير مشهور بن عبدالعزيز، 6547، حطين، 3788، الدوادمي 17471",
        "place_rating": 4.5,
        "place_review_count": 4
      }
    },
    {
      "type": "Feature",
      "geometry": null,
      "properties": {
        "School": "مركز التحدي والنجاح للرعاية النهارية",
        "Region": "المنطقة الشرقيـــة",
        "City": "محافظة حفر الباطن",
        "Type": "مركز شامل",
        "Gender": "ذكور",
        "MaleStudents": "116",
        "FemaleStudents": "0",
        "SchoolCapacity": "200"
      }
    },
    {
      "type": "Feature",
      "geometry": {
        "type": "Point",
        "coordinates": [
          41.6087659,
          27.4294594
        ]
      },
      "properties": {
        "School": "مركز جمعية الأطفال ذوي الإعاقة للرعاية النهارية",
        "Region": "منطقة حائــــل",
        "City": "حائل",
        "Type": "",
        "Gender": "0",
        "MaleStudents": "0",
        "FemaleStudents": "0",
        "SchoolCapacity": "0",
        "place_name": "جمعية الاطفال ذوي الاعاقة بحائل",
        "place_url": "https://www.google.com/maps/place/%D8%AC%D9%85%D8%B9%D9%8A%D8%A9+%D8%A7%D9%84%D8%A7%D8%B7%D9%81%D8%A7%D9%84+%D8%B0%D9%88%D9%8A+%D8%A7%D9%84%D8%A7%D8%B9%D8%A7%D9%82%D8%A9+%D8%A8%D8%AD%D8%A7%D8%A6%D9%84%E2%80%AD/@27.4294594,41.6113408,17z/data=!3m1!4b1!4m6!3m5!1s0x15763dfb01026387:0x17704940ee5609a0!8m2!3d27.4294594!4d41.6087659!16s%2Fg%2F11gd_b956t?entry=ttu&g_ep=EgoyMDI2MDUxMy4wIKXMDSoASAFQAw%3D%3D",
        "place_category": "جمعية / منظمة",
        "place_address": "Unnamed Road، حائل 55439",
        "place_rating": 4.5,
        "place_review_count": 17
      }
    },
    {
      "type": "Feature",
      "geometry": {
        "type": "Point",
        "coordinates": [
          39.0304354,
          22.8296664
        ]
      },
      "properties": {
        "School": "مركز محافظة رابغ للرعاية النهارية",
        "Region": "منطقة مكة المكرمـة",
        "City": "محافظة رابغ",
        "Type": "مركز شامل",
        "Gender": "اناث",
        "MaleStudents": "0",
        "FemaleStudents": "47",
        "SchoolCapacity": "138",
        "place_name": "مركز محافظة رابغ للتأهيل و الرعاية",
        "place_url": "https://www.google.com/maps/place/%D9%85%D8%B1%D9%83%D8%B2+%D9%85%D8%AD%D8%A7%D9%81%D8%B8%D8%A9+%D8%B1%D8%A7%D8%A8%D8%BA+%D9%84%D9%84%D8%AA%D8%A3%D9%87%D9%8A%D9%84+%D9%88+%D8%A7%D9%84%D8%B1%D8%B9%D8%A7%D9%8A%D8%A9%E2%80%AD/@22.8296664,39.0330103,17z/data=!3m1!4b1!4m6!3m5!1s0x15c097e1b63eef29:0x249a4a22d707e377!8m2!3d22.8296664!4d39.0304354!16s%2Fg%2F11pdxns1jj?entry=ttu&g_ep=EgoyMDI2MDUxMy4wIKXMDSoASAFQAw%3D%3D",
        "place_category": "المركز التعليمي",
        "place_address": "الصليب الشرقي،، الصليب الشرقي، رابغ 25754،",
        "place_rating": 3.3,
        "place_review_count": 4
      }
    },
    {
      "type": "Feature",
      "geometry": {
        "type": "Point",
        "coordinates": [
          46.5103125,
          24.6541875
        ]
      },
      "properties": {
        "School": "مركز أمان للرعاية النهارية",
        "Region": "منطقة الريـــاض",
        "City": "الرياض",
        "Type": "مركز شامل",
        "Gender": "اناث",
        "MaleStudents": "0",
        "FemaleStudents": "71",
        "SchoolCapacity": "118",
        "place_name": "مركز امان للرعاية النهارية",
        "place_url": "https://www.google.com/maps/place/%D9%85%D8%B1%D9%83%D8%B2+%D8%A7%D9%85%D8%A7%D9%86+%D9%84%D9%84%D8%B1%D8%B9%D8%A7%D9%8A%D8%A9+%D8%A7%D9%84%D9%86%D9%87%D8%A7%D8%B1%D9%8A%D8%A9%E2%80%AD/@24.6541875,46.5128874,17z/data=!3m1!4b1!4m6!3m5!1s0x3e2f21c52e7ef89f:0x24e00ba27fa57e64!8m2!3d24.6541875!4d46.5103125!16s%2Fg%2F11q95l37m1?entry=ttu&g_ep=EgoyMDI2MDUxMy4wIKXMDSoASAFQAw%3D%3D",
        "place_category": "مركز إعادة التأهيل",
        "place_address": "طريق العروبه، حي, 2989 طريق السيل الكبير، المهدية، الرياض 13756 8490 MG36+M4 المهدية طريق الملك فهد، الرياض 14964",
        "place_rating": 4.8,
        "place_review_count": 67
      }
    },
    {
      "type": "Feature",
      "geometry": {
        "type": "Point",
        "coordinates": [
          46.865838,
          23.4966809
        ]
      },
      "properties": {
        "School": "مركز ذوي الهمم للرعاية النهارية",
        "Region": "منطقة الريـــاض",
        "City": "محافظة حوطة بني تميم",
        "Type": "مركز شامل",
        "Gender": "اناث",
        "MaleStudents": "0",
        "FemaleStudents": "53",
        "SchoolCapacity": "108",
        "place_name": "مركز ذوي الهمم لرعاية النهارية",
        "place_url": "https://www.google.com/maps/place/%D9%85%D8%B1%D9%83%D8%B2+%D8%B0%D9%88%D9%8A+%D8%A7%D9%84%D9%87%D9%85%D9%85+%D9%84%D8%B1%D8%B9%D8%A7%D9%8A%D8%A9+%D8%A7%D9%84%D9%86%D9%87%D8%A7%D8%B1%D9%8A%D8%A9%E2%80%AD/@23.4966809,46.8684129,17z/data=!3m1!4b1!4m6!3m5!1s0x3e24f9b2e3e21255:0xa16278f9ef1c588d!8m2!3d23.4966809!4d46.865838!16s%2Fg%2F11s7jwzsm2?entry=ttu&g_ep=EgoyMDI2MDUxMy4wIKXMDSoASAFQAw%3D%3D",
        "place_category": "المركز التعليمي",
        "place_address": "OHAA3215، 3215 شارع الملك سلمان بن عبدالعزيز، 8742، حي التضامن،، حوطة بني تميم 16511،",
        "place_rating": 5.0,
        "place_review_count": 24
      }
    },
    {
      "type": "Feature",
      "geometry": null,
      "properties": {
        "School": "مركز اسهام للرعاية النهارية",
        "Region": "منطقة مكة المكرمـة",
        "City": "مكة المكرمة",
        "Type": "مركز شامل",
        "Gender": "اناث",
        "MaleStudents": "0",
        "FemaleStudents": "77",
        "SchoolCapacity": "200"
      }
    },
    {
      "type": "Feature",
      "geometry": {
        "type": "Point",
        "coordinates": [
          42.1310563,
          19.0922119
        ]
      },
      "properties": {
        "School": "مركز التمكين الشامل للرعاية النهارية",
        "Region": "منطقة عسيــر",
        "City": "محافظة النماص",
        "Type": "مركز شامل",
        "Gender": "اناث",
        "MaleStudents": "0",
        "FemaleStudents": "37",
        "SchoolCapacity": "200",
        "place_name": "مركز التمكين الشامل للرعاية النهاريه",
        "place_url": "https://www.google.com/maps/place/%D9%85%D8%B1%D9%83%D8%B2+%D8%A7%D9%84%D8%AA%D9%85%D9%83%D9%8A%D9%86+%D8%A7%D9%84%D8%B4%D8%A7%D9%85%D9%84+%D9%84%D9%84%D8%B1%D8%B9%D8%A7%D9%8A%D8%A9+%D8%A7%D9%84%D9%86%D9%87%D8%A7%D8%B1%D9%8A%D9%87%E2%80%AD/@19.0922119,42.1336312,17z/data=!3m1!4b1!4m6!3m5!1s0x15e51b4c4459f7b5:0xa52b0a3451746f57!8m2!3d19.0922119!4d42.1310563!16s%2Fg%2F11s50gjdxx?entry=ttu&g_ep=EgoyMDI2MDUxMy4wIKXMDSoASAFQAw%3D%3D",
        "place_category": "مركز رعاية اجتماعية",
        "place_address": "AIAB7092، 7092 طريق الملك فيصل، 5380، حي النزهة،، النماص 67397",
        "place_rating": 4.9,
        "place_review_count": 50
      }
    },
    {
      "type": "Feature",
      "geometry": {
        "type": "Point",
        "coordinates": [
          39.0304354,
          22.8296664
        ]
      },
      "properties": {
        "School": "مركز محافظة رابغ للرعاية النهارية",
        "Region": "منطقة مكة المكرمـة",
        "City": "محافظة رابغ",
        "Type": "مركز شامل",
        "Gender": "ذكور",
        "MaleStudents": "15",
        "FemaleStudents": "0",
        "SchoolCapacity": "200",
        "place_name": "مركز محافظة رابغ للتأهيل و الرعاية",
        "place_url": "https://www.google.com/maps/place/%D9%85%D8%B1%D9%83%D8%B2+%D9%85%D8%AD%D8%A7%D9%81%D8%B8%D8%A9+%D8%B1%D8%A7%D8%A8%D8%BA+%D9%84%D9%84%D8%AA%D8%A3%D9%87%D9%8A%D9%84+%D9%88+%D8%A7%D9%84%D8%B1%D8%B9%D8%A7%D9%8A%D8%A9%E2%80%AD/@22.8296664,39.0330103,17z/data=!3m1!4b1!4m6!3m5!1s0x15c097e1b63eef29:0x249a4a22d707e377!8m2!3d22.8296664!4d39.0304354!16s%2Fg%2F11pdxns1jj?entry=ttu&g_ep=EgoyMDI2MDUxMy4wIKXMDSoASAFQAw%3D%3D",
        "place_category": "المركز التعليمي",
        "place_address": "الصليب الشرقي،، الصليب الشرقي، رابغ 25754،",
        "place_rating": 3.3,
        "place_review_count": 4
      }
    },
    {
      "type": "Feature",
      "geometry": null,
      "properties": {
        "School": "مركز مهارات الحياة للرعاية النهارية",
        "Region": "منطقة الباحــة",
        "City": "الباحة",
        "Type": "مركز شامل",
        "Gender": "ذكور",
        "MaleStudents": "0",
        "FemaleStudents": "0",
        "SchoolCapacity": "304"
      }
    },
    {
      "type": "Feature",
      "geometry": {
        "type": "Point",
        "coordinates": [
          44.2164249,
          17.5448844
        ]
      },
      "properties": {
        "School": "مركز أبطال نور للرعاية النهارية",
        "Region": "منطقة نجـــران",
        "City": "نجران",
        "Type": "",
        "Gender": "0",
        "MaleStudents": "0",
        "FemaleStudents": "0",
        "SchoolCapacity": "0",
        "place_name": "مركز أبطال نور للرعاية النهارية",
        "place_url": "https://www.google.com/maps/place/%D9%85%D8%B1%D9%83%D8%B2+%D8%A3%D8%A8%D8%B7%D8%A7%D9%84+%D9%86%D9%88%D8%B1+%D9%84%D9%84%D8%B1%D8%B9%D8%A7%D9%8A%D8%A9+%D8%A7%D9%84%D9%86%D9%87%D8%A7%D8%B1%D9%8A%D8%A9%E2%80%AD/@17.5448844,44.2189998,17z/data=!3m1!4b1!4m6!3m5!1s0x15fec35f3d4cae4d:0x118166d081cb52c9!8m2!3d17.5448844!4d44.2164249!16s%2Fg%2F11vk_dkvcc?entry=ttu&g_ep=EgoyMDI2MDUxMy4wIKXMDSoASAFQAw%3D%3D",
        "place_category": "حضانة أطفال",
        "place_address": "حي الفيصلية, NJMB7004، 7004 عثمان بن عفان، 4312, نجران 66251",
        "place_rating": 4.6,
        "place_review_count": 27
      }
    },
    {
      "type": "Feature",
      "geometry": {
        "type": "Point",
        "coordinates": [
          46.6910047,
          24.6404714
        ]
      },
      "properties": {
        "School": "مركز التميز للتوحد - فرع الذكور",
        "Region": "منطقة الريـــاض",
        "City": "الرياض",
        "Type": "",
        "Gender": "0",
        "MaleStudents": "0",
        "FemaleStudents": "0",
        "SchoolCapacity": "0",
        "place_name": "مركز التميز للتوحد",
        "place_url": "https://www.google.com/maps/place/%D9%85%D8%B1%D9%83%D8%B2+%D8%A7%D9%84%D8%AA%D9%85%D9%8A%D8%B2+%D9%84%D9%84%D8%AA%D9%88%D8%AD%D8%AF%E2%80%AD/@24.6404714,46.6935796,17z/data=!3m1!4b1!4m6!3m5!1s0x3e2f054cf3fc058d:0x9ccf777b90b6f556!8m2!3d24.6404714!4d46.6910047!16s%2Fg%2F11m0tb__tr?entry=ttu&g_ep=EgoyMDI2MDUxMy4wIKXMDSoASAFQAw%3D%3D",
        "place_category": "مؤسسة غير ربحية",
        "place_address": "شارع عمرو بن العاص، عليشة، الرياض 12742",
        "place_rating": 4.3,
        "place_review_count": 372
      }
    },
    {
      "type": "Feature",
      "geometry": {
        "type": "Point",
        "coordinates": [
          41.6931353,
          27.5138756
        ]
      },
      "properties": {
        "School": "مركز مستقبل الامل للرعاية النهارية",
        "Region": "منطقة حائــــل",
        "City": "محافظة الشنان",
        "Type": "",
        "Gender": "0",
        "MaleStudents": "0",
        "FemaleStudents": "0",
        "SchoolCapacity": "0",
        "place_name": "مركز التمكين الشامل للرعاية النهارية حائل",
        "place_url": "https://www.google.com/maps/place/%D9%85%D8%B1%D9%83%D8%B2+%D8%A7%D9%84%D8%AA%D9%85%D9%83%D9%8A%D9%86+%D8%A7%D9%84%D8%B4%D8%A7%D9%85%D9%84+%D9%84%D9%84%D8%B1%D8%B9%D8%A7%D9%8A%D8%A9+%D8%A7%D9%84%D9%86%D9%87%D8%A7%D8%B1%D9%8A%D8%A9+%D8%AD%D8%A7%D8%A6%D9%84%E2%80%AD/@27.5138756,42.8466998,9z/data=!4m10!1m2!2m1!1z2YXYsdmD2LIg2YXYs9iq2YLYqNmEINin2YTYp9mF2YQg2YTZhNix2LnYp9mK2Kkg2KfZhNmG2YfYp9ix2YrYqSwg2YXYrdin2YHYuNipINin2YTYtNmG2KfZhiwg2YXZhti32YLYqSDYrdin2KbZgNmA2YDZgNmE!3m6!1s0x157647a9b6022d77:0xc89e79a1a65dacd!8m2!3d27.5138756!4d41.6931353!15sCnjZhdix2YPYsiDZhdiz2KrZgtio2YQg2KfZhNin2YXZhCDZhNmE2LHYudin2YrYqSDYp9mE2YbZh9in2LHZitipLCDZhdit2KfZgdi42Kkg2KfZhNi02YbYp9mGLCDZhdmG2LfZgtipINit2KfYptmA2YDZgNmA2YRacCJu2YXYsdmD2LIg2YXYs9iq2YLYqNmEINin2YTYp9mF2YQg2YTZhNix2LnYp9mK2Kkg2KfZhNmG2YfYp9ix2YrYqSDZhdit2KfZgdi42Kkg2KfZhNi02YbYp9mGINmF2YbYt9mC2Kkg2K3Yp9im2YSSARBlZHVjYXRpb25fY2VudGVymgFEQ2k5RFFVbFJRVU52WkVOb2RIbGpSamx2VDJ0T1ZsTlZaRTFaVms1VFVrWkNNRm93T1UxbFZsSnhaRmhHTkUxclJSQULgAQD6AQUIlwEQSA!16s%2Fg%2F11ypgbjlx7?entry=ttu&g_ep=EgoyMDI2MDUxMy4wIKXMDSoASAFQAw%3D%3D",
        "place_category": "المركز التعليمي",
        "place_address": "ابن خلدون، المحطة، حائل 55421",
        "place_rating": 5.0,
        "place_review_count": 5
      }
    },
    {
      "type": "Feature",
      "geometry": null,
      "properties": {
        "School": "مركز رمز الطموح للرعاية النهارية",
        "Region": "المنطقة الشرقيـــة",
        "City": "محافظة الاحساء",
        "Type": "مركز شامل",
        "Gender": "ذكور",
        "MaleStudents": "150",
        "FemaleStudents": "0",
        "SchoolCapacity": "400"
      }
    },
    {
      "type": "Feature",
      "geometry": null,
      "properties": {
        "School": "مركز ايادي نجد للرعاية النهارية للبنين",
        "Region": "منطقة الحدود الشمالية",
        "City": "محافظة طريف",
        "Type": "مركز شامل",
        "Gender": "ذكور",
        "MaleStudents": "16",
        "FemaleStudents": "0",
        "SchoolCapacity": "65"
      }
    },
    {
      "type": "Feature",
      "geometry": {
        "type": "Point",
        "coordinates": [
          43.8874874,
          26.4567712
        ]
      },
      "properties": {
        "School": "مركز اليافعين للرعاية النهارية",
        "Region": "منطقة القصيـــم",
        "City": "بريدة",
        "Type": "مركز شامل",
        "Gender": "ذكور",
        "MaleStudents": "198",
        "FemaleStudents": "0",
        "SchoolCapacity": "200",
        "place_name": "مركز رعاية للرعاية النهارية",
        "place_url": "https://www.google.com/maps/place/%D9%85%D8%B1%D9%83%D8%B2+%D8%B1%D8%B9%D8%A7%D9%8A%D8%A9+%D9%84%D9%84%D8%B1%D8%B9%D8%A7%D9%8A%D8%A9+%D8%A7%D9%84%D9%86%D9%87%D8%A7%D8%B1%D9%8A%D8%A9%E2%80%AD/@26.4096735,43.9657217,13z/data=!4m10!1m2!2m1!1z2YXYsdmD2LIg2KfZhNmK2KfZgdi52YrZhiDZhNmE2LHYudin2YrYqSDYp9mE2YbZh9in2LHZitipLCDYqNix2YrYr9ipLCDZhdmG2LfZgtipINin2YTZgti12YrZgNmA2YDZhQ!3m6!1s0x157f5783e386bbd5:0xd66dbfb955f9a322!8m2!3d26.4567712!4d43.8874874!15sCmTZhdix2YPYsiDYp9mE2YrYp9mB2LnZitmGINmE2YTYsdi52KfZitipINin2YTZhtmH2KfYsdmK2KksINio2LHZitiv2KksINmF2YbYt9mC2Kkg2KfZhNmC2LXZitmA2YDZgNmFWl4iXNmF2LHZg9iyINin2YTZitin2YHYudmK2YYg2YTZhNix2LnYp9mK2Kkg2KfZhNmG2YfYp9ix2YrYqSDYqNix2YrYr9ipINmF2YbYt9mC2Kkg2KfZhNmC2LXZitmFkgEVc29jaWFsX3dlbGZhcmVfY2VudGVymgEjQ2haRFNVaE5NRzluUzBWSlEwRm5UVVJuY0RSZmFWWjNFQUXgAQD6AQQIABBH!16s%2Fg%2F11h104xk58?entry=ttu&g_ep=EgoyMDI2MDUxMy4wIKXMDSoASAFQAw%3D%3D",
        "place_category": "مركز رعاية اجتماعية",
        "place_address": "طريق عمر بن الخطاب، بريدة 52586",
        "place_rating": 4.7,
        "place_review_count": 4
      }
    },
    {
      "type": "Feature",
      "geometry": {
        "type": "Point",
        "coordinates": [
          46.7792027,
          24.5958417
        ]
      },
      "properties": {
        "School": "مركز عبور للرعاية النهارية",
        "Region": "منطقة الريـــاض",
        "City": "الرياض",
        "Type": "مركز شامل",
        "Gender": "اناث",
        "MaleStudents": "0",
        "FemaleStudents": "82",
        "SchoolCapacity": "200",
        "place_name": "مركز عبور للرعاية النهارية فرع العزيزية",
        "place_url": "https://www.google.com/maps/place/%D9%85%D8%B1%D9%83%D8%B2+%D8%B9%D8%A8%D9%88%D8%B1+%D9%84%D9%84%D8%B1%D8%B9%D8%A7%D9%8A%D8%A9+%D8%A7%D9%84%D9%86%D9%87%D8%A7%D8%B1%D9%8A%D8%A9+%D9%81%D8%B1%D8%B9+%D8%A7%D9%84%D8%B9%D8%B2%D9%8A%D8%B2%D9%8A%D8%A9%E2%80%AD/@24.5958417,46.9233983,12z/data=!4m10!1m2!2m1!1z2YXYsdmD2LIg2LnYqNmI2LEg2YTZhNix2LnYp9mK2Kkg2KfZhNmG2YfYp9ix2YrYqSwg2KfZhNix2YrYp9i2LCDZhdmG2LfZgtipINin2YTYsdmK2YDZgNmA2KfYtg!3m6!1s0x3e2f09657b5cfc25:0x522a6384a0678e3f!8m2!3d24.5958417!4d46.7792027!15sCl7Zhdix2YPYsiDYudio2YjYsSDZhNmE2LHYudin2YrYqSDYp9mE2YbZh9in2LHZitipLCDYp9mE2LHZitin2LYsINmF2YbYt9mC2Kkg2KfZhNix2YrZgNmA2YDYp9i2kgEVcmVoYWJpbGl0YXRpb25fY2VudGVy4AEA!16s%2Fg%2F11pz4ymrtl?entry=ttu&g_ep=EgoyMDI2MDUxMy4wIKXMDSoASAFQAw%3D%3D",
        "place_category": "مركز إعادة التأهيل",
        "place_address": "4212 طريق النصر، حي العزيزية، الرياض 14511 6962،، الرياض 14511",
        "place_rating": 4.1,
        "place_review_count": 4
      }
    },
    {
      "type": "Feature",
      "geometry": {
        "type": "Point",
        "coordinates": [
          39.1503278,
          21.6213742
        ]
      },
      "properties": {
        "School": "مركز غدي المشرق للرعاية النهارية",
        "Region": "منطقة مكة المكرمـة",
        "City": "محافظة جدة",
        "Type": "مركز شامل",
        "Gender": "اناث",
        "MaleStudents": "0",
        "FemaleStudents": "77",
        "SchoolCapacity": "82",
        "place_name": "مركز غدي المشرق للرعاية النهارية",
        "place_url": "https://www.google.com/maps/place/%D9%85%D8%B1%D9%83%D8%B2+%D8%BA%D8%AF%D9%8A+%D8%A7%D9%84%D9%85%D8%B4%D8%B1%D9%82+%D9%84%D9%84%D8%B1%D8%B9%D8%A7%D9%8A%D8%A9+%D8%A7%D9%84%D9%86%D9%87%D8%A7%D8%B1%D9%8A%D8%A9%E2%80%AD/@21.324881,39.7049856,11z/data=!4m6!3m5!1s0x15c3da0695029893:0xd7b1753496e8c268!8m2!3d21.6213742!4d39.1503278!16s%2Fg%2F11c1q60z_1?entry=ttu&g_ep=EgoyMDI2MDUxMy4wIKXMDSoASAFQAw%3D%3D",
        "place_category": "مركز رعاية نهارية للكبار",
        "place_address": "النعيم، جدة 23526",
        "place_rating": 4.7,
        "place_review_count": 101
      }
    },
    {
      "type": "Feature",
      "geometry": {
        "type": "Point",
        "coordinates": [
          50.1218043,
          26.4314724
        ]
      },
      "properties": {
        "School": "مركز التحدي للرعاية النهارية",
        "Region": "المنطقة الشرقيـــة",
        "City": "الدمام",
        "Type": "مركز متلازمه داون",
        "Gender": "اناث",
        "MaleStudents": "0",
        "FemaleStudents": "75",
        "SchoolCapacity": "157",
        "place_name": "مركز التحدي للرعاية النهارية",
        "place_url": "https://www.google.com/maps/place/%D9%85%D8%B1%D9%83%D8%B2+%D8%A7%D9%84%D8%AA%D8%AD%D8%AF%D9%8A+%D9%84%D9%84%D8%B1%D8%B9%D8%A7%D9%8A%D8%A9+%D8%A7%D9%84%D9%86%D9%87%D8%A7%D8%B1%D9%8A%D8%A9%E2%80%AD/@26.4314724,50.1243792,17z/data=!3m1!4b1!4m6!3m5!1s0x3e49fb0d519d4e53:0x93a3af9555846d!8m2!3d26.4314724!4d50.1218043!16s%2Fg%2F11c1rsdz5k?entry=ttu&g_ep=EgoyMDI2MDUxMy4wIKXMDSoASAFQAw%3D%3D",
        "place_category": "مؤسسة تعليمية",
        "place_address": "شارع نجد، الطبيشي، الدمام 32233",
        "place_rating": 4.4,
        "place_review_count": 30
      }
    },
    {
      "type": "Feature",
      "geometry": {
        "type": "Point",
        "coordinates": [
          39.1006492,
          21.6948844
        ]
      },
      "properties": {
        "School": "مركز الرعاية المتطورة للرعاية النهارية",
        "Region": "منطقة مكة المكرمـة",
        "City": "محافظة جدة",
        "Type": "مركز شامل",
        "Gender": "ذكور",
        "MaleStudents": "170",
        "FemaleStudents": "0",
        "SchoolCapacity": "400",
        "place_name": "مركز الرعاية المتطورة",
        "place_url": "https://www.google.com/maps/place/%D9%85%D8%B1%D9%83%D8%B2+%D8%A7%D9%84%D8%B1%D8%B9%D8%A7%D9%8A%D8%A9+%D8%A7%D9%84%D9%85%D8%AA%D8%B7%D9%88%D8%B1%D8%A9%E2%80%AD/@21.324881,39.7049856,11z/data=!4m6!3m5!1s0x15c3d8ed9d8392db:0x8b505481b599f523!8m2!3d21.6948844!4d39.1006492!16s%2Fg%2F11hd5f2cpt?entry=ttu&g_ep=EgoyMDI2MDUxMy4wIKXMDSoASAFQAw%3D%3D",
        "place_category": "مؤسسة تعليمية",
        "place_address": "6874، 3624 نعمان بن مالك، حي المرجان جدة 23715",
        "place_rating": 4.1,
        "place_review_count": 36
      }
    },
    {
      "type": "Feature",
      "geometry": null,
      "properties": {
        "School": "مركز خطوات للرعاية النهارية",
        "Region": "منطقة المدينة المنورة",
        "City": "المدينة المنورة",
        "Type": "مركز شامل",
        "Gender": "اناث",
        "MaleStudents": "0",
        "FemaleStudents": "93",
        "SchoolCapacity": "200"
      }
    },
    {
      "type": "Feature",
      "geometry": {
        "type": "Point",
        "coordinates": [
          46.5869071,
          24.7757151
        ]
      },
      "properties": {
        "School": "المركز السعودي لمتلازمة داون - إناث",
        "Region": "منطقة الريـــاض",
        "City": "الرياض",
        "Type": "مركز متلازمه داون",
        "Gender": "اناث",
        "MaleStudents": "0",
        "FemaleStudents": "84",
        "SchoolCapacity": "198",
        "place_name": "جمعية صوت متلازمة داون",
        "place_url": "https://www.google.com/maps/place/%D8%AC%D9%85%D8%B9%D9%8A%D8%A9+%D8%B5%D9%88%D8%AA+%D9%85%D8%AA%D9%84%D8%A7%D8%B2%D9%85%D8%A9+%D8%AF%D8%A7%D9%88%D9%86%E2%80%AD/@24.7757151,46.589482,17z/data=!3m1!4b1!4m6!3m5!1s0x3e2ee15ba5623ac1:0xbca94acb47ded595!8m2!3d24.7757151!4d46.5869071!16s%2Fg%2F11c4804nqn?entry=ttu&g_ep=EgoyMDI2MDUxMy4wIKXMDSoASAFQAw%3D%3D",
        "place_category": "مؤسسة خيرية",
        "place_address": "الكفاح، حطين، 24°46'34.7\"N 46°35'11., الرياض",
        "place_rating": 4.2,
        "place_review_count": 68
      }
    },
    {
      "type": "Feature",
      "geometry": {
        "type": "Point",
        "coordinates": [
          47.2944276,
          24.1455837
        ]
      },
      "properties": {
        "School": "مركز جذا للرعاية النهارية",
        "Region": "منطقة الريـــاض",
        "City": "محافظة الخرج",
        "Type": "مركز شامل",
        "Gender": "اناث",
        "MaleStudents": "0",
        "FemaleStudents": "53",
        "SchoolCapacity": "101",
        "place_name": "مركز جذا لذوي الإعاقة بالسيح",
        "place_url": "https://www.google.com/maps/place/%D9%85%D8%B1%D9%83%D8%B2+%D8%AC%D8%B0%D8%A7+%D9%84%D8%B0%D9%88%D9%8A+%D8%A7%D9%84%D8%A5%D8%B9%D8%A7%D9%82%D8%A9+%D8%A8%D8%A7%D9%84%D8%B3%D9%8A%D8%AD%E2%80%AD/@24.1455837,47.2970025,17z/data=!3m1!4b1!4m6!3m5!1s0x3e254f6245b89c8f:0x1e26b478367d359e!8m2!3d24.1455837!4d47.2944276!16s%2Fg%2F11dxbnpgyt?entry=ttu&g_ep=EgoyMDI2MDUxMy4wIKXMDSoASAFQAw%3D%3D",
        "place_category": "مركز تدريب",
        "place_address": "العزيزية، الخرج 16275",
        "place_rating": 4.5,
        "place_review_count": 41
      }
    },
    {
      "type": "Feature",
      "geometry": {
        "type": "Point",
        "coordinates": [
          46.7135667,
          24.7564041
        ]
      },
      "properties": {
        "School": "شركة مجال العناية",
        "Region": "منطقة الريـــاض",
        "City": "الرياض",
        "Type": "مركز شامل",
        "Gender": "ذكور",
        "MaleStudents": "22",
        "FemaleStudents": "0",
        "SchoolCapacity": "128",
        "place_name": "مركز مجال العناية للرعاية النهارية",
        "place_url": "https://www.google.com/maps/place/%D9%85%D8%B1%D9%83%D8%B2+%D9%85%D8%AC%D8%A7%D9%84+%D8%A7%D9%84%D8%B9%D9%86%D8%A7%D9%8A%D8%A9+%D9%84%D9%84%D8%B1%D8%B9%D8%A7%D9%8A%D8%A9+%D8%A7%D9%84%D9%86%D9%87%D8%A7%D8%B1%D9%8A%D8%A9%E2%80%AD/@24.7564041,46.7496156,14z/data=!4m10!1m2!2m1!1z2LTYsdmD2Kkg2YXYrNin2YQg2KfZhNi52YbYp9mK2KksINin2YTYsdmK2KfYtiwg2YXZhti32YLYqSDYp9mE2LHZitmA2YDZgNin2LY!3m6!1s0x3e2f038f61669cbd:0xe18b3f0551950421!8m2!3d24.7564041!4d46.7135667!15sCk3YtNix2YPYqSDZhdis2KfZhCDYp9mE2LnZhtin2YrYqSwg2KfZhNix2YrYp9i2LCDZhdmG2LfZgtipINin2YTYsdmK2YDZgNmA2KfYtlpHIkXYtNix2YPYqSDZhdis2KfZhCDYp9mE2LnZhtin2YrYqSDYp9mE2LHZitin2LYg2YXZhti32YLYqSDYp9mE2LHZitin2LaSARVyZWhhYmlsaXRhdGlvbl9jZW50ZXKaAURDaTlEUVVsUlFVTnZaRU5vZEhsalJqbHZUMjFrYjFKRWJGRmpiRVpWVG0xR1FtUnROVFphZW1NeFltcEtXbEpHUlJBQuABAPoBBQjfARAz!16s%2Fg%2F11yt2sjvk_?entry=ttu&g_ep=EgoyMDI2MDUxMy4wIKXMDSoASAFQAw%3D%3D",
        "place_category": "مركز إعادة التأهيل",
        "place_address": "سعد بن بيشان، النزهة، الرياض 12472",
        "place_rating": 4.2,
        "place_review_count": 4
      }
    },
    {
      "type": "Feature",
      "geometry": null,
      "properties": {
        "School": "المركز الوطني الشامل للرعاية النهارية",
        "Region": "منطقة مكة المكرمـة",
        "City": "محافظة جدة",
        "Type": "مركز شامل",
        "Gender": "اناث",
        "MaleStudents": "0",
        "FemaleStudents": "86",
        "SchoolCapacity": "176"
      }
    },
    {
      "type": "Feature",
      "geometry": {
        "type": "Point",
        "coordinates": [
          41.6931353,
          27.5138756
        ]
      },
      "properties": {
        "School": "مركز تمكين الخامس للرعاية النهارية",
        "Region": "منطقة حائــــل",
        "City": "حائل",
        "Type": "",
        "Gender": "0",
        "MaleStudents": "0",
        "FemaleStudents": "0",
        "SchoolCapacity": "0",
        "place_name": "مركز التمكين الشامل للرعاية النهارية حائل",
        "place_url": "https://www.google.com/maps/place/%D9%85%D8%B1%D9%83%D8%B2+%D8%A7%D9%84%D8%AA%D9%85%D9%83%D9%8A%D9%86+%D8%A7%D9%84%D8%B4%D8%A7%D9%85%D9%84+%D9%84%D9%84%D8%B1%D8%B9%D8%A7%D9%8A%D8%A9+%D8%A7%D9%84%D9%86%D9%87%D8%A7%D8%B1%D9%8A%D8%A9+%D8%AD%D8%A7%D8%A6%D9%84%E2%80%AD/@27.5138756,41.7021475,16z/data=!4m10!1m2!2m1!1z2YXYsdmD2LIg2KrZhdmD2YrZhiDYp9mE2K7Yp9mF2LMg2YTZhNix2LnYp9mK2Kkg2KfZhNmG2YfYp9ix2YrYqSwg2K3Yp9im2YQsINmF2YbYt9mC2Kkg2K3Yp9im2YDZgNmA2YDZhA!3m6!1s0x157647a9b6022d77:0xc89e79a1a65dacd!8m2!3d27.5138756!4d41.6931353!15sCmfZhdix2YPYsiDYqtmF2YPZitmGINin2YTYrtin2YXYsyDZhNmE2LHYudin2YrYqSDYp9mE2YbZh9in2LHZitipLCDYrdin2KbZhCwg2YXZhti32YLYqSDYrdin2KbZgNmA2YDZgNmEWl8iXdmF2LHZg9iyINiq2YXZg9mK2YYg2KfZhNiu2KfZhdizINmE2YTYsdi52KfZitipINin2YTZhtmH2KfYsdmK2Kkg2K3Yp9im2YQg2YXZhti32YLYqSDYrdin2KbZhJIBEGVkdWNhdGlvbl9jZW50ZXKaAURDaTlEUVVsUlFVTnZaRU5vZEhsalJqbHZUMnRPVmxOVlpFMVpWazVUVWtaQ01Gb3dPVTFsVmxKeFpGaEdORTFyUlJBQuABAPoBBQiXARBI!16s%2Fg%2F11ypgbjlx7?entry=ttu&g_ep=EgoyMDI2MDUxMy4wIKXMDSoASAFQAw%3D%3D",
        "place_category": "المركز التعليمي",
        "place_address": "ابن خلدون، المحطة، حائل 55421",
        "place_rating": 5.0,
        "place_review_count": 5
      }
    },
    {
      "type": "Feature",
      "geometry": {
        "type": "Point",
        "coordinates": [
          46.6286756,
          24.7695155
        ]
      },
      "properties": {
        "School": "مركز ظلال للرعاية النهارية - حي العقيق",
        "Region": "منطقة الريـــاض",
        "City": "الرياض",
        "Type": "مركز شامل",
        "Gender": "اناث",
        "MaleStudents": "0",
        "FemaleStudents": "46",
        "SchoolCapacity": "118",
        "place_name": "مركز ظلال الرعاية النهارية",
        "place_url": "https://www.google.com/maps/place/%D9%85%D8%B1%D9%83%D8%B2+%D8%B8%D9%84%D8%A7%D9%84+%D8%A7%D9%84%D8%B1%D8%B9%D8%A7%D9%8A%D8%A9+%D8%A7%D9%84%D9%86%D9%87%D8%A7%D8%B1%D9%8A%D8%A9%E2%80%AD/@24.7695155,46.6312505,17z/data=!3m1!4b1!4m6!3m5!1s0x3e2ee39b13f25795:0xf290dc7fe5ea82b1!8m2!3d24.7695155!4d46.6286756!16s%2Fg%2F11ltq945cl?entry=ttu&g_ep=EgoyMDI2MDUxMy4wIKXMDSoASAFQAw%3D%3D",
        "place_category": "مركز رعاية الطفل",
        "place_address": "الانتصار، العقيق، الرياض 13314",
        "place_rating": 4.7,
        "place_review_count": 52
      }
    },
    {
      "type": "Feature",
      "geometry": null,
      "properties": {
        "School": "مركز التمكين الشامل للرعاية النهارية",
        "Region": "المنطقة الشرقيـــة",
        "City": "محافظة أبقيق",
        "Type": "مركز شامل",
        "Gender": "اناث",
        "MaleStudents": "0",
        "FemaleStudents": "77",
        "SchoolCapacity": "150"
      }
    },
    {
      "type": "Feature",
      "geometry": null,
      "properties": {
        "School": "مركز كنوز ثمينة للرعاية النهارية",
        "Region": "منطقة تبـــوك",
        "City": "تبوك",
        "Type": "مركز شامل",
        "Gender": "ذكور",
        "MaleStudents": "143",
        "FemaleStudents": "0",
        "SchoolCapacity": "183"
      }
    },
    {
      "type": "Feature",
      "geometry": {
        "type": "Point",
        "coordinates": [
          42.481588,
          18.2294817
        ]
      },
      "properties": {
        "School": "مركز عبور للرعاية النهارية",
        "Region": "منطقة عسيــر",
        "City": "محافظة محايل عسير",
        "Type": "مركز شامل",
        "Gender": "ذكور",
        "MaleStudents": "120",
        "FemaleStudents": "0",
        "SchoolCapacity": "200",
        "place_name": "مركز عبور للرعاية النهارية فرع أبها",
        "place_url": "https://www.google.com/maps/place/%D9%85%D8%B1%D9%83%D8%B2+%D8%B9%D8%A8%D9%88%D8%B1+%D9%84%D9%84%D8%B1%D8%B9%D8%A7%D9%8A%D8%A9+%D8%A7%D9%84%D9%86%D9%87%D8%A7%D8%B1%D9%8A%D8%A9+%D9%81%D8%B1%D8%B9+%D8%A3%D8%A8%D9%87%D8%A7%E2%80%AD/@18.2294817,42.7699791,11z/data=!4m10!1m2!2m1!1z2YXYsdmD2LIg2LnYqNmI2LEg2YTZhNix2LnYp9mK2Kkg2KfZhNmG2YfYp9ix2YrYqSwg2YXYrdin2YHYuNipINmF2K3Yp9mK2YQg2LnYs9mK2LEsINmF2YbYt9mC2Kkg2LnYs9mK2YDZgNix!3m6!1s0x15e35576662f59cf:0x4e8aea2a1af4c8a6!8m2!3d18.2294817!4d42.481588!15sCmzZhdix2YPYsiDYudio2YjYsSDZhNmE2LHYudin2YrYqSDYp9mE2YbZh9in2LHZitipLCDZhdit2KfZgdi42Kkg2YXYrdin2YrZhCDYudiz2YrYsSwg2YXZhti32YLYqSDYudiz2YrZgNmA2LFaaCJm2YXYsdmD2LIg2LnYqNmI2LEg2YTZhNix2LnYp9mK2Kkg2KfZhNmG2YfYp9ix2YrYqSDZhdit2KfZgdi42Kkg2YXYrdin2YrZhCDYudiz2YrYsSDZhdmG2LfZgtipINi52LPZitixkgEVYWR1bHRfZGF5X2NhcmVfY2VudGVymgFEQ2k5RFFVbFJRVU52WkVOb2RIbGpSamx2VDIwNWFVeFlRazFXTW1jd1pFY3hhazVyZEZsWlYwNVlWVzVTVkZNeFJSQULgAQD6AQQIABA_!16s%2Fg%2F11k3hhy1ms?entry=ttu&g_ep=EgoyMDI2MDUxMy4wIKXMDSoASAFQAw%3D%3D",
        "place_category": "مركز رعاية نهارية للكبار",
        "place_address": "7247 طريق سرد بن عبدالله الازدي، الخالدية، أبها 62541",
        "place_rating": 4.8,
        "place_review_count": 4
      }
    },
    {
      "type": "Feature",
      "geometry": {
        "type": "Point",
        "coordinates": [
          44.2257165,
          17.5682726
        ]
      },
      "properties": {
        "School": "مركز مهارات المستقبل للرعاية النهارية",
        "Region": "منطقة نجـــران",
        "City": "محافظة يدمة",
        "Type": "مركز شامل",
        "Gender": "اناث",
        "MaleStudents": "0",
        "FemaleStudents": "46",
        "SchoolCapacity": "60",
        "place_name": "مركز مهارات المستقبل للرعاية النهارية",
        "place_url": "https://www.google.com/maps/place/%D9%85%D8%B1%D9%83%D8%B2+%D9%85%D9%87%D8%A7%D8%B1%D8%A7%D8%AA+%D8%A7%D9%84%D9%85%D8%B3%D8%AA%D9%82%D8%A8%D9%84+%D9%84%D9%84%D8%B1%D8%B9%D8%A7%D9%8A%D8%A9+%D8%A7%D9%84%D9%86%D9%87%D8%A7%D8%B1%D9%8A%D8%A9%E2%80%AD/@17.5987715,44.5224861,11z/data=!4m10!1m2!2m1!1z2YXYsdmD2LIg2YXZh9in2LHYp9iqINin2YTZhdiz2KrZgtio2YQg2YTZhNix2LnYp9mK2Kkg2KfZhNmG2YfYp9ix2YrYqSwg2YXYrdin2YHYuNipINmK2K_ZhdipLCDZhdmG2LfZgtipINmG2KzZgNmA2YDYsdin2YY!3m6!1s0x15fec326f0eb2d97:0x639710e2a81e2e98!8m2!3d17.5682726!4d44.2257165!15sCnrZhdix2YPYsiDZhdmH2KfYsdin2Kog2KfZhNmF2LPYqtmC2KjZhCDZhNmE2LHYudin2YrYqSDYp9mE2YbZh9in2LHZitipLCDZhdit2KfZgdi42Kkg2YrYr9mF2KksINmF2YbYt9mC2Kkg2YbYrNmA2YDZgNix2KfZhpIBD2RheV9jYXJlX2NlbnRlcuABAA!16s%2Fg%2F11fn4b2t3b?entry=ttu&g_ep=EgoyMDI2MDUxMy4wIKXMDSoASAFQAw%3D%3D",
        "place_category": "مركز لرعاية الأطفال",
        "place_address": "7384، نجران 66252 4934،",
        "place_rating": 4.1,
        "place_review_count": 4
      }
    },
    {
      "type": "Feature",
      "geometry": null,
      "properties": {
        "School": "مركز عبور للرعاية النهارية",
        "Region": "منطقة الجـــوف",
        "City": "سكاكا",
        "Type": "مركز شامل",
        "Gender": "اناث",
        "MaleStudents": "0",
        "FemaleStudents": "98",
        "SchoolCapacity": "200"
      }
    },
    {
      "type": "Feature",
      "geometry": {
        "type": "Point",
        "coordinates": [
          39.6336435,
          24.4735518
        ]
      },
      "properties": {
        "School": "مركز تمكين المدينة لرعاية ذوي الاحتياجات الخاصة",
        "Region": "منطقة المدينة المنورة",
        "City": "المدينة المنورة",
        "Type": "مركز شامل",
        "Gender": "اناث",
        "MaleStudents": "0",
        "FemaleStudents": "0",
        "SchoolCapacity": "87",
        "place_name": "مركز التمكين الشامل للرعاية النهارية",
        "place_url": "https://www.google.com/maps/place/%D9%85%D8%B1%D9%83%D8%B2+%D8%A7%D9%84%D8%AA%D9%85%D9%83%D9%8A%D9%86+%D8%A7%D9%84%D8%B4%D8%A7%D9%85%D9%84+%D9%84%D9%84%D8%B1%D8%B9%D8%A7%D9%8A%D8%A9+%D8%A7%D9%84%D9%86%D9%87%D8%A7%D8%B1%D9%8A%D8%A9%E2%80%AD/@24.4566517,39.6722321,14z/data=!4m10!1m2!2m1!1z2YXYsdmD2LIg2KrZhdmD2YrZhiDYp9mE2YXYr9mK2YbYqSDZhNix2LnYp9mK2Kkg2LDZiNmKINin2YTYp9it2KrZitin2KzYp9iqINin2YTYrtin2LXYqSwg2KfZhNmF2K_ZitmG2Kkg2KfZhNmF2YbZiNix2KksINmF2YbYt9mC2Kkg2KfZhNmF2K_ZitmG2Kkg2KfZhNmF2YbZiNix2Kk!3m6!1s0x15bdbf065e77c9f7:0x4a9192332d0d9ed4!8m2!3d24.4735518!4d39.6336435!15sCqEB2YXYsdmD2LIg2KrZhdmD2YrZhiDYp9mE2YXYr9mK2YbYqSDZhNix2LnYp9mK2Kkg2LDZiNmKINin2YTYp9it2KrZitin2KzYp9iqINin2YTYrtin2LXYqSwg2KfZhNmF2K_ZitmG2Kkg2KfZhNmF2YbZiNix2KksINmF2YbYt9mC2Kkg2KfZhNmF2K_ZitmG2Kkg2KfZhNmF2YbZiNix2KlaogEinwHZhdix2YPYsiDYqtmF2YPZitmGINin2YTZhdiv2YrZhtipINmE2LHYudin2YrYqSDYsNmI2Yog2KfZhNin2K3YqtmK2KfYrNin2Kog2KfZhNiu2KfYtdipINin2YTZhdiv2YrZhtipINin2YTZhdmG2YjYsdipINmF2YbYt9mC2Kkg2KfZhNmF2K_ZitmG2Kkg2KfZhNmF2YbZiNix2KmSARBlZHVjYXRpb25fY2VudGVymgEkQ2hkRFNVaE5NRzluUzBWSlEwRm5TVU14TVhaZmVubG5SUkFC4AEA-gEECAAQPw!16s%2Fg%2F11v3pqs45_?entry=ttu&g_ep=EgoyMDI2MDUxMy4wIKXMDSoASAFQAw%3D%3D",
        "place_category": "المركز التعليمي",
        "place_address": "العريض، المدينة المنورة 42314",
        "place_rating": 5.0,
        "place_review_count": 5
      }
    },
    {
      "type": "Feature",
      "geometry": {
        "type": "Point",
        "coordinates": [
          46.6675627,
          24.6548249
        ]
      },
      "properties": {
        "School": "مركز العباقرة للرعاية النهاريه",
        "Region": "منطقة الريـــاض",
        "City": "الرياض",
        "Type": "مركز شامل",
        "Gender": "اناث",
        "MaleStudents": "0",
        "FemaleStudents": "77",
        "SchoolCapacity": "122",
        "place_name": "مركز العباقرة للرعاية النهارية للمعاقين",
        "place_url": "https://www.google.com/maps/place/%D9%85%D8%B1%D9%83%D8%B2+%D8%A7%D9%84%D8%B9%D8%A8%D8%A7%D9%82%D8%B1%D8%A9+%D9%84%D9%84%D8%B1%D8%B9%D8%A7%D9%8A%D8%A9+%D8%A7%D9%84%D9%86%D9%87%D8%A7%D8%B1%D9%8A%D8%A9+%D9%84%D9%84%D9%85%D8%B9%D8%A7%D9%82%D9%8A%D9%86%E2%80%AD/@24.6548249,46.6701376,17z/data=!3m1!4b1!4m6!3m5!1s0x3e2f1b25bda810ef:0x88196e4410b7e88f!8m2!3d24.6548249!4d46.6675627!16s%2Fg%2F11x33j8zqd?entry=ttu&g_ep=EgoyMDI2MDUxMy4wIKXMDSoASAFQAw%3D%3D",
        "place_category": "مركز رعاية نهارية للكبار",
        "place_address": "حي، الشرفية، الرياض 12725",
        "place_rating": 4.1,
        "place_review_count": 27
      }
    },
    {
      "type": "Feature",
      "geometry": {
        "type": "Point",
        "coordinates": [
          46.6625424,
          24.6707281
        ]
      },
      "properties": {
        "School": "مركز الأمير ناصر بن عبدالعزيز للتوحد للرعاية النهارية",
        "Region": "منطقة الريـــاض",
        "City": "الرياض",
        "Type": "مركز توحد",
        "Gender": "اناث",
        "MaleStudents": "0",
        "FemaleStudents": "145",
        "SchoolCapacity": "200",
        "place_name": "مركز الأمير ناصر بن عبدالعزيز للتوحد",
        "place_url": "https://www.google.com/maps/place/%D9%85%D8%B1%D9%83%D8%B2+%D8%A7%D9%84%D8%A3%D9%85%D9%8A%D8%B1+%D9%86%D8%A7%D8%B5%D8%B1+%D8%A8%D9%86+%D8%B9%D8%A8%D8%AF%D8%A7%D9%84%D8%B9%D8%B2%D9%8A%D8%B2+%D9%84%D9%84%D8%AA%D9%88%D8%AD%D8%AF%E2%80%AD/@24.6707281,46.6651173,17z/data=!3m1!4b1!4m6!3m5!1s0x3e2f1caf08f5e1ff:0xa2f135b7b6da41a5!8m2!3d24.6707281!4d46.6625424!16s%2Fg%2F11b5wkdf7f?entry=ttu&g_ep=EgoyMDI2MDUxMy4wIKXMDSoASAFQAw%3D%3D",
        "place_category": "منظمة خدمات ودعم الإعاقة",
        "place_address": "الطيور، المعذر، الرياض 12721",
        "place_rating": 4.3,
        "place_review_count": 4
      }
    },
    {
      "type": "Feature",
      "geometry": {
        "type": "Point",
        "coordinates": [
          39.1782093,
          21.5963195
        ]
      },
      "properties": {
        "School": "مركز نجود للرعاية النهارية",
        "Region": "منطقة مكة المكرمـة",
        "City": "محافظة جدة",
        "Type": "مركز شامل",
        "Gender": "اناث",
        "MaleStudents": "0",
        "FemaleStudents": "91",
        "SchoolCapacity": "93",
        "place_name": "مركز نجود للرعاية النهارية للمعاقين",
        "place_url": "https://www.google.com/maps/place/%D9%85%D8%B1%D9%83%D8%B2+%D9%86%D8%AC%D9%88%D8%AF+%D9%84%D9%84%D8%B1%D8%B9%D8%A7%D9%8A%D8%A9+%D8%A7%D9%84%D9%86%D9%87%D8%A7%D8%B1%D9%8A%D8%A9+%D9%84%D9%84%D9%85%D8%B9%D8%A7%D9%82%D9%8A%D9%86%E2%80%AD/@21.5963195,39.1807842,17z/data=!3m1!4b1!4m6!3m5!1s0x15c3d0e4ab87e6cb:0xdd1c194717ace347!8m2!3d21.5963195!4d39.1782093!16s%2Fg%2F11c1sk1282?entry=ttu&g_ep=EgoyMDI2MDUxMy4wIKXMDSoASAFQAw%3D%3D",
        "place_category": "مدرسة تعليم خاص",
        "place_address": "عامر بن ثابت, AR Rabwah District، جدة 23448",
        "place_rating": 4.7,
        "place_review_count": 77
      }
    },
    {
      "type": "Feature",
      "geometry": {
        "type": "Point",
        "coordinates": [
          46.668233,
          24.6689433
        ]
      },
      "properties": {
        "School": "مركز الرياض التخصصي للتأهيل",
        "Region": "منطقة الريـــاض",
        "City": "الرياض",
        "Type": "مركز شامل",
        "Gender": "اناث",
        "MaleStudents": "0",
        "FemaleStudents": "387",
        "SchoolCapacity": "800",
        "place_name": "مركز الرياض التخصصي للتأهيل",
        "place_url": "https://www.google.com/maps/place/%D9%85%D8%B1%D9%83%D8%B2+%D8%A7%D9%84%D8%B1%D9%8A%D8%A7%D8%B6+%D8%A7%D9%84%D8%AA%D8%AE%D8%B5%D8%B5%D9%8A+%D9%84%D9%84%D8%AA%D8%A3%D9%87%D9%8A%D9%84%E2%80%AD/@24.6689433,46.6862574,15z/data=!4m10!1m2!2m1!1z2YXYsdmD2LIg2KfZhNix2YrYp9i2INin2YTYqtiu2LXYtdmKINmE2YTYqtij2YfZitmELCDYp9mE2LHZitin2LYsINmF2YbYt9mC2Kkg2KfZhNix2YrZgNmA2YDYp9i2!3m6!1s0x3e2f1d21552c82db:0xf909e99bea32d1d1!8m2!3d24.6689433!4d46.668233!15sCmDZhdix2YPYsiDYp9mE2LHZitin2LYg2KfZhNiq2K7Ytdi12Yog2YTZhNiq2KPZh9mK2YQsINin2YTYsdmK2KfYtiwg2YXZhti32YLYqSDYp9mE2LHZitmA2YDZgNin2LaSARBlZHVjYXRpb25fY2VudGVy4AEA!16s%2Fg%2F11khvylt5_?entry=ttu&g_ep=EgoyMDI2MDUxMy4wIKXMDSoASAFQAw%3D%3D",
        "place_category": "المركز التعليمي",
        "place_address": "8180 طريق الامير تركي بن عبدالعزيز الأول، المعذر، 4547، الرياض 12721",
        "place_rating": 4.3,
        "place_review_count": 4
      }
    },
    {
      "type": "Feature",
      "geometry": {
        "type": "Point",
        "coordinates": [
          46.7932758,
          24.7455979
        ]
      },
      "properties": {
        "School": "مركز بسمة أمل للرعاية النهارية",
        "Region": "منطقة الريـــاض",
        "City": "الرياض",
        "Type": "مركز شامل",
        "Gender": "اناث",
        "MaleStudents": "0",
        "FemaleStudents": "27",
        "SchoolCapacity": "51",
        "place_name": "مركز بسمة أمل للرعاية النهارية",
        "place_url": "https://www.google.com/maps/place/%D9%85%D8%B1%D9%83%D8%B2+%D8%A8%D8%B3%D9%85%D8%A9+%D8%A3%D9%85%D9%84+%D9%84%D9%84%D8%B1%D8%B9%D8%A7%D9%8A%D8%A9+%D8%A7%D9%84%D9%86%D9%87%D8%A7%D8%B1%D9%8A%D8%A9%E2%80%AD/@24.7455979,46.7958507,17z/data=!3m1!4b1!4m6!3m5!1s0x3e2f00f90f715bdb:0x124fe2bc7c269d14!8m2!3d24.7455979!4d46.7932758!16s%2Fg%2F11bzscq7z1?entry=ttu&g_ep=EgoyMDI2MDUxMy4wIKXMDSoASAFQAw%3D%3D",
        "place_category": "مؤسسة تعليمية",
        "place_address": "PQWV+68J، الاندلس، الرياض 13212",
        "place_rating": 3.8,
        "place_review_count": 77
      }
    },
    {
      "type": "Feature",
      "geometry": {
        "type": "Point",
        "coordinates": [
          46.7509665,
          24.788557
        ]
      },
      "properties": {
        "School": "مركز الأوائل للرعاية النهارية - فرع الشفاء",
        "Region": "منطقة الريـــاض",
        "City": "الرياض",
        "Type": "مركز شامل",
        "Gender": "ذكور",
        "MaleStudents": "138",
        "FemaleStudents": "0",
        "SchoolCapacity": "322",
        "place_name": "مركز الاوائل للرعاية النهاريه فرع غرناطه",
        "place_url": "https://www.google.com/maps/place/%D9%85%D8%B1%D9%83%D8%B2+%D8%A7%D9%84%D8%A7%D9%88%D8%A7%D8%A6%D9%84+%D9%84%D9%84%D8%B1%D8%B9%D8%A7%D9%8A%D8%A9+%D8%A7%D9%84%D9%86%D9%87%D8%A7%D8%B1%D9%8A%D9%87+%D9%81%D8%B1%D8%B9+%D8%BA%D8%B1%D9%86%D8%A7%D8%B7%D9%87%E2%80%AD/@24.788557,47.0393576,11z/data=!4m10!1m2!2m1!1z2YXYsdmD2LIg2KfZhNij2YjYp9im2YQg2YTZhNix2LnYp9mK2Kkg2KfZhNmG2YfYp9ix2YrYqSAtINmB2LHYuSDYp9mE2LTZgdin2KEsINin2YTYsdmK2KfYtiwg2YXZhti32YLYqSDYp9mE2LHZitmA2YDZgNin2LY!3m6!1s0x3e2eff8b0c188325:0x4795a9a21d9a8fbb!8m2!3d24.788557!4d46.7509665!15sCnrZhdix2YPYsiDYp9mE2KPZiNin2KbZhCDZhNmE2LHYudin2YrYqSDYp9mE2YbZh9in2LHZitipIC0g2YHYsdi5INin2YTYtNmB2KfYoSwg2KfZhNix2YrYp9i2LCDZhdmG2LfZgtipINin2YTYsdmK2YDZgNmA2KfYtlpyInDZhdix2YPYsiDYp9mE2KPZiNin2KbZhCDZhNmE2LHYudin2YrYqSDYp9mE2YbZh9in2LHZitipINmB2LHYuSDYp9mE2LTZgdin2KEg2KfZhNix2YrYp9i2INmF2YbYt9mC2Kkg2KfZhNix2YrYp9i2kgEPY3JhbW1pbmdfc2Nob29smgEjQ2haRFNVaE5NRzluUzBWSmNXd3hkSEZMYW5SeFdVTm5FQUXgAQD6AQQIABBJ!16s%2Fg%2F11l1dgn1mr?entry=ttu&g_ep=EgoyMDI2MDUxMy4wIKXMDSoASAFQAw%3D%3D",
        "place_category": "المدرسة التأهيلية",
        "place_address": "سراقة بن عمرو، غرناطة، الرياض 13242",
        "place_rating": 4.6,
        "place_review_count": 4
      }
    },
    {
      "type": "Feature",
      "geometry": null,
      "properties": {
        "School": "مركز ذكاء الطفل للرعاية النهارية",
        "Region": "المنطقة الشرقيـــة",
        "City": "محافظة الاحساء",
        "Type": "مركز شامل",
        "Gender": "اناث",
        "MaleStudents": "0",
        "FemaleStudents": "87",
        "SchoolCapacity": "178"
      }
    },
    {
      "type": "Feature",
      "geometry": {
        "type": "Point",
        "coordinates": [
          43.5387279,
          29.6415902
        ]
      },
      "properties": {
        "School": "أجيال الشمال لللرعاية النهارية - فرع عرعر",
        "Region": "منطقة الحدود الشمالية",
        "City": "عرعر",
        "Type": "",
        "Gender": "0",
        "MaleStudents": "0",
        "FemaleStudents": "0",
        "SchoolCapacity": "0",
        "place_name": "مركز أجيال الشمال للرعاية النهارية في رفحاء",
        "place_url": "https://www.google.com/maps/place/%D9%85%D8%B1%D9%83%D8%B2+%D8%A3%D8%AC%D9%8A%D8%A7%D9%84+%D8%A7%D9%84%D8%B4%D9%85%D8%A7%D9%84+%D9%84%D9%84%D8%B1%D8%B9%D8%A7%D9%8A%D8%A9+%D8%A7%D9%84%D9%86%D9%87%D8%A7%D8%B1%D9%8A%D8%A9+%D9%81%D9%8A+%D8%B1%D9%81%D8%AD%D8%A7%D8%A1%E2%80%AD/@29.6415902,45.8458568,8z/data=!4m10!1m2!2m1!1z2KPYrNmK2KfZhCDYp9mE2LTZhdin2YQg2YTZhNmE2LHYudin2YrYqSDYp9mE2YbZh9in2LHZitipIC0g2YHYsdi5INi52LHYudixLCDYudix2LnYsSwg2YXZhti32YLYqSDYp9mE2K3Yr9mI2K8g2KfZhNi02YXYp9mE2YrYqQ!3m6!1s0x156467860810069d:0x956ecc006ccc1174!8m2!3d29.6415902!4d43.5387279!15sCn_Yo9is2YrYp9mEINin2YTYtNmF2KfZhCDZhNmE2YTYsdi52KfZitipINin2YTZhtmH2KfYsdmK2KkgLSDZgdix2Lkg2LnYsdi52LEsINi52LHYudixLCDZhdmG2LfZgtipINin2YTYrdiv2YjYryDYp9mE2LTZhdin2YTZitipWn0ie9ij2KzZitin2YQg2KfZhNi02YXYp9mEINmE2YTZhNix2LnYp9mK2Kkg2KfZhNmG2YfYp9ix2YrYqSDZgdix2Lkg2LnYsdi52LEg2LnYsdi52LEg2YXZhti32YLYqSDYp9mE2K3Yr9mI2K8g2KfZhNi02YXYp9mE2YrYqZIBD2xlYXJuaW5nX2NlbnRlcpoBI0NoWkRTVWhOTUc5blMwVktXRVJvTkhKTGFsbHVVR1IzRUFF4AEA-gEECAAQTA!16s%2Fg%2F11s2g48s_8?entry=ttu&g_ep=EgoyMDI2MDUxMy4wIKXMDSoASAFQAw%3D%3D",
        "place_category": "مركز تدريب",
        "place_address": "6812 شارع الامير عبدالله بن جلوي 2764،، رفحاء 76316",
        "place_rating": 5.0,
        "place_review_count": 5
      }
    },
    {
      "type": "Feature",
      "geometry": {
        "type": "Point",
        "coordinates": [
          42.8283359,
          17.1349385
        ]
      },
      "properties": {
        "School": "مركز إرادة انسان للرعاية النهارية",
        "Region": "منطقة جــازان",
        "City": "محافظة ضمد",
        "Type": "مركز شامل",
        "Gender": "اناث",
        "MaleStudents": "0",
        "FemaleStudents": "38",
        "SchoolCapacity": "55",
        "place_name": "مركز ارادة انسان للرعاية النهارية",
        "place_url": "https://www.google.com/maps/place/%D9%85%D8%B1%D9%83%D8%B2+%D8%A7%D8%B1%D8%A7%D8%AF%D8%A9+%D8%A7%D9%86%D8%B3%D8%A7%D9%86+%D9%84%D9%84%D8%B1%D8%B9%D8%A7%D9%8A%D8%A9+%D8%A7%D9%84%D9%86%D9%87%D8%A7%D8%B1%D9%8A%D8%A9%E2%80%AD/@17.1349385,42.8309108,17z/data=!3m1!4b1!4m6!3m5!1s0x15fd5dba839dc88b:0xb33a628af394bfaa!8m2!3d17.1349385!4d42.8283359!16s%2Fg%2F11kk13bnfb?entry=ttu&g_ep=EgoyMDI2MDUxMy4wIKXMDSoASAFQAw%3D%3D",
        "place_category": "المركز التعليمي",
        "place_address": "GKAB3411، 6911 الشقيرى 475، 3411، الشقيري 84817",
        "place_rating": 4.5,
        "place_review_count": 4
      }
    },
    {
      "type": "Feature",
      "geometry": {
        "type": "Point",
        "coordinates": [
          46.7061411,
          22.3114183
        ]
      },
      "properties": {
        "School": "مركز الشامل للرعاية النهارية",
        "Region": "منطقة الريـــاض",
        "City": "محافظة الأفلاج",
        "Type": "مركز شامل",
        "Gender": "كلا الجنسين",
        "MaleStudents": "62",
        "FemaleStudents": "60",
        "SchoolCapacity": "129",
        "place_name": "المركز الشامل للرعاية النهارية",
        "place_url": "https://www.google.com/maps/place/%D8%A7%D9%84%D9%85%D8%B1%D9%83%D8%B2+%D8%A7%D9%84%D8%B4%D8%A7%D9%85%D9%84+%D9%84%D9%84%D8%B1%D8%B9%D8%A7%D9%8A%D8%A9+%D8%A7%D9%84%D9%86%D9%87%D8%A7%D8%B1%D9%8A%D8%A9%E2%80%AD/@22.3114183,46.708716,17z/data=!3m1!4b1!4m6!3m5!1s0x3e225320271a794b:0x289e4b0a3d1e0c05!8m2!3d22.3114183!4d46.7061411!16s%2Fg%2F11s4_fj_4c?entry=ttu&g_ep=EgoyMDI2MDUxMy4wIKXMDSoASAFQAw%3D%3D",
        "place_category": "مركز رعاية اجتماعية",
        "place_address": "شارع عدي بن حاتم، الملك فهد، ليلى 16733",
        "place_rating": 5.0,
        "place_review_count": 3
      }
    },
    {
      "type": "Feature",
      "geometry": {
        "type": "Point",
        "coordinates": [
          46.6564836,
          24.8638959
        ]
      },
      "properties": {
        "School": "مركز عبور للرعاية النهارية - حي النرجس",
        "Region": "منطقة الريـــاض",
        "City": "الرياض",
        "Type": "مركز شامل",
        "Gender": "اناث",
        "MaleStudents": "0",
        "FemaleStudents": "111",
        "SchoolCapacity": "200",
        "place_name": "مركز عبور فرع النرجس",
        "place_url": "https://www.google.com/maps/place/%D9%85%D8%B1%D9%83%D8%B2+%D8%B9%D8%A8%D9%88%D8%B1+%D9%81%D8%B1%D8%B9+%D8%A7%D9%84%D9%86%D8%B1%D8%AC%D8%B3%E2%80%AD/@24.8638959,46.6590585,17z/data=!3m1!4b1!4m6!3m5!1s0x3e2ee51f2901a0f3:0x282ca940f6664628!8m2!3d24.8638959!4d46.6564836!16s%2Fg%2F11s6t231_0?entry=ttu&g_ep=EgoyMDI2MDUxMy4wIKXMDSoASAFQAw%3D%3D",
        "place_category": "المركز التعليمي",
        "place_address": "VM74+HH5، VM74+HH5،، النرجس،، الرياض 13333،",
        "place_rating": 4.2,
        "place_review_count": 65
      }
    },
    {
      "type": "Feature",
      "geometry": {
        "type": "Point",
        "coordinates": [
          42.8235982,
          18.1763076
        ]
      },
      "properties": {
        "School": "مركز بناء وعطاء للرعاية النهارية",
        "Region": "منطقة عسيــر",
        "City": "محافظة أحد رفيدة",
        "Type": "مركز شامل",
        "Gender": "اناث",
        "MaleStudents": "0",
        "FemaleStudents": "95",
        "SchoolCapacity": "96",
        "place_name": "مركز بناء وعطاء",
        "place_url": "https://www.google.com/maps/place/%D9%85%D8%B1%D9%83%D8%B2+%D8%A8%D9%86%D8%A7%D8%A1+%D9%88%D8%B9%D8%B7%D8%A7%D8%A1%E2%80%AD/@18.1763076,42.8261731,17z/data=!3m1!4b1!4m6!3m5!1s0x15fca1df74c7434d:0x9c910a16d91c149c!8m2!3d18.1763076!4d42.8235982!16s%2Fg%2F11rzfvv6l7?entry=ttu&g_ep=EgoyMDI2MDUxMy4wIKXMDSoASAFQAw%3D%3D",
        "place_category": "مركز المدارس",
        "place_address": "طريق الملك خالد، المعلاة، أحد رفيدة 62238",
        "place_rating": 4.7,
        "place_review_count": 42
      }
    },
    {
      "type": "Feature",
      "geometry": {
        "type": "Point",
        "coordinates": [
          41.9794112,
          18.891247
        ]
      },
      "properties": {
        "School": "مركز نظرة تفاؤل للرعاية النهارية",
        "Region": "منطقة عسيــر",
        "City": "محافظة بارق",
        "Type": "مركز شامل",
        "Gender": "اناث",
        "MaleStudents": "0",
        "FemaleStudents": "54",
        "SchoolCapacity": "117",
        "place_name": "مركز نظرة تفاؤل للرعاية النهارية",
        "place_url": "https://www.google.com/maps/place/%D9%85%D8%B1%D9%83%D8%B2+%D9%86%D8%B8%D8%B1%D8%A9+%D8%AA%D9%81%D8%A7%D8%A4%D9%84+%D9%84%D9%84%D8%B1%D8%B9%D8%A7%D9%8A%D8%A9+%D8%A7%D9%84%D9%86%D9%87%D8%A7%D8%B1%D9%8A%D8%A9%E2%80%AD/@18.891247,41.9819861,17z/data=!3m1!4b1!4m6!3m5!1s0x15e4f9b207af5b99:0x2555b6443001d2e0!8m2!3d18.891247!4d41.9794112!16s%2Fg%2F11krdxc8hp?entry=ttu&g_ep=EgoyMDI2MDUxMy4wIKXMDSoASAFQAw%3D%3D",
        "place_category": "المركز التعليمي",
        "place_address": "VXRH+FQV، بارق 63897",
        "place_rating": 4.5,
        "place_review_count": 30
      }
    },
    {
      "type": "Feature",
      "geometry": {
        "type": "Point",
        "coordinates": [
          39.6683861,
          24.4465747
        ]
      },
      "properties": {
        "School": "مركز أيدي امنية للرعايه النهاريه",
        "Region": "منطقة المدينة المنورة",
        "City": "المدينة المنورة",
        "Type": "مركز شامل",
        "Gender": "اناث",
        "MaleStudents": "0",
        "FemaleStudents": "107",
        "SchoolCapacity": "109",
        "place_name": "مركز أيدي أمينة للرعاية النهارية",
        "place_url": "https://www.google.com/maps/place/%D9%85%D8%B1%D9%83%D8%B2+%D8%A3%D9%8A%D8%AF%D9%8A+%D8%A3%D9%85%D9%8A%D9%86%D8%A9+%D9%84%D9%84%D8%B1%D8%B9%D8%A7%D9%8A%D8%A9+%D8%A7%D9%84%D9%86%D9%87%D8%A7%D8%B1%D9%8A%D8%A9%E2%80%AD/@24.4465747,39.670961,17z/data=!3m1!4b1!4m6!3m5!1s0x15bd958d25b7b9ff:0xd6521dc117120718!8m2!3d24.4465747!4d39.6683861!16s%2Fg%2F11s54g894z?entry=ttu&g_ep=EgoyMDI2MDUxMy4wIKXMDSoASAFQAw%3D%3D",
        "place_category": "المركز التعليمي",
        "place_address": "DMPC2317، 2317 ابن عمار، 7639، حي وادي مذينب، المدينة المنورة 42364",
        "place_rating": 4.7,
        "place_review_count": 4
      }
    },
    {
      "type": "Feature",
      "geometry": null,
      "properties": {
        "School": "مركز الصدارة للرعاية النهارية",
        "Region": "المنطقة الشرقيـــة",
        "City": "الدمام",
        "Type": "",
        "Gender": "0",
        "MaleStudents": "0",
        "FemaleStudents": "0",
        "SchoolCapacity": "0"
      }
    },
    {
      "type": "Feature",
      "geometry": null,
      "properties": {
        "School": "مركز بداية النهارية لرعاية ذوي الاحتياجات الخاصة",
        "Region": "منطقة المدينة المنورة",
        "City": "المدينة المنورة",
        "Type": "",
        "Gender": "0",
        "MaleStudents": "0",
        "FemaleStudents": "0",
        "SchoolCapacity": "0"
      }
    },
    {
      "type": "Feature",
      "geometry": {
        "type": "Point",
        "coordinates": [
          44.2257165,
          17.5682726
        ]
      },
      "properties": {
        "School": "مركز مهارات المستفبل للرعاية النهارية فرع 4",
        "Region": "منطقة نجـــران",
        "City": "نجران",
        "Type": "",
        "Gender": "0",
        "MaleStudents": "0",
        "FemaleStudents": "0",
        "SchoolCapacity": "0",
        "place_name": "مركز مهارات المستقبل للرعاية النهارية",
        "place_url": "https://www.google.com/maps/place/%D9%85%D8%B1%D9%83%D8%B2+%D9%85%D9%87%D8%A7%D8%B1%D8%A7%D8%AA+%D8%A7%D9%84%D9%85%D8%B3%D8%AA%D9%82%D8%A8%D9%84+%D9%84%D9%84%D8%B1%D8%B9%D8%A7%D9%8A%D8%A9+%D8%A7%D9%84%D9%86%D9%87%D8%A7%D8%B1%D9%8A%D8%A9%E2%80%AD/@17.5987715,44.5224861,11z/data=!4m10!1m2!2m1!1z2YXYsdmD2LIg2YXZh9in2LHYp9iqINin2YTZhdiz2KrZgdio2YQg2YTZhNix2LnYp9mK2Kkg2KfZhNmG2YfYp9ix2YrYqSDZgdix2LkgNCwg2YbYrNix2KfZhiwg2YXZhti32YLYqSDZhtis2YDZgNmA2LHYp9mG!3m6!1s0x15fec326f0eb2d97:0x639710e2a81e2e98!8m2!3d17.5682726!4d44.2257165!15sCnjZhdix2YPYsiDZhdmH2KfYsdin2Kog2KfZhNmF2LPYqtmB2KjZhCDZhNmE2LHYudin2YrYqSDYp9mE2YbZh9in2LHZitipINmB2LHYuSA0LCDZhtis2LHYp9mGLCDZhdmG2LfZgtipINmG2KzZgNmA2YDYsdin2YZaciJw2YXYsdmD2LIg2YXZh9in2LHYp9iqINin2YTZhdiz2KrZgdio2YQg2YTZhNix2LnYp9mK2Kkg2KfZhNmG2YfYp9ix2YrYqSDZgdix2LkgNCDZhtis2LHYp9mGINmF2YbYt9mC2Kkg2YbYrNix2KfZhpIBD2RheV9jYXJlX2NlbnRlcpoBRENpOURRVWxSUVVOdlpFTm9kSGxqUmpsdlQyMHdNbFF3VWtKWmFrRTBURlY0VTFacWJITlNSazVRWkd4V2VFMXRZeEFC4AEA-gEECAAQKw!16s%2Fg%2F11fn4b2t3b?entry=ttu&g_ep=EgoyMDI2MDUxMy4wIKXMDSoASAFQAw%3D%3D",
        "place_category": "مركز لرعاية الأطفال",
        "place_address": "7384، نجران 66252 4934،",
        "place_rating": 4.1,
        "place_review_count": 4
      }
    },
    {
      "type": "Feature",
      "geometry": {
        "type": "Point",
        "coordinates": [
          46.7204455,
          24.7566636
        ]
      },
      "properties": {
        "School": "مركز الأوائل للرعاية النهارية  - فرع المغرزات",
        "Region": "منطقة الريـــاض",
        "City": "الرياض",
        "Type": "مركز شامل",
        "Gender": "اناث",
        "MaleStudents": "0",
        "FemaleStudents": "157",
        "SchoolCapacity": "376",
        "place_name": "مركز الاوائل للرعاية النهارية - فرع البنات",
        "place_url": "https://www.google.com/maps/place/%D9%85%D8%B1%D9%83%D8%B2+%D8%A7%D9%84%D8%A7%D9%88%D8%A7%D8%A6%D9%84+%D9%84%D9%84%D8%B1%D8%B9%D8%A7%D9%8A%D8%A9+%D8%A7%D9%84%D9%86%D9%87%D8%A7%D8%B1%D9%8A%D8%A9+-+%D9%81%D8%B1%D8%B9+%D8%A7%D9%84%D8%A8%D9%86%D8%A7%D8%AA%E2%80%AD/@24.7726089,46.7563056,14z/data=!4m10!1m2!2m1!1z2YXYsdmD2LIg2KfZhNij2YjYp9im2YQg2YTZhNix2LnYp9mK2Kkg2KfZhNmG2YfYp9ix2YrYqSAgLSDZgdix2Lkg2KfZhNmF2LrYsdiy2KfYqiwg2KfZhNix2YrYp9i2LCDZhdmG2LfZgtipINin2YTYsdmK2YDZgNmA2KfYtg!3m6!1s0x3e2f037d4aef59fd:0xea633e747c948010!8m2!3d24.7566636!4d46.7204455!15sCn_Zhdix2YPYsiDYp9mE2KPZiNin2KbZhCDZhNmE2LHYudin2YrYqSDYp9mE2YbZh9in2LHZitipICAtINmB2LHYuSDYp9mE2YXYutix2LLYp9iqLCDYp9mE2LHZitin2LYsINmF2YbYt9mC2Kkg2KfZhNix2YrZgNmA2YDYp9i2kgEVc29jaWFsX3dlbGZhcmVfY2VudGVy4AEA!16s%2Fg%2F11l6gyq2x2?entry=ttu&g_ep=EgoyMDI2MDUxMy4wIKXMDSoASAFQAw%3D%3D",
        "place_category": "مركز رعاية اجتماعية",
        "place_address": "QP4C+M58، المغرزات، الرياض 12481",
        "place_rating": 4.4,
        "place_review_count": 4
      }
    },
    {
      "type": "Feature",
      "geometry": {
        "type": "Point",
        "coordinates": [
          39.222662,
          21.5615943
        ]
      },
      "properties": {
        "School": "مركز أيثار للرعاية النهارية",
        "Region": "منطقة مكة المكرمـة",
        "City": "محافظة جدة",
        "Type": "مركز شامل",
        "Gender": "اناث",
        "MaleStudents": "0",
        "FemaleStudents": "181",
        "SchoolCapacity": "183",
        "place_name": "مركز إيثار للرعاية النهارية",
        "place_url": "https://www.google.com/maps/place/%D9%85%D8%B1%D9%83%D8%B2+%D8%A5%D9%8A%D8%AB%D8%A7%D8%B1+%D9%84%D9%84%D8%B1%D8%B9%D8%A7%D9%8A%D8%A9+%D8%A7%D9%84%D9%86%D9%87%D8%A7%D8%B1%D9%8A%D8%A9%E2%80%AD/@21.5615943,39.2252369,17z/data=!3m1!4b1!4m6!3m5!1s0x15c3d19be956c05f:0x299995f93130bbf8!8m2!3d21.5615943!4d39.222662!16s%2Fg%2F11c5fy1tv5?entry=ttu&g_ep=EgoyMDI2MDUxMy4wIKXMDSoASAFQAw%3D%3D",
        "place_category": "مركز لرعاية الأطفال",
        "place_address": "الحداوه، الرحاب، جدة 23345",
        "place_rating": 4.3,
        "place_review_count": 72
      }
    },
    {
      "type": "Feature",
      "geometry": null,
      "properties": {
        "School": "مركز التدخل المبكر للرعاية النهارية",
        "Region": "منطقة مكة المكرمـة",
        "City": "محافظة جدة",
        "Type": "مركز شامل",
        "Gender": "اناث",
        "MaleStudents": "0",
        "FemaleStudents": "42",
        "SchoolCapacity": "130"
      }
    },
    {
      "type": "Feature",
      "geometry": null,
      "properties": {
        "School": "مركز الأمل للرعاية النهارية",
        "Region": "منطقة مكة المكرمـة",
        "City": "مكة المكرمة",
        "Type": "مركز شامل",
        "Gender": "اناث",
        "MaleStudents": "0",
        "FemaleStudents": "162",
        "SchoolCapacity": "165"
      }
    },
    {
      "type": "Feature",
      "geometry": {
        "type": "Point",
        "coordinates": [
          46.7744704,
          24.7938872
        ]
      },
      "properties": {
        "School": "مركز تحدي وإبداع للرعاية النهارية",
        "Region": "منطقة الريـــاض",
        "City": "الرياض",
        "Type": "مركز شامل",
        "Gender": "اناث",
        "MaleStudents": "0",
        "FemaleStudents": "31",
        "SchoolCapacity": "69",
        "place_name": "مركز تحدي وابداع للرعاية النهارية",
        "place_url": "https://www.google.com/maps/place/%D9%85%D8%B1%D9%83%D8%B2+%D8%AA%D8%AD%D8%AF%D9%8A+%D9%88%D8%A7%D8%A8%D8%AF%D8%A7%D8%B9+%D9%84%D9%84%D8%B1%D8%B9%D8%A7%D9%8A%D8%A9+%D8%A7%D9%84%D9%86%D9%87%D8%A7%D8%B1%D9%8A%D8%A9%E2%80%AD/@24.7938872,46.7770453,17z/data=!3m1!4b1!4m6!3m5!1s0x3e2eff06bd2feb99:0xa4edf965e2b78d34!8m2!3d24.7938872!4d46.7744704!16s%2Fg%2F11wc9qcm3w?entry=ttu&g_ep=EgoyMDI2MDUxMy4wIKXMDSoASAFQAw%3D%3D",
        "place_category": "مؤسسة تعليمية",
        "place_address": "القبة، اشبيلية، الرياض 13225",
        "place_rating": 5.0,
        "place_review_count": 3
      }
    },
    {
      "type": "Feature",
      "geometry": null,
      "properties": {
        "School": "مركز عبور للرعاية النهارية - فرع العزيزية",
        "Region": "منطقة الريـــاض",
        "City": "الرياض",
        "Type": "مركز شامل",
        "Gender": "اناث",
        "MaleStudents": "0",
        "FemaleStudents": "144",
        "SchoolCapacity": "288"
      }
    },
    {
      "type": "Feature",
      "geometry": {
        "type": "Point",
        "coordinates": [
          39.6063287,
          24.3795316
        ]
      },
      "properties": {
        "School": "مركز اعادة أمل للرعاية النهارية",
        "Region": "منطقة المدينة المنورة",
        "City": "المدينة المنورة",
        "Type": "مركز شامل",
        "Gender": "اناث",
        "MaleStudents": "0",
        "FemaleStudents": "75",
        "SchoolCapacity": "288",
        "place_name": "مركز اعادة أمل للرعاية",
        "place_url": "https://www.google.com/maps/place/%D9%85%D8%B1%D9%83%D8%B2+%D8%A7%D8%B9%D8%A7%D8%AF%D8%A9+%D8%A3%D9%85%D9%84+%D9%84%D9%84%D8%B1%D8%B9%D8%A7%D9%8A%D8%A9%E2%80%AD/@24.3795316,39.6089036,17z/data=!3m1!4b1!4m6!3m5!1s0x15bdc197b3ed9ad7:0x9737d991199f7ee6!8m2!3d24.3795316!4d39.6063287!16s%2Fg%2F11v6x1xbl5?entry=ttu&g_ep=EgoyMDI2MDUxMy4wIKXMDSoASAFQAw%3D%3D",
        "place_category": "مركز الرعاية الصحية للأطفال",
        "place_address": "بسبس بن عمرو، الرانوناء، المدينة المنورة 42391",
        "place_rating": 4.6,
        "place_review_count": 20
      }
    },
    {
      "type": "Feature",
      "geometry": null,
      "properties": {
        "School": "مركز بسمة تفاؤل للرعاية النهارية",
        "Region": "منطقة الريـــاض",
        "City": "الرياض",
        "Type": "مركز شامل",
        "Gender": "اناث",
        "MaleStudents": "0",
        "FemaleStudents": "107",
        "SchoolCapacity": "200"
      }
    },
    {
      "type": "Feature",
      "geometry": {
        "type": "Point",
        "coordinates": [
          41.0051507,
          30.9721681
        ]
      },
      "properties": {
        "School": "مركز براعم الشمال للرعاية النهارية",
        "Region": "منطقة الحدود الشمالية",
        "City": "عرعر",
        "Type": "",
        "Gender": "0",
        "MaleStudents": "0",
        "FemaleStudents": "0",
        "SchoolCapacity": "0",
        "place_name": "جمعية براعم لتنمية الطفل",
        "place_url": "https://www.google.com/maps/place/%D8%AC%D9%85%D8%B9%D9%8A%D8%A9+%D8%A8%D8%B1%D8%A7%D8%B9%D9%85+%D9%84%D8%AA%D9%86%D9%85%D9%8A%D8%A9+%D8%A7%D9%84%D8%B7%D9%81%D9%84%E2%80%AD/@30.3161266,43.5913891,8z/data=!4m10!1m2!2m1!1z2YXYsdmD2LIg2KjYsdin2LnZhSDYp9mE2LTZhdin2YQg2YTZhNix2LnYp9mK2Kkg2KfZhNmG2YfYp9ix2YrYqSwg2LnYsdi52LEsINmF2YbYt9mC2Kkg2KfZhNit2K_ZiNivINin2YTYtNmF2KfZhNmK2Kk!3m6!1s0x156c0d003aee3be1:0x2f7fbc5d9d08a7d0!8m2!3d30.9721681!4d41.0051507!15sCnTZhdix2YPYsiDYqNix2KfYudmFINin2YTYtNmF2KfZhCDZhNmE2LHYudin2YrYqSDYp9mE2YbZh9in2LHZitipLCDYudix2LnYsSwg2YXZhti32YLYqSDYp9mE2K3Yr9mI2K8g2KfZhNi02YXYp9mE2YrYqVp0InLZhdix2YPYsiDYqNix2KfYudmFINin2YTYtNmF2KfZhCDZhNmE2LHYudin2YrYqSDYp9mE2YbZh9in2LHZitipINi52LHYudixINmF2YbYt9mC2Kkg2KfZhNit2K_ZiNivINin2YTYtNmF2KfZhNmK2KmSARdub25fcHJvZml0X29yZ2FuaXphdGlvbpoBRENpOURRVWxSUVVOdlpFTm9kSGxqUmpsdlQycHNNMVZWZEcxUmJFNUxUV3RXU1ZGVVZqSmlTRkUxVVZSS1JsZHNSUkFC4AEA-gEECAAQHg!16s%2Fg%2F11xftt_1t8?entry=ttu&g_ep=EgoyMDI2MDUxMy4wIKXMDSoASAFQAw%3D%3D",
        "place_category": "مؤسسة غير ربحية",
        "place_address": "حي المساعديه، SHAA2199، 2199 شارع الامير عبدالمحسن بن جلوي، 7160، عرعر 73311",
        "place_rating": 5.0,
        "place_review_count": 5
      }
    },
    {
      "type": "Feature",
      "geometry": {
        "type": "Point",
        "coordinates": [
          45.2874222,
          24.07165
        ]
      },
      "properties": {
        "School": "مركز مهاراتي للرعاية النهارية",
        "Region": "منطقة الريـــاض",
        "City": "محافظة القويعية",
        "Type": "",
        "Gender": "0",
        "MaleStudents": "0",
        "FemaleStudents": "0",
        "SchoolCapacity": "0",
        "place_name": "مركزالتمكين الشامل للرعاية",
        "place_url": "https://www.google.com/maps/place/%D9%85%D8%B1%D9%83%D8%B2%D8%A7%D9%84%D8%AA%D9%85%D9%83%D9%8A%D9%86+%D8%A7%D9%84%D8%B4%D8%A7%D9%85%D9%84+%D9%84%D9%84%D8%B1%D8%B9%D8%A7%D9%8A%D8%A9%E2%80%AD/@24.07165,54.5159378,6z/data=!4m10!1m2!2m1!1z2YXYsdmD2LIg2YXZh9in2LHYp9iq2Yog2YTZhNix2LnYp9mK2Kkg2KfZhNmG2YfYp9ix2YrYqSwg2YXYrdin2YHYuNipINin2YTZgtmI2YrYudmK2KksINmF2YbYt9mC2Kkg2KfZhNix2YrZgNmA2YDYp9i2!3m6!1s0x3e2839004b7435d3:0xbce80ff9dd1a3c14!8m2!3d24.07165!4d45.2874222!15sCnXZhdix2YPYsiDZhdmH2KfYsdin2KrZiiDZhNmE2LHYudin2YrYqSDYp9mE2YbZh9in2LHZitipLCDZhdit2KfZgdi42Kkg2KfZhNmC2YjZiti52YrYqSwg2YXZhti32YLYqSDYp9mE2LHZitmA2YDZgNin2LZabyJt2YXYsdmD2LIg2YXZh9in2LHYp9iq2Yog2YTZhNix2LnYp9mK2Kkg2KfZhNmG2YfYp9ix2YrYqSDZhdit2KfZgdi42Kkg2KfZhNmC2YjZiti52YrYqSDZhdmG2LfZgtipINin2YTYsdmK2KfYtpIBEGVkdWNhdGlvbl9jZW50ZXKaAURDaTlEUVVsUlFVTnZaRU5vZEhsalJqbHZUMnMxUkdSWE5VMVZNREZ1WWpCT1VsbFdaRzlsV0VKcldqRndWRkZWUlJBQuABAPoBBAgAEEw!16s%2Fg%2F11vxcldrlg?entry=ttu&g_ep=EgoyMDI2MDUxMy4wIKXMDSoASAFQAw%3D%3D",
        "place_category": "المركز التعليمي",
        "place_address": "3893 فيصل بن عبدالعزيز، حي الربوة، LQMA6463، 6463، القويعية 19257",
        "place_rating": 4.4,
        "place_review_count": 4
      }
    },
    {
      "type": "Feature",
      "geometry": {
        "type": "Point",
        "coordinates": [
          46.6615102,
          24.7462001
        ]
      },
      "properties": {
        "School": "جمعية الأطفال المعوقين للرعاية النهارية",
        "Region": "منطقة الريـــاض",
        "City": "الرياض",
        "Type": "",
        "Gender": "0",
        "MaleStudents": "0",
        "FemaleStudents": "0",
        "SchoolCapacity": "0",
        "place_name": "جمعية الأطفال ذوي الإعاقة",
        "place_url": "https://www.google.com/maps/place/%D8%AC%D9%85%D8%B9%D9%8A%D8%A9+%D8%A7%D9%84%D8%A3%D8%B7%D9%81%D8%A7%D9%84+%D8%B0%D9%88%D9%8A+%D8%A7%D9%84%D8%A5%D8%B9%D8%A7%D9%82%D8%A9%E2%80%AD/@24.6528265,46.7753091,12z/data=!4m10!1m2!2m1!1z2KzZhdi52YrYqSDYp9mE2KPYt9mB2KfZhCDYp9mE2YXYudmI2YLZitmGINmE2YTYsdi52KfZitipINin2YTZhtmH2KfYsdmK2KksINin2YTYsdmK2KfYtiwg2YXZhti32YLYqSDYp9mE2LHZitmA2YDZgNin2LY!3m6!1s0x3e2ee2ba96ace0ab:0x1b1c77243983a741!8m2!3d24.7462001!4d46.6615102!15sCnfYrNmF2LnZitipINin2YTYo9i32YHYp9mEINin2YTZhdi52YjZgtmK2YYg2YTZhNix2LnYp9mK2Kkg2KfZhNmG2YfYp9ix2YrYqSwg2KfZhNix2YrYp9i2LCDZhdmG2LfZgtipINin2YTYsdmK2YDZgNmA2KfYtlpxIm_YrNmF2LnZitipINin2YTYo9i32YHYp9mEINin2YTZhdi52YjZgtmK2YYg2YTZhNix2LnYp9mK2Kkg2KfZhNmG2YfYp9ix2YrYqSDYp9mE2LHZitin2LYg2YXZhti32YLYqSDYp9mE2LHZitin2LaSARthc3NvY2lhdGlvbl9vcl9vcmdhbml6YXRpb26aASRDaGREU1VoTk1HOW5TMFZKUTBGblNVTmxhWFZ5V1RGQlJSQULgAQD6AQQIABBK!16s%2Fg%2F1hf5dw6jl?entry=ttu&g_ep=EgoyMDI2MDUxMy4wIKXMDSoASAFQAw%3D%3D",
        "place_category": "جمعية / منظمة",
        "place_address": "next to Marina Mall, طريق الإمام سعود بن عبدالعزيز بن محمد، الملك فهد، الرياض 12273",
        "place_rating": 4.5,
        "place_review_count": 4
      }
    },
    {
      "type": "Feature",
      "geometry": null,
      "properties": {
        "School": "مركز نخبة الجيل للرعاية النهاية",
        "Region": "المنطقة الشرقيـــة",
        "City": "محافظة الخبر",
        "Type": "مركز شامل",
        "Gender": "ذكور",
        "MaleStudents": "45",
        "FemaleStudents": "0",
        "SchoolCapacity": "73"
      }
    },
    {
      "type": "Feature",
      "geometry": {
        "type": "Point",
        "coordinates": [
          43.9182052,
          26.0907554
        ]
      },
      "properties": {
        "School": "مركز علي العبدالله التميمي ي للرعاية النهارية",
        "Region": "منطقة القصيـــم",
        "City": "محافظة عنيزة",
        "Type": "مركز شامل",
        "Gender": "اناث",
        "MaleStudents": "0",
        "FemaleStudents": "118",
        "SchoolCapacity": "200",
        "place_name": "مركز علي التميمي للتوحد",
        "place_url": "https://www.google.com/maps/place/%D9%85%D8%B1%D9%83%D8%B2+%D8%B9%D9%84%D9%8A+%D8%A7%D9%84%D8%AA%D9%85%D9%8A%D9%85%D9%8A+%D9%84%D9%84%D8%AA%D9%88%D8%AD%D8%AF%E2%80%AD/@26.0907554,43.9207801,17z/data=!3m1!4b1!4m6!3m5!1s0x1581f25b3af90b15:0xd523e6d25f7c193d!8m2!3d26.0907554!4d43.9182052!16s%2Fg%2F11c1r7t0gh?entry=ttu&g_ep=EgoyMDI2MDUxMy4wIKXMDSoASAFQAw%3D%3D",
        "place_category": "مركز رعاية نهارية للكبار",
        "place_address": "طريق المدينة المنورة، الحفيرة، عنيزة 56244",
        "place_rating": 3.9,
        "place_review_count": 54
      }
    },
    {
      "type": "Feature",
      "geometry": {
        "type": "Point",
        "coordinates": [
          46.6927386,
          24.8233823
        ]
      },
      "properties": {
        "School": "مركز بصمة سعود للرعاية النهارية",
        "Region": "منطقة الريـــاض",
        "City": "الرياض",
        "Type": "مركز شامل",
        "Gender": "اناث",
        "MaleStudents": "0",
        "FemaleStudents": "41",
        "SchoolCapacity": "60",
        "place_name": "مركز بصمة سعود لذوي الاحتياجات الخاصة",
        "place_url": "https://www.google.com/maps/place/%D9%85%D8%B1%D9%83%D8%B2+%D8%A8%D8%B5%D9%85%D8%A9+%D8%B3%D8%B9%D9%88%D8%AF+%D9%84%D8%B0%D9%88%D9%8A+%D8%A7%D9%84%D8%A7%D8%AD%D8%AA%D9%8A%D8%A7%D8%AC%D8%A7%D8%AA+%D8%A7%D9%84%D8%AE%D8%A7%D8%B5%D8%A9%E2%80%AD/@24.8233823,46.6953135,17z/data=!3m1!4b1!4m6!3m5!1s0x3e2efdf3ef371e5b:0x834a993d53acfbf3!8m2!3d24.8233823!4d46.6927386!16s%2Fg%2F11vdkcs3g5?entry=ttu&g_ep=EgoyMDI2MDUxMy4wIKXMDSoASAFQAw%3D%3D",
        "place_category": "المركز التعليمي",
        "place_address": "7482 RANA5180، حي النرجس، 5180 رقم 110، الرياض 13324",
        "place_rating": 4.6,
        "place_review_count": 20
      }
    },
    {
      "type": "Feature",
      "geometry": null,
      "properties": {
        "School": "مركز عبور للرعاية النهارية -  فرع لبن",
        "Region": "منطقة الريـــاض",
        "City": "الرياض",
        "Type": "مركز شامل",
        "Gender": "اناث",
        "MaleStudents": "0",
        "FemaleStudents": "124",
        "SchoolCapacity": "250"
      }
    },
    {
      "type": "Feature",
      "geometry": {
        "type": "Point",
        "coordinates": [
          39.226181,
          21.6003132
        ]
      },
      "properties": {
        "School": "مركز جوري المتميز للرعاية النهارية",
        "Region": "منطقة مكة المكرمـة",
        "City": "محافظة جدة",
        "Type": "مركز شامل",
        "Gender": "اناث",
        "MaleStudents": "0",
        "FemaleStudents": "54",
        "SchoolCapacity": "60",
        "place_name": "مركز جوري المتميز للرعاية وتأهيل المعاقين",
        "place_url": "https://www.google.com/maps/place/%D9%85%D8%B1%D9%83%D8%B2+%D8%AC%D9%88%D8%B1%D9%8A+%D8%A7%D9%84%D9%85%D8%AA%D9%85%D9%8A%D8%B2+%D9%84%D9%84%D8%B1%D8%B9%D8%A7%D9%8A%D8%A9+%D9%88%D8%AA%D8%A3%D9%87%D9%8A%D9%84+%D8%A7%D9%84%D9%85%D8%B9%D8%A7%D9%82%D9%8A%D9%86%E2%80%AD/@21.6003132,39.2287559,17z/data=!3m1!4b1!4m6!3m5!1s0x15c3d15f7ecfe07b:0x6387aafed91a722!8m2!3d21.6003132!4d39.226181!16s%2Fg%2F11xlb0fk3s?entry=ttu&g_ep=EgoyMDI2MDUxMy4wIKXMDSoASAFQAw%3D%3D",
        "place_category": "مركز إعادة التأهيل",
        "place_address": "أبو المعمر التبريزى، المنار، جدة 23463",
        "place_rating": 4.7,
        "place_review_count": null
      }
    },
    {
      "type": "Feature",
      "geometry": null,
      "properties": {
        "School": "مركز رسالة أمل للرعاية النهارية",
        "Region": "منطقة مكة المكرمـة",
        "City": "محافظة جدة",
        "Type": "مركز شامل",
        "Gender": "اناث",
        "MaleStudents": "0",
        "FemaleStudents": "93",
        "SchoolCapacity": "96"
      }
    },
    {
      "type": "Feature",
      "geometry": {
        "type": "Point",
        "coordinates": [
          39.2003366,
          21.5768124
        ]
      },
      "properties": {
        "School": "مركز بادغيش للرعاية النهارية",
        "Region": "منطقة مكة المكرمـة",
        "City": "محافظة جدة",
        "Type": "مركز شامل",
        "Gender": "اناث",
        "MaleStudents": "0",
        "FemaleStudents": "199",
        "SchoolCapacity": "400",
        "place_name": "مركز بادغيش للرعاية والتأهيل للذكور 12  فرع الصفا",
        "place_url": "https://www.google.com/maps/place/%D9%85%D8%B1%D9%83%D8%B2+%D8%A8%D8%A7%D8%AF%D8%BA%D9%8A%D8%B4+%D9%84%D9%84%D8%B1%D8%B9%D8%A7%D9%8A%D8%A9+%D9%88%D8%A7%D9%84%D8%AA%D8%A3%D9%87%D9%8A%D9%84+%D9%84%D9%84%D8%B0%D9%83%D9%88%D8%B1+12%2B+%D9%81%D8%B1%D8%B9+%D8%A7%D9%84%D8%B5%D9%81%D8%A7%E2%80%AD/@21.323515,40.1996487,9z/data=!4m10!1m2!2m1!1z2YXYsdmD2LIg2KjYp9iv2LrZiti0INmE2YTYsdi52KfZitipINin2YTZhtmH2KfYsdmK2KksINmF2K3Yp9mB2LjYqSDYrNiv2KksINmF2YbYt9mC2Kkg2YXZg9ipINin2YTZhdmD2LHZhdmA2Kk!3m6!1s0x15c3d1ffe98e403d:0x5e1753ba849eb124!8m2!3d21.5768124!4d39.2003366!15sCm7Zhdix2YPYsiDYqNin2K_YutmK2LQg2YTZhNix2LnYp9mK2Kkg2KfZhNmG2YfYp9ix2YrYqSwg2YXYrdin2YHYuNipINis2K_YqSwg2YXZhti32YLYqSDZhdmD2Kkg2KfZhNmF2YPYsdmF2YDYqVpsImrZhdix2YPYsiDYqNin2K_YutmK2LQg2YTZhNix2LnYp9mK2Kkg2KfZhNmG2YfYp9ix2YrYqSDZhdit2KfZgdi42Kkg2KzYr9ipINmF2YbYt9mC2Kkg2YXZg9ipINin2YTZhdmD2LHZhdipkgEVcmVoYWJpbGl0YXRpb25fY2VudGVymgEjQ2haRFNVaE5NRzluUzBWSlEwRm5TVU0xZFY5dE5rWkJFQUXgAQD6AQQIABA2!16s%2Fg%2F11tnmd3cnj?entry=ttu&g_ep=EgoyMDI2MDUxMy4wIKXMDSoASAFQAw%3D%3D",
        "place_category": "مركز إعادة التأهيل",
        "place_address": "JDSA2197، 2197 جبل أبو مغير، 7614، حي الصفا،، جدة 23451،",
        "place_rating": 4.5,
        "place_review_count": 4
      }
    },
    {
      "type": "Feature",
      "geometry": {
        "type": "Point",
        "coordinates": [
          43.93104,
          26.3634601
        ]
      },
      "properties": {
        "School": "مركز قدراتي للرعاية النهارية",
        "Region": "منطقة القصيـــم",
        "City": "بريدة",
        "Type": "مركز شامل",
        "Gender": "اناث",
        "MaleStudents": "0",
        "FemaleStudents": "284",
        "SchoolCapacity": "594",
        "place_name": "قدراتي",
        "place_url": "https://www.google.com/maps/place/%D9%82%D8%AF%D8%B1%D8%A7%D8%AA%D9%8A%E2%80%AD/@26.3634601,43.9670889,14z/data=!4m10!1m2!2m1!1z2YXYsdmD2LIg2YLYr9ix2KfYqtmKINmE2YTYsdi52KfZitipINin2YTZhtmH2KfYsdmK2KksINio2LHZitiv2KksINmF2YbYt9mC2Kkg2KfZhNmC2LXZitmA2YDZgNmF!3m6!1s0x157f5793c7ceffdd:0x52e1eec133f8ae13!8m2!3d26.3634601!4d43.93104!15sCmDZhdix2YPYsiDZgtiv2LHYp9iq2Yog2YTZhNix2LnYp9mK2Kkg2KfZhNmG2YfYp9ix2YrYqSwg2KjYsdmK2K_YqSwg2YXZhti32YLYqSDYp9mE2YLYtdmK2YDZgNmA2YVaWiJY2YXYsdmD2LIg2YLYr9ix2KfYqtmKINmE2YTYsdi52KfZitipINin2YTZhtmH2KfYsdmK2Kkg2KjYsdmK2K_YqSDZhdmG2LfZgtipINin2YTZgti12YrZhZIBEWNoaWxkX2NhcmVfYWdlbmN5mgEkQ2hkRFNVaE5NRzluUzBWSlEwRm5TVVJZZUZCZmJXaFJSUkFC4AEA-gEECAAQRw!16s%2Fg%2F11b75g5wsn?entry=ttu&g_ep=EgoyMDI2MDUxMy4wIKXMDSoASAFQAw%3D%3D",
        "place_category": "مركز رعاية الطفل",
        "place_address": "العبدالله العطيشان، شارع تركي العطيشان، المنتزه الغربي، بريدة 52381",
        "place_rating": 4.6,
        "place_review_count": 4
      }
    },
    {
      "type": "Feature",
      "geometry": {
        "type": "Point",
        "coordinates": [
          39.1342369,
          21.6410473
        ]
      },
      "properties": {
        "School": "مركز أكاديمية التوحد الرائدة",
        "Region": "منطقة مكة المكرمـة",
        "City": "محافظة جدة",
        "Type": "مركز توحد",
        "Gender": "اناث",
        "MaleStudents": "0",
        "FemaleStudents": "50",
        "SchoolCapacity": "76",
        "place_name": "أكاديمية التوحد الرائدة",
        "place_url": "https://www.google.com/maps/place/%D8%A3%D9%83%D8%A7%D8%AF%D9%8A%D9%85%D9%8A%D8%A9+%D8%A7%D9%84%D8%AA%D9%88%D8%AD%D8%AF+%D8%A7%D9%84%D8%B1%D8%A7%D8%A6%D8%AF%D8%A9%E2%80%AD/@21.324881,39.7049856,11z/data=!4m6!3m5!1s0x15c3d9f2b7e58f4b:0xd179c680a8e82496!8m2!3d21.6410473!4d39.1342369!16s%2Fg%2F11c42s_5fs?entry=ttu&g_ep=EgoyMDI2MDUxMy4wIKXMDSoASAFQAw%3D%3D",
        "place_category": "منظمة خدمات ودعم الإعاقة",
        "place_address": "حي النعيم، 8044 2879, جدة 23621",
        "place_rating": 4.1,
        "place_review_count": 4
      }
    },
    {
      "type": "Feature",
      "geometry": {
        "type": "Point",
        "coordinates": [
          39.1467973,
          21.5771033
        ]
      },
      "properties": {
        "School": "المركز العربي الارتقائي للرعاية النهارية فرع حي السلامة شمال جدة",
        "Region": "منطقة مكة المكرمـة",
        "City": "محافظة جدة",
        "Type": "مركز شامل",
        "Gender": "ذكور",
        "MaleStudents": "65",
        "FemaleStudents": "0",
        "SchoolCapacity": "186",
        "place_name": "المركز العربي الارتقائي للرعاية النهارية",
        "place_url": "https://www.google.com/maps/place/%D8%A7%D9%84%D9%85%D8%B1%D9%83%D8%B2+%D8%A7%D9%84%D8%B9%D8%B1%D8%A8%D9%8A+%D8%A7%D9%84%D8%A7%D8%B1%D8%AA%D9%82%D8%A7%D8%A6%D9%8A+%D9%84%D9%84%D8%B1%D8%B9%D8%A7%D9%8A%D8%A9+%D8%A7%D9%84%D9%86%D9%87%D8%A7%D8%B1%D9%8A%D8%A9%E2%80%AD/@21.5771033,39.1493722,17z/data=!3m1!4b1!4m6!3m5!1s0x15c3da9b03367ee7:0x49915811386eaf04!8m2!3d21.5771033!4d39.1467973!16s%2Fg%2F11hbh7tzb6?entry=ttu&g_ep=EgoyMDI2MDUxMy4wIKXMDSoASAFQAw%3D%3D",
        "place_category": "مدرسة تعليم خاص",
        "place_address": "2370 عصمت بن مالك، حي السلامة 23436 6262",
        "place_rating": 4.2,
        "place_review_count": 4
      }
    },
    {
      "type": "Feature",
      "geometry": null,
      "properties": {
        "School": "مركز اشراقات للرعاية النهارية",
        "Region": "المنطقة الشرقيـــة",
        "City": "الدمام",
        "Type": "مركز شامل",
        "Gender": "اناث",
        "MaleStudents": "0",
        "FemaleStudents": "75",
        "SchoolCapacity": "156"
      }
    },
    {
      "type": "Feature",
      "geometry": {
        "type": "Point",
        "coordinates": [
          49.9619827,
          26.6413673
        ]
      },
      "properties": {
        "School": "مركز ايلاف للرعاية النهارية",
        "Region": "المنطقة الشرقيـــة",
        "City": "محافظة القطيف",
        "Type": "مركز شامل",
        "Gender": "اناث",
        "MaleStudents": "0",
        "FemaleStudents": "62",
        "SchoolCapacity": "66",
        "place_name": "مركز إيلاف لرعاية وتأهيل المعاقين",
        "place_url": "https://www.google.com/maps/place/%D9%85%D8%B1%D9%83%D8%B2+%D8%A5%D9%8A%D9%84%D8%A7%D9%81+%D9%84%D8%B1%D8%B9%D8%A7%D9%8A%D8%A9+%D9%88%D8%AA%D8%A3%D9%87%D9%8A%D9%84+%D8%A7%D9%84%D9%85%D8%B9%D8%A7%D9%82%D9%8A%D9%86%E2%80%AD/@26.6413673,49.9645576,17z/data=!3m1!4b1!4m6!3m5!1s0x3e35f9e943592739:0x74d842e934893f46!8m2!3d26.6413673!4d49.9619827!16s%2Fg%2F11b75fmg1_?entry=ttu&g_ep=EgoyMDI2MDUxMy4wIKXMDSoASAFQAw%3D%3D",
        "place_category": "مركز إعادة التأهيل",
        "place_address": "4438، صفوى 32833",
        "place_rating": 4.2,
        "place_review_count": 4
      }
    },
    {
      "type": "Feature",
      "geometry": {
        "type": "Point",
        "coordinates": [
          50.0289561,
          26.4327198
        ]
      },
      "properties": {
        "School": "مركز شموع الأمل للتربية الخاصة والتأهيل",
        "Region": "المنطقة الشرقيـــة",
        "City": "الدمام",
        "Type": "مركز شامل",
        "Gender": "اناث",
        "MaleStudents": "0",
        "FemaleStudents": "224",
        "SchoolCapacity": "227",
        "place_name": "شموع الأمل للتربية الخاصة و التأهيل",
        "place_url": "https://www.google.com/maps/place/%D8%B4%D9%85%D9%88%D8%B9+%D8%A7%D9%84%D8%A3%D9%85%D9%84+%D9%84%D9%84%D8%AA%D8%B1%D8%A8%D9%8A%D8%A9+%D8%A7%D9%84%D8%AE%D8%A7%D8%B5%D8%A9+%D9%88+%D8%A7%D9%84%D8%AA%D8%A3%D9%87%D9%8A%D9%84%E2%80%AD/@26.4327198,50.031531,17z/data=!3m1!4b1!4m6!3m5!1s0x3e49fded863cacad:0xf422a8ece1688dc!8m2!3d26.4327198!4d50.0289561!16s%2Fg%2F11b75hsl5j?entry=ttu&g_ep=EgoyMDI2MDUxMy4wIKXMDSoASAFQAw%3D%3D",
        "place_category": "مدرسة تعليم خاص",
        "place_address": "شارع طاهر الزمخشري، النور، الدمام 32444",
        "place_rating": 3.7,
        "place_review_count": 3
      }
    },
    {
      "type": "Feature",
      "geometry": {
        "type": "Point",
        "coordinates": [
          50.1309808,
          26.4434012
        ]
      },
      "properties": {
        "School": "مركز تنمية الطفل للرعاية النهارية",
        "Region": "المنطقة الشرقيـــة",
        "City": "الدمام",
        "Type": "مركز شامل",
        "Gender": "اناث",
        "MaleStudents": "0",
        "FemaleStudents": "93",
        "SchoolCapacity": "147",
        "place_name": "مركز تنمية الطفل لذوي الإحتياجات الخاصة",
        "place_url": "https://www.google.com/maps/place/%D9%85%D8%B1%D9%83%D8%B2+%D8%AA%D9%86%D9%85%D9%8A%D8%A9+%D8%A7%D9%84%D8%B7%D9%81%D9%84+%D9%84%D8%B0%D9%88%D9%8A+%D8%A7%D9%84%D8%A5%D8%AD%D8%AA%D9%8A%D8%A7%D8%AC%D8%A7%D8%AA+%D8%A7%D9%84%D8%AE%D8%A7%D8%B5%D8%A9%E2%80%AD/@26.4434012,50.2751764,12z/data=!4m10!1m2!2m1!1z2YXYsdmD2LIg2KrZhtmF2YrYqSDYp9mE2LfZgdmEINmE2YTYsdi52KfZitipINin2YTZhtmH2KfYsdmK2KksINin2YTYr9mF2KfZhSwg2KfZhNmF2YbYt9mC2Kkg2KfZhNi02LHZgtmK2YDZgNmA2Kk!3m6!1s0x3e49fb0802f97677:0xe7d33fc0e29ea9f9!8m2!3d26.4434012!4d50.1309808!15sCnHZhdix2YPYsiDYqtmG2YXZitipINin2YTYt9mB2YQg2YTZhNix2LnYp9mK2Kkg2KfZhNmG2YfYp9ix2YrYqSwg2KfZhNiv2YXYp9mFLCDYp9mE2YXZhti32YLYqSDYp9mE2LTYsdmC2YrZgNmA2YDYqZIBGHNwZWNpYWxfZWR1Y2F0aW9uX3NjaG9vbOABAA!16s%2Fg%2F11c5h4fw8w?entry=ttu&g_ep=EgoyMDI2MDUxMy4wIKXMDSoASAFQAw%3D%3D",
        "place_category": "مدرسة تعليم خاص",
        "place_address": "C4VJ+999، طريق الملك عبدالله بن عبدالعزيز، المزروعية، الدمام 32414",
        "place_rating": 4.2,
        "place_review_count": 4
      }
    },
    {
      "type": "Feature",
      "geometry": {
        "type": "Point",
        "coordinates": [
          39.6534941,
          24.4126982
        ]
      },
      "properties": {
        "School": "مركز غادة المدينة للرعاية النهارية",
        "Region": "منطقة المدينة المنورة",
        "City": "المدينة المنورة",
        "Type": "مركز شامل",
        "Gender": "اناث",
        "MaleStudents": "0",
        "FemaleStudents": "51",
        "SchoolCapacity": "120",
        "place_name": "مركز غادة المدينة للرعاية النهارية ✨",
        "place_url": "https://www.google.com/maps/place/%D9%85%D8%B1%D9%83%D8%B2+%D8%BA%D8%A7%D8%AF%D8%A9+%D8%A7%D9%84%D9%85%D8%AF%D9%8A%D9%86%D8%A9+%D9%84%D9%84%D8%B1%D8%B9%D8%A7%D9%8A%D8%A9+%D8%A7%D9%84%D9%86%D9%87%D8%A7%D8%B1%D9%8A%D8%A9+%E2%9C%A8%E2%80%AD/@24.4126982,39.656069,17z/data=!3m1!4b1!4m6!3m5!1s0x15bdeb96022e53c9:0x65b188d524c121c3!8m2!3d24.4126982!4d39.6534941!16s%2Fg%2F11j0jj1nxk?entry=ttu&g_ep=EgoyMDI2MDUxMy4wIKXMDSoASAFQAw%3D%3D",
        "place_category": "مركز لرعاية الأطفال",
        "place_address": "الروابي، المدينة المنورة 42382",
        "place_rating": 4.4,
        "place_review_count": 4
      }
    },
    {
      "type": "Feature",
      "geometry": {
        "type": "Point",
        "coordinates": [
          46.7792027,
          24.5958417
        ]
      },
      "properties": {
        "School": "مركز تنمية الانسان لذوي الاحيتاجات الخاصة",
        "Region": "منطقة الريـــاض",
        "City": "الرياض",
        "Type": "مركز شامل",
        "Gender": "اناث",
        "MaleStudents": "0",
        "FemaleStudents": "157",
        "SchoolCapacity": "400",
        "place_name": "مركز عبور للرعاية النهارية فرع العزيزية",
        "place_url": "https://www.google.com/maps/place/%D9%85%D8%B1%D9%83%D8%B2+%D8%B9%D8%A8%D9%88%D8%B1+%D9%84%D9%84%D8%B1%D8%B9%D8%A7%D9%8A%D8%A9+%D8%A7%D9%84%D9%86%D9%87%D8%A7%D8%B1%D9%8A%D8%A9+%D9%81%D8%B1%D8%B9+%D8%A7%D9%84%D8%B9%D8%B2%D9%8A%D8%B2%D9%8A%D8%A9%E2%80%AD/@24.5958417,47.0675938,11z/data=!4m10!1m2!2m1!1z2YXYsdmD2LIg2KrZhtmF2YrYqSDYp9mE2KfZhtiz2KfZhiDZhNiw2YjZiiDYp9mE2KfYrdmK2KrYp9is2KfYqiDYp9mE2K7Yp9i12KksINin2YTYsdmK2KfYtiwg2YXZhti32YLYqSDYp9mE2LHZitmA2YDZgNin2LY!3m6!1s0x3e2f09657b5cfc25:0x522a6384a0678e3f!8m2!3d24.5958417!4d46.7792027!15sCnrZhdix2YPYsiDYqtmG2YXZitipINin2YTYp9mG2LPYp9mGINmE2LDZiNmKINin2YTYp9it2KrZitin2KzYp9iqINin2YTYrtin2LXYqSwg2KfZhNix2YrYp9i2LCDZhdmG2LfZgtipINin2YTYsdmK2YDZgNmA2KfYtlp0InLZhdix2YPYsiDYqtmG2YXZitipINin2YTYp9mG2LPYp9mGINmE2LDZiNmKINin2YTYp9it2KrZitin2KzYp9iqINin2YTYrtin2LXYqSDYp9mE2LHZitin2LYg2YXZhti32YLYqSDYp9mE2LHZitin2LaSARVyZWhhYmlsaXRhdGlvbl9jZW50ZXKaASNDaFpEU1VoTk1HOW5TMFZKUTBGblNVTlViR1ZwUkZsM0VBReABAPoBBAgAED0!16s%2Fg%2F11pz4ymrtl?entry=ttu&g_ep=EgoyMDI2MDUxMy4wIKXMDSoASAFQAw%3D%3D",
        "place_category": "مركز إعادة التأهيل",
        "place_address": "4212 طريق النصر، حي العزيزية، الرياض 14511 6962،، الرياض 14511",
        "place_rating": 4.1,
        "place_review_count": 4
      }
    },
    {
      "type": "Feature",
      "geometry": {
        "type": "Point",
        "coordinates": [
          39.801496,
          21.4025364
        ]
      },
      "properties": {
        "School": "مركز الأمل المنشود للرعاية النهارية",
        "Region": "منطقة مكة المكرمـة",
        "City": "مكة المكرمة",
        "Type": "مركز شامل",
        "Gender": "اناث",
        "MaleStudents": "0",
        "FemaleStudents": "115",
        "SchoolCapacity": "493",
        "place_name": "مركز الأمل المنشود للرعاية النهارية",
        "place_url": "https://www.google.com/maps/place/%D9%85%D8%B1%D9%83%D8%B2+%D8%A7%D9%84%D8%A3%D9%85%D9%84+%D8%A7%D9%84%D9%85%D9%86%D8%B4%D9%88%D8%AF+%D9%84%D9%84%D8%B1%D8%B9%D8%A7%D9%8A%D8%A9+%D8%A7%D9%84%D9%86%D9%87%D8%A7%D8%B1%D9%8A%D8%A9%E2%80%AD/@21.4025364,39.8040709,17z/data=!3m1!4b1!4m6!3m5!1s0x15c21a56836f9423:0x876aff0b67024b84!8m2!3d21.4025364!4d39.801496!16s%2Fg%2F11c57d48vz?entry=ttu&g_ep=EgoyMDI2MDUxMy4wIKXMDSoASAFQAw%3D%3D",
        "place_category": "مدرسة تعليم خاص",
        "place_address": "الخالدية، مكة 24232",
        "place_rating": 4.7,
        "place_review_count": 4
      }
    },
    {
      "type": "Feature",
      "geometry": {
        "type": "Point",
        "coordinates": [
          40.2087941,
          29.9607261
        ]
      },
      "properties": {
        "School": "مركز الجوف التخصصي  لرعاية ذوي الاحتياجات الخاصة",
        "Region": "منطقة الجـــوف",
        "City": "سكاكا",
        "Type": "مركز شامل",
        "Gender": "اناث",
        "MaleStudents": "0",
        "FemaleStudents": "69",
        "SchoolCapacity": "142",
        "place_name": "مركز الجوف التخصصي للرعاية النهارية",
        "place_url": "https://www.google.com/maps/place/%D9%85%D8%B1%D9%83%D8%B2+%D8%A7%D9%84%D8%AC%D9%88%D9%81+%D8%A7%D9%84%D8%AA%D8%AE%D8%B5%D8%B5%D9%8A+%D9%84%D9%84%D8%B1%D8%B9%D8%A7%D9%8A%D8%A9+%D8%A7%D9%84%D9%86%D9%87%D8%A7%D8%B1%D9%8A%D8%A9%E2%80%AD/@29.9607261,40.2268185,15z/data=!4m10!1m2!2m1!1z2YXYsdmD2LIg2KfZhNis2YjZgSDYp9mE2KrYrti12LXZiiAg2YTYsdi52KfZitipINiw2YjZiiDYp9mE2KfYrdiq2YrYp9is2KfYqiDYp9mE2K7Yp9i12KksINiz2YPYp9mD2KcsINmF2YbYt9mC2Kkg2KfZhNis2YDZgNmA2YjZgQ!3m6!1s0x1572bbe0c89d6031:0x489ab91780e05d22!8m2!3d29.9607261!4d40.2087941!15sCoIB2YXYsdmD2LIg2KfZhNis2YjZgSDYp9mE2KrYrti12LXZiiAg2YTYsdi52KfZitipINiw2YjZiiDYp9mE2KfYrdiq2YrYp9is2KfYqiDYp9mE2K7Yp9i12KksINiz2YPYp9mD2KcsINmF2YbYt9mC2Kkg2KfZhNis2YDZgNmA2YjZgVp7InnZhdix2YPYsiDYp9mE2KzZiNmBINin2YTYqtiu2LXYtdmKINmE2LHYudin2YrYqSDYsNmI2Yog2KfZhNin2K3YqtmK2KfYrNin2Kog2KfZhNiu2KfYtdipINiz2YPYp9mD2Kcg2YXZhti32YLYqSDYp9mE2KzZiNmBkgEPZGF5X2NhcmVfY2VudGVymgEjQ2haRFNVaE5NRzluUzBWSlEwRm5TVU0xWDNaMlRXTm5FQUXgAQD6AQQIABAR!16s%2Fg%2F11cs5pkmlr?entry=ttu&g_ep=EgoyMDI2MDUxMy4wIKXMDSoASAFQAw%3D%3D",
        "place_category": "مركز لرعاية الأطفال",
        "place_address": "3955 طريق الملك فهد بن عبدالعزيز، مخطط الصناعية، سكاكا 72341",
        "place_rating": 4.1,
        "place_review_count": 4
      }
    },
    {
      "type": "Feature",
      "geometry": {
        "type": "Point",
        "coordinates": [
          43.9732829,
          26.3601238
        ]
      },
      "properties": {
        "School": "فرع تأهيل الإنسان - فرع بريدة",
        "Region": "منطقة القصيـــم",
        "City": "بريدة",
        "Type": "مركز شامل",
        "Gender": "اناث",
        "MaleStudents": "0",
        "FemaleStudents": "189",
        "SchoolCapacity": "600",
        "place_name": "مركز التأهيل الشامل",
        "place_url": "https://www.google.com/maps/place/%D9%85%D8%B1%D9%83%D8%B2+%D8%A7%D9%84%D8%AA%D8%A3%D9%87%D9%8A%D9%84+%D8%A7%D9%84%D8%B4%D8%A7%D9%85%D9%84%E2%80%AD/@26.3601238,44.261674,11z/data=!4m10!1m2!2m1!1z2YHYsdi5INiq2KPZh9mK2YQg2KfZhNil2YbYs9in2YYgLSDZgdix2Lkg2KjYsdmK2K_YqSwg2KjYsdmK2K_YqSwg2YXZhti32YLYqSDYp9mE2YLYtdmK2YDZgNmA2YU!3m6!1s0x1581fcda4b0b8c99:0xe3e2be90fc9239d5!8m2!3d26.3601238!4d43.9732829!15sCl_Zgdix2Lkg2KrYo9mH2YrZhCDYp9mE2KXZhtiz2KfZhiAtINmB2LHYuSDYqNix2YrYr9ipLCDYqNix2YrYr9ipLCDZhdmG2LfZgtipINin2YTZgti12YrZgNmA2YDZhVpXIlXZgdix2Lkg2KrYo9mH2YrZhCDYp9mE2KXZhtiz2KfZhiDZgdix2Lkg2KjYsdmK2K_YqSDYqNix2YrYr9ipINmF2YbYt9mC2Kkg2KfZhNmC2LXZitmFkgERZ292ZXJubWVudF9vZmZpY2WaASRDaGREU1VoTk1HOW5TMFZKUTBGblRVTkJPRGsyY0c5QlJSQULgAQD6AQQIABBF!16s%2Fg%2F11c52py00d?entry=ttu&g_ep=EgoyMDI2MDUxMy4wIKXMDSoASAFQAw%3D%3D",
        "place_category": "مكتب حكومي",
        "place_address": "9X6F+28V، الربوة، بريدة 52367",
        "place_rating": 3.1,
        "place_review_count": 3
      }
    },
    {
      "type": "Feature",
      "geometry": null,
      "properties": {
        "School": "مركز التعاون المتطور للرعاية النهارية",
        "Region": "منطقة مكة المكرمـة",
        "City": "مكة المكرمة",
        "Type": "مركز شامل",
        "Gender": "ذكور",
        "MaleStudents": "67",
        "FemaleStudents": "0",
        "SchoolCapacity": "83"
      }
    },
    {
      "type": "Feature",
      "geometry": {
        "type": "Point",
        "coordinates": [
          44.8732831,
          20.4209173
        ]
      },
      "properties": {
        "School": "مركز عبور للرعاية النهارية - فرع وادي الدواسر",
        "Region": "منطقة الريـــاض",
        "City": "محافظة وادي الدواسر",
        "Type": "مركز شامل",
        "Gender": "كلا الجنسين",
        "MaleStudents": "92",
        "FemaleStudents": "84",
        "SchoolCapacity": "200",
        "place_name": "مركز",
        "place_url": "https://www.google.com/maps/place/%D9%85%D8%B1%D9%83%D8%B2%E2%80%AD/@20.4209173,44.875858,17z/data=!3m1!4b1!4m6!3m5!1s0x15f58f0037e6e0d9:0x2160499c8587f5bb!8m2!3d20.4209173!4d44.8732831!16s%2Fg%2F11x_m19h1y?entry=ttu&g_ep=EgoyMDI2MDUxMy4wIKXMDSoASAFQAw%3D%3D",
        "place_category": "معلم/ة تربية خاصة",
        "place_address": "CVCF+987، وادي الدواسر 18617",
        "place_rating": 4.8,
        "place_review_count": null
      }
    },
    {
      "type": "Feature",
      "geometry": {
        "type": "Point",
        "coordinates": [
          46.6868812,
          24.6735855
        ]
      },
      "properties": {
        "School": "مركز الوفاء للرعاية النهارية",
        "Region": "منطقة الريـــاض",
        "City": "الرياض",
        "Type": "مركز شامل",
        "Gender": "اناث",
        "MaleStudents": "0",
        "FemaleStudents": "36",
        "SchoolCapacity": "80",
        "place_name": "مركز الوفاء للرعاية النهارية",
        "place_url": "https://www.google.com/maps/place/%D9%85%D8%B1%D9%83%D8%B2+%D8%A7%D9%84%D9%88%D9%81%D8%A7%D8%A1+%D9%84%D9%84%D8%B1%D8%B9%D8%A7%D9%8A%D8%A9+%D8%A7%D9%84%D9%86%D9%87%D8%A7%D8%B1%D9%8A%D8%A9%E2%80%AD/@24.6735855,46.7229301,14z/data=!4m10!1m2!2m1!1z2YXYsdmD2LIg2KfZhNmI2YHYp9ihINmE2YTYsdi52KfZitipINin2YTZhtmH2KfYsdmK2KksINin2YTYsdmK2KfYtiwg2YXZhti32YLYqSDYp9mE2LHZitmA2YDZgNin2LY!3m6!1s0x3e2f037b9b3b86cf:0xb0b282fd629ed32b!8m2!3d24.6735855!4d46.6868812!15sCmLZhdix2YPYsiDYp9mE2YjZgdin2KEg2YTZhNix2LnYp9mK2Kkg2KfZhNmG2YfYp9ix2YrYqSwg2KfZhNix2YrYp9i2LCDZhdmG2LfZgtipINin2YTYsdmK2YDZgNmA2KfYtpIBFXJlaGFiaWxpdGF0aW9uX2NlbnRlcuABAA!16s%2Fg%2F11rj5kr97l?entry=ttu&g_ep=EgoyMDI2MDUxMy4wIKXMDSoASAFQAw%3D%3D",
        "place_category": "مركز إعادة التأهيل",
        "place_address": "MMFP+CQJ، منيخ، المؤتمرات، الرياض 12711",
        "place_rating": 4.6,
        "place_review_count": 4
      }
    },
    {
      "type": "Feature",
      "geometry": {
        "type": "Point",
        "coordinates": [
          39.6660505,
          24.4427202
        ]
      },
      "properties": {
        "School": "مركز طيبة التخصصي لرعاية ذوي الاحتياجات الخاصة",
        "Region": "منطقة المدينة المنورة",
        "City": "المدينة المنورة",
        "Type": "مركز شامل",
        "Gender": "ذكور",
        "MaleStudents": "64",
        "FemaleStudents": "0",
        "SchoolCapacity": "64",
        "place_name": "مركز طيبة التخصصي للتأهيل الشامل و العلاج المكثف",
        "place_url": "https://www.google.com/maps/place/%D9%85%D8%B1%D9%83%D8%B2+%D8%B7%D9%8A%D8%A8%D8%A9+%D8%A7%D9%84%D8%AA%D8%AE%D8%B5%D8%B5%D9%8A+%D9%84%D9%84%D8%AA%D8%A3%D9%87%D9%8A%D9%84+%D8%A7%D9%84%D8%B4%D8%A7%D9%85%D9%84+%D9%88+%D8%A7%D9%84%D8%B9%D9%84%D8%A7%D8%AC+%D8%A7%D9%84%D9%85%D9%83%D8%AB%D9%81%E2%80%AD/@24.4427202,39.8102461,12z/data=!4m10!1m2!2m1!1z2YXYsdmD2LIg2LfZitio2Kkg2KfZhNiq2K7Ytdi12Yog2YTYsdi52KfZitipINiw2YjZiiDYp9mE2KfYrdiq2YrYp9is2KfYqiDYp9mE2K7Yp9i12KksINin2YTZhdiv2YrZhtipINin2YTZhdmG2YjYsdipLCDZhdmG2LfZgtipINin2YTZhdiv2YrZhtipINin2YTZhdmG2YjYsdip!3m6!1s0x15bd956e674e07db:0xbc08360da4a5ab5d!8m2!3d24.4427202!4d39.6660505!15sCp8B2YXYsdmD2LIg2LfZitio2Kkg2KfZhNiq2K7Ytdi12Yog2YTYsdi52KfZitipINiw2YjZiiDYp9mE2KfYrdiq2YrYp9is2KfYqiDYp9mE2K7Yp9i12KksINin2YTZhdiv2YrZhtipINin2YTZhdmG2YjYsdipLCDZhdmG2LfZgtipINin2YTZhdiv2YrZhtipINin2YTZhdmG2YjYsdipWqABIp0B2YXYsdmD2LIg2LfZitio2Kkg2KfZhNiq2K7Ytdi12Yog2YTYsdi52KfZitipINiw2YjZiiDYp9mE2KfYrdiq2YrYp9is2KfYqiDYp9mE2K7Yp9i12Kkg2KfZhNmF2K_ZitmG2Kkg2KfZhNmF2YbZiNix2Kkg2YXZhti32YLYqSDYp9mE2YXYr9mK2YbYqSDYp9mE2YXZhtmI2LHYqZIBFHBoeXNpb3RoZXJhcHlfY2VudGVymgEkQ2hkRFNVaE5NRzluUzBWSlEwRm5UVVJuY0V3M00xOUJSUkFC4AEA-gEECAAQLg!16s%2Fg%2F11cn5np0wf?entry=ttu&g_ep=EgoyMDI2MDUxMy4wIKXMDSoASAFQAw%3D%3D",
        "place_category": "عيادة علاج طبيعي",
        "place_address": "طريق الملك عبدالله الفرعي، مذينب، المدينة المنورة 42364",
        "place_rating": 4.7,
        "place_review_count": 4
      }
    },
    {
      "type": "Feature",
      "geometry": null,
      "properties": {
        "School": "مركز حياتي للرعاية النهارية",
        "Region": "منطقة حائــــل",
        "City": "حائل",
        "Type": "مركز شامل",
        "Gender": "اناث",
        "MaleStudents": "0",
        "FemaleStudents": "156",
        "SchoolCapacity": "200"
      }
    },
    {
      "type": "Feature",
      "geometry": null,
      "properties": {
        "School": "إلين للرعاية النهارية",
        "Region": "منطقة مكة المكرمـة",
        "City": "مكة المكرمة",
        "Type": "",
        "Gender": "0",
        "MaleStudents": "0",
        "FemaleStudents": "0",
        "SchoolCapacity": "0"
      }
    },
    {
      "type": "Feature",
      "geometry": {
        "type": "Point",
        "coordinates": [
          41.4928548,
          20.0383028
        ]
      },
      "properties": {
        "School": "مركز مهارات الحياة للرعاية النهارية",
        "Region": "منطقة الباحــة",
        "City": "الباحة",
        "Type": "مركز شامل",
        "Gender": "اناث",
        "MaleStudents": "0",
        "FemaleStudents": "92",
        "SchoolCapacity": "304",
        "place_name": "مركز مهارات الحياة للرعاية النهارية",
        "place_url": "https://www.google.com/maps/place/%D9%85%D8%B1%D9%83%D8%B2+%D9%85%D9%87%D8%A7%D8%B1%D8%A7%D8%AA+%D8%A7%D9%84%D8%AD%D9%8A%D8%A7%D8%A9+%D9%84%D9%84%D8%B1%D8%B9%D8%A7%D9%8A%D8%A9+%D8%A7%D9%84%D9%86%D9%87%D8%A7%D8%B1%D9%8A%D8%A9%E2%80%AD/@20.0383028,41.4954297,17z/data=!3m1!4b1!4m6!3m5!1s0x15ef4714d0d0af41:0x7bf8bc56024b3aff!8m2!3d20.0383028!4d41.4928548!16s%2Fg%2F11rk058tym?entry=ttu&g_ep=EgoyMDI2MDUxMy4wIKXMDSoASAFQAw%3D%3D",
        "place_category": "المركز التعليمي",
        "place_address": "6184، شهبة، الباحة 65724 4948،",
        "place_rating": 4.7,
        "place_review_count": 68
      }
    },
    {
      "type": "Feature",
      "geometry": {
        "type": "Point",
        "coordinates": [
          46.7287215,
          24.8238323
        ]
      },
      "properties": {
        "School": "مركز خطوات الغد للرعاية النهارية",
        "Region": "منطقة الريـــاض",
        "City": "الرياض",
        "Type": "مركز شامل",
        "Gender": "اناث",
        "MaleStudents": "0",
        "FemaleStudents": "10",
        "SchoolCapacity": "94",
        "place_name": "مركز خطوات الغد للتوحد و فرط الحركة",
        "place_url": "https://www.google.com/maps/place/%D9%85%D8%B1%D9%83%D8%B2+%D8%AE%D8%B7%D9%88%D8%A7%D8%AA+%D8%A7%D9%84%D8%BA%D8%AF+%D9%84%D9%84%D8%AA%D9%88%D8%AD%D8%AF+%D9%88+%D9%81%D8%B1%D8%B7+%D8%A7%D9%84%D8%AD%D8%B1%D9%83%D8%A9%E2%80%AD/@24.8238323,46.7312964,17z/data=!3m1!4b1!4m6!3m5!1s0x3e2f03c6a17dd743:0x9858cd0883d9e13!8m2!3d24.8238323!4d46.7287215!16s%2Fg%2F11l1n9g2f0?entry=ttu&g_ep=EgoyMDI2MDUxMy4wIKXMDSoASAFQAw%3D%3D",
        "place_category": "مركز رعاية الطفل",
        "place_address": "طريق سعيد ابن زيد، قرطبة، الرياض 13248",
        "place_rating": 4.2,
        "place_review_count": 49
      }
    },
    {
      "type": "Feature",
      "geometry": null,
      "properties": {
        "School": "مهارات المستقبل للرعاية النهارية - فرع 3",
        "Region": "منطقة نجـــران",
        "City": "نجران",
        "Type": "مركز شامل",
        "Gender": "ذكور",
        "MaleStudents": "59",
        "FemaleStudents": "0",
        "SchoolCapacity": "127"
      }
    },
    {
      "type": "Feature",
      "geometry": {
        "type": "Point",
        "coordinates": [
          41.9355923,
          19.0998997
        ]
      },
      "properties": {
        "School": "مركز روح الاصرار للرعاية النهارية",
        "Region": "منطقة عسيــر",
        "City": "محافظة المجاردة",
        "Type": "مركز شامل",
        "Gender": "اناث",
        "MaleStudents": "0",
        "FemaleStudents": "57",
        "SchoolCapacity": "74",
        "place_name": "مركز روح الاصرار للرعاية النهارية-فرع|المجاردة",
        "place_url": "https://www.google.com/maps/place/%D9%85%D8%B1%D9%83%D8%B2+%D8%B1%D9%88%D8%AD+%D8%A7%D9%84%D8%A7%D8%B5%D8%B1%D8%A7%D8%B1+%D9%84%D9%84%D8%B1%D8%B9%D8%A7%D9%8A%D8%A9+%D8%A7%D9%84%D9%86%D9%87%D8%A7%D8%B1%D9%8A%D8%A9-%D9%81%D8%B1%D8%B9%7C%D8%A7%D9%84%D9%85%D8%AC%D8%A7%D8%B1%D8%AF%D8%A9%E2%80%AD/@19.0998997,41.9381672,17z/data=!3m1!4b1!4m6!3m5!1s0x15e501553056315d:0x9a85872e2f1c593c!8m2!3d19.0998997!4d41.9355923!16s%2Fg%2F11smfmyhs7?entry=ttu&g_ep=EgoyMDI2MDUxMy4wIKXMDSoASAFQAw%3D%3D",
        "place_category": "مؤسسة تعليمية",
        "place_address": "الأندلس، المجاردة 63972",
        "place_rating": 4.3,
        "place_review_count": 5
      }
    },
    {
      "type": "Feature",
      "geometry": {
        "type": "Point",
        "coordinates": [
          42.6430303,
          18.2632195
        ]
      },
      "properties": {
        "School": "مراد الروح للرعاية النهارية",
        "Region": "منطقة عسيــر",
        "City": "أبها",
        "Type": "مركز شامل",
        "Gender": "ذكور",
        "MaleStudents": "88",
        "FemaleStudents": "0",
        "SchoolCapacity": "268",
        "place_name": "مركز مراد الروح للرعاية النهارية",
        "place_url": "https://www.google.com/maps/place/%D9%85%D8%B1%D9%83%D8%B2+%D9%85%D8%B1%D8%A7%D8%AF+%D8%A7%D9%84%D8%B1%D9%88%D8%AD+%D9%84%D9%84%D8%B1%D8%B9%D8%A7%D9%8A%D8%A9+%D8%A7%D9%84%D9%86%D9%87%D8%A7%D8%B1%D9%8A%D8%A9%E2%80%AD/@18.2632195,42.6456052,17z/data=!3m1!4b1!4m6!3m5!1s0x15fb57b3c262e8a9:0xab9ecbc3f6d52270!8m2!3d18.2632195!4d42.6430303!16s%2Fg%2F11ptmc00ph?entry=ttu&g_ep=EgoyMDI2MDUxMy4wIKXMDSoASAFQAw%3D%3D",
        "place_category": "خدمة رعاية الأسرة النهارية",
        "place_address": "طريق ابها، خميس مشيط 62437",
        "place_rating": 4.5,
        "place_review_count": 26
      }
    },
    {
      "type": "Feature",
      "geometry": null,
      "properties": {
        "School": "مركز سمو الاجيال لرعاية ذوي الاحتياجات الخاصة",
        "Region": "المنطقة الشرقيـــة",
        "City": "الدمام",
        "Type": "مركز شامل",
        "Gender": "ذكور",
        "MaleStudents": "51",
        "FemaleStudents": "0",
        "SchoolCapacity": "103"
      }
    },
    {
      "type": "Feature",
      "geometry": null,
      "properties": {
        "School": "مركز الرعاية المبكرة لرعاية ذوي الاحتياجات الخاصة",
        "Region": "المنطقة الشرقيـــة",
        "City": "محافظة الاحساء",
        "Type": "مركز شامل",
        "Gender": "اناث",
        "MaleStudents": "0",
        "FemaleStudents": "61",
        "SchoolCapacity": "65"
      }
    },
    {
      "type": "Feature",
      "geometry": {
        "type": "Point",
        "coordinates": [
          44.8183594,
          26.3214625
        ]
      },
      "properties": {
        "School": "مركز رواد التأهيل لرعاية ذوي الاحتياجات الخاصة بالزلفي",
        "Region": "منطقة الريـــاض",
        "City": "محافظة الزلفي",
        "Type": "مركز شامل",
        "Gender": "اناث",
        "MaleStudents": "0",
        "FemaleStudents": "72",
        "SchoolCapacity": "245",
        "place_name": "مركز رواد التأهيل للرعاية النهارية (قسم البنين) بمحافظة الزلفي",
        "place_url": "https://www.google.com/maps/place/%D9%85%D8%B1%D9%83%D8%B2+%D8%B1%D9%88%D8%A7%D8%AF+%D8%A7%D9%84%D8%AA%D8%A3%D9%87%D9%8A%D9%84+%D9%84%D9%84%D8%B1%D8%B9%D8%A7%D9%8A%D8%A9+%D8%A7%D9%84%D9%86%D9%87%D8%A7%D8%B1%D9%8A%D8%A9+(%D9%82%D8%B3%D9%85+%D8%A7%D9%84%D8%A8%D9%86%D9%8A%D9%86)+%D8%A8%D9%85%D8%AD%D8%A7%D9%81%D8%B8%D8%A9+%D8%A7%D9%84%D8%B2%D9%84%D9%81%D9%8A%E2%80%AD/@26.3214675,44.8209302,17z/data=!4m10!1m2!2m1!1z2YXYsdmD2LIg2LHZiNin2K8g2KfZhNiq2KPZh9mK2YQg2YTYsdi52KfZitipINiw2YjZiiDYp9mE2KfYrdiq2YrYp9is2KfYqiDYp9mE2K7Yp9i12Kkg2KjYp9mE2LLZhNmB2YosINmF2K3Yp9mB2LjYqSDYp9mE2LLZhNmB2YosINmF2YbYt9mC2Kkg2KfZhNix2YrZgNmA2YDYp9i2!3m6!1s0x157fdd19e599af71:0x906e1d25d832496a!8m2!3d26.3214625!4d44.8183594!15sCp8B2YXYsdmD2LIg2LHZiNin2K8g2KfZhNiq2KPZh9mK2YQg2YTYsdi52KfZitipINiw2YjZiiDYp9mE2KfYrdiq2YrYp9is2KfYqiDYp9mE2K7Yp9i12Kkg2KjYp9mE2LLZhNmB2YosINmF2K3Yp9mB2LjYqSDYp9mE2LLZhNmB2YosINmF2YbYt9mC2Kkg2KfZhNix2YrZgNmA2YDYp9i2WpoBIpcB2YXYsdmD2LIg2LHZiNin2K8g2KfZhNiq2KPZh9mK2YQg2YTYsdi52KfZitipINiw2YjZiiDYp9mE2KfYrdiq2YrYp9is2KfYqiDYp9mE2K7Yp9i12Kkg2KjYp9mE2LLZhNmB2Yog2YXYrdin2YHYuNipINin2YTYstmE2YHZiiDZhdmG2LfZgtipINin2YTYsdmK2KfYtpIBFWFkdWx0X2RheV9jYXJlX2NlbnRlcpoBI0NoWkRTVWhOTUc5blMwVkpRMEZuU1VRMU5uVnBkMlZCRUFF4AEA-gEECAAQMg!16s%2Fg%2F11vbqvvt19?entry=ttu&g_ep=EgoyMDI2MDUxMy4wIKXMDSoASAFQAw%3D%3D",
        "place_category": "مركز رعاية نهارية للكبار",
        "place_address": "8RC9+H8Q، السلام، الزلفي 15972",
        "place_rating": 4.9,
        "place_review_count": 4
      }
    },
    {
      "type": "Feature",
      "geometry": {
        "type": "Point",
        "coordinates": [
          42.6063407,
          19.9608689
        ]
      },
      "properties": {
        "School": "مركز الرعاية الرائدة للرعاية النهارية",
        "Region": "منطقة عسيــر",
        "City": "محافظة بيشة",
        "Type": "مركز شامل",
        "Gender": "ذكور",
        "MaleStudents": "76",
        "FemaleStudents": "0",
        "SchoolCapacity": "146",
        "place_name": "مركز الرعاية الرائدة",
        "place_url": "https://www.google.com/maps/place/%D9%85%D8%B1%D9%83%D8%B2+%D8%A7%D9%84%D8%B1%D8%B9%D8%A7%D9%8A%D8%A9+%D8%A7%D9%84%D8%B1%D8%A7%D8%A6%D8%AF%D8%A9%E2%80%AD/@19.9608689,42.6089156,17z/data=!3m1!4b1!4m6!3m5!1s0x15f029ffb19f1c5b:0x681f95734b1a97aa!8m2!3d19.9608689!4d42.6063407!16s%2Fg%2F11kbz6cc1v?entry=ttu&g_ep=EgoyMDI2MDUxMy4wIKXMDSoASAFQAw%3D%3D",
        "place_category": "المركز التعليمي",
        "place_address": "4953 رافع ابن ابي رافع الطائي، حي الملك عبدالله، ALAA7124، 7124، بيشة 67713",
        "place_rating": 5.0,
        "place_review_count": 4
      }
    },
    {
      "type": "Feature",
      "geometry": {
        "type": "Point",
        "coordinates": [
          39.1861896,
          21.7531183
        ]
      },
      "properties": {
        "School": "مركز الرعاية المثالية للرعاية النهارية",
        "Region": "منطقة مكة المكرمـة",
        "City": "محافظة جدة",
        "Type": "مركز شامل",
        "Gender": "ذكور",
        "MaleStudents": "64",
        "FemaleStudents": "0",
        "SchoolCapacity": "142",
        "place_name": "مركز الرعاية المثالية للرعاية النهارية",
        "place_url": "https://www.google.com/maps/place/%D9%85%D8%B1%D9%83%D8%B2+%D8%A7%D9%84%D8%B1%D8%B9%D8%A7%D9%8A%D8%A9+%D8%A7%D9%84%D9%85%D8%AB%D8%A7%D9%84%D9%8A%D8%A9+%D9%84%D9%84%D8%B1%D8%B9%D8%A7%D9%8A%D8%A9+%D8%A7%D9%84%D9%86%D9%87%D8%A7%D8%B1%D9%8A%D8%A9%E2%80%AD/@21.7531183,39.1887645,17z/data=!3m1!4b1!4m6!3m5!1s0x15c17db23039dfcd:0x7e9f7807513ce661!8m2!3d21.7531183!4d39.1861896!16s%2Fg%2F11t6tslmnn?entry=ttu&g_ep=EgoyMDI2MDUxMy4wIKXMDSoASAFQAw%3D%3D",
        "place_category": "مدرسة تعليمية متخصصة",
        "place_address": "احمد بن ابي الحسن، الحمدانية، جدة 23761",
        "place_rating": 4.4,
        "place_review_count": 4
      }
    },
    {
      "type": "Feature",
      "geometry": {
        "type": "Point",
        "coordinates": [
          47.0897031,
          17.4970875
        ]
      },
      "properties": {
        "School": "مركز جمعية اسناد الاشخاص ذوي الاعاقة لرعاية ذوي الاحتياجات الخاصة",
        "Region": "منطقة نجـــران",
        "City": "محافظة شرورة",
        "Type": "مركز شامل",
        "Gender": "اناث",
        "MaleStudents": "0",
        "FemaleStudents": "73",
        "SchoolCapacity": "102",
        "place_name": "جمعية إسناد لرعاية الأشخاص ذوي الإعاقة بشرورة",
        "place_url": "https://www.google.com/maps/place/%D8%AC%D9%85%D8%B9%D9%8A%D8%A9+%D8%A5%D8%B3%D9%86%D8%A7%D8%AF+%D9%84%D8%B1%D8%B9%D8%A7%D9%8A%D8%A9+%D8%A7%D9%84%D8%A3%D8%B4%D8%AE%D8%A7%D8%B5+%D8%B0%D9%88%D9%8A+%D8%A7%D9%84%D8%A5%D8%B9%D8%A7%D9%82%D8%A9+%D8%A8%D8%B4%D8%B1%D9%88%D8%B1%D8%A9%E2%80%AD/@17.4970875,47.092278,17z/data=!3m1!4b1!4m6!3m5!1s0x3e07b71a2b7220bb:0x8bbcc48bbea5802a!8m2!3d17.4970875!4d47.0897031!16s%2Fg%2F11rtmyclsq?entry=ttu&g_ep=EgoyMDI2MDUxMy4wIKXMDSoASAFQAw%3D%3D",
        "place_category": "جمعية / منظمة",
        "place_address": "F3WQ+RVP، مخطط ا، شرورة 68341",
        "place_rating": 5.0,
        "place_review_count": 25
      }
    },
    {
      "type": "Feature",
      "geometry": null,
      "properties": {
        "School": "مركز رمز الطموح للرعاية النهارية",
        "Region": "المنطقة الشرقيـــة",
        "City": "محافظة الاحساء",
        "Type": "مركز شامل",
        "Gender": "اناث",
        "MaleStudents": "0",
        "FemaleStudents": "69",
        "SchoolCapacity": "200"
      }
    },
    {
      "type": "Feature",
      "geometry": null,
      "properties": {
        "School": "مركز الابتسامة لرعاية ذوي الاحتياجات الخاصة",
        "Region": "منطقة عسيــر",
        "City": "محافظة بيشة",
        "Type": "مركز شامل",
        "Gender": "اناث",
        "MaleStudents": "0",
        "FemaleStudents": "49",
        "SchoolCapacity": "106"
      }
    },
    {
      "type": "Feature",
      "geometry": {
        "type": "Point",
        "coordinates": [
          48.5131875,
          27.4869375
        ]
      },
      "properties": {
        "School": "مركز عبور للرعاية النهارية",
        "Region": "المنطقة الشرقيـــة",
        "City": "محافظة النعيرية",
        "Type": "مركز شامل",
        "Gender": "ذكور",
        "MaleStudents": "38",
        "FemaleStudents": "0",
        "SchoolCapacity": "50",
        "place_name": "مركز شباب عبور النعيرية للرعاية النهارية",
        "place_url": "https://www.google.com/maps/place/%D9%85%D8%B1%D9%83%D8%B2+%D8%B4%D8%A8%D8%A7%D8%A8+%D8%B9%D8%A8%D9%88%D8%B1+%D8%A7%D9%84%D9%86%D8%B9%D9%8A%D8%B1%D9%8A%D8%A9+%D9%84%D9%84%D8%B1%D8%B9%D8%A7%D9%8A%D8%A9+%D8%A7%D9%84%D9%86%D9%87%D8%A7%D8%B1%D9%8A%D8%A9%E2%80%AD/@27.4869375,48.5157624,17z/data=!3m1!4b1!4m6!3m5!1s0x3fccbc7b8d6d5fb9:0xac69f20e03d58c08!8m2!3d27.4869375!4d48.5131875!16s%2Fg%2F11c5xwj478?entry=ttu&g_ep=EgoyMDI2MDUxMy4wIKXMDSoASAFQAw%3D%3D",
        "place_category": "مركز رعاية نهارية للكبار",
        "place_address": "FGP7+Q7G، الربيع، النعيرية 37483",
        "place_rating": 4.2,
        "place_review_count": 21
      }
    },
    {
      "type": "Feature",
      "geometry": null,
      "properties": {
        "School": "مركز بسمة تيماء لرعاية ذوي الاعاقة",
        "Region": "منطقة تبـــوك",
        "City": "محافظة تيماء",
        "Type": "مركز شامل",
        "Gender": "اناث",
        "MaleStudents": "0",
        "FemaleStudents": "37",
        "SchoolCapacity": "56"
      }
    },
    {
      "type": "Feature",
      "geometry": {
        "type": "Point",
        "coordinates": [
          42.600349,
          18.1916238
        ]
      },
      "properties": {
        "School": "غصون المستقبل لرعاية ذوي الاحتياجات الخاصة",
        "Region": "منطقة عسيــر",
        "City": "أبها",
        "Type": "مركز شامل",
        "Gender": "اناث",
        "MaleStudents": "0",
        "FemaleStudents": "154",
        "SchoolCapacity": "233",
        "place_name": "مركز غصون المستقبل لرعاية ذوي الاحتياجات الخاصة",
        "place_url": "https://www.google.com/maps/place/%D9%85%D8%B1%D9%83%D8%B2+%D8%BA%D8%B5%D9%88%D9%86+%D8%A7%D9%84%D9%85%D8%B3%D8%AA%D9%82%D8%A8%D9%84+%D9%84%D8%B1%D8%B9%D8%A7%D9%8A%D8%A9+%D8%B0%D9%88%D9%8A+%D8%A7%D9%84%D8%A7%D8%AD%D8%AA%D9%8A%D8%A7%D8%AC%D8%A7%D8%AA+%D8%A7%D9%84%D8%AE%D8%A7%D8%B5%D8%A9%E2%80%AD/@18.1916238,42.6029239,17z/data=!3m1!4b1!4m6!3m5!1s0x15fcab005924484b:0x73dc23361273cadb!8m2!3d18.1916238!4d42.600349!16s%2Fg%2F11ldycfm0v?entry=ttu&g_ep=EgoyMDI2MDUxMy4wIKXMDSoASAFQAw%3D%3D",
        "place_category": "المركز التعليمي",
        "place_address": "8920 شارع الضبوب، الموظفين، ABUB2349، 2349، أبها 62585",
        "place_rating": 4.9,
        "place_review_count": 36
      }
    },
    {
      "type": "Feature",
      "geometry": {
        "type": "Point",
        "coordinates": [
          46.2700779,
          24.4810576
        ]
      },
      "properties": {
        "School": "مركز التمكين الشامل للرعاية النهارية",
        "Region": "منطقة الريـــاض",
        "City": "الرياض",
        "Type": "مركز شامل",
        "Gender": "ذكور",
        "MaleStudents": "60",
        "FemaleStudents": "0",
        "SchoolCapacity": "161",
        "place_name": "مركز التمكين الشامل لرعاية النهارية",
        "place_url": "https://www.google.com/maps/place/%D9%85%D8%B1%D9%83%D8%B2+%D8%A7%D9%84%D8%AA%D9%85%D9%83%D9%8A%D9%86+%D8%A7%D9%84%D8%B4%D8%A7%D9%85%D9%84+%D9%84%D8%B1%D8%B9%D8%A7%D9%8A%D8%A9+%D8%A7%D9%84%D9%86%D9%87%D8%A7%D8%B1%D9%8A%D8%A9%E2%80%AD/@24.4810576,46.2726528,17z/data=!3m1!4b1!4m6!3m5!1s0x3e2f2d00682cb47f:0x9999c089f51b3e33!8m2!3d24.4810576!4d46.2700779!16s%2Fg%2F11yv_r2mg1?entry=ttu&g_ep=EgoyMDI2MDUxMy4wIKXMDSoASAFQAw%3D%3D",
        "place_category": "مؤسسة تعليمية",
        "place_address": "3839 طريق الملك فيصل، حي الورود، OMDA7092، 7092، المزاحمية 19652",
        "place_rating": 4.9,
        "place_review_count": 19
      }
    },
    {
      "type": "Feature",
      "geometry": null,
      "properties": {
        "School": "التطوير الهادف للرعاية النهارية",
        "Region": "منطقة عسيــر",
        "City": "محافظة بيشة",
        "Type": "مركز شامل",
        "Gender": "اناث",
        "MaleStudents": "0",
        "FemaleStudents": "71",
        "SchoolCapacity": "150"
      }
    },
    {
      "type": "Feature",
      "geometry": {
        "type": "Point",
        "coordinates": [
          38.0606344,
          24.113938
        ]
      },
      "properties": {
        "School": "مركز ينبع البحر لرعاية ذوي الاحتياجات الخاصة",
        "Region": "منطقة المدينة المنورة",
        "City": "محافظة ينبع",
        "Type": "مركز شامل",
        "Gender": "ذكور",
        "MaleStudents": "50",
        "FemaleStudents": "0",
        "SchoolCapacity": "147",
        "place_name": "مركز ينبع البحر لذوي الإحتياجات الخاصة",
        "place_url": "https://www.google.com/maps/place/%D9%85%D8%B1%D9%83%D8%B2+%D9%8A%D9%86%D8%A8%D8%B9+%D8%A7%D9%84%D8%A8%D8%AD%D8%B1+%D9%84%D8%B0%D9%88%D9%8A+%D8%A7%D9%84%D8%A5%D8%AD%D8%AA%D9%8A%D8%A7%D8%AC%D8%A7%D8%AA+%D8%A7%D9%84%D8%AE%D8%A7%D8%B5%D8%A9%E2%80%AD/@24.0975361,38.1026765,14z/data=!4m10!1m2!2m1!1z2YXYsdmD2LIg2YrZhtio2Lkg2KfZhNio2K3YsSDZhNix2LnYp9mK2Kkg2LDZiNmKINin2YTYp9it2KrZitin2KzYp9iqINin2YTYrtin2LXYqSwg2YXYrdin2YHYuNipINmK2YbYqNi5LCDZhdmG2LfZgtipINin2YTZhdiv2YrZhtipINin2YTZhdmG2YjYsdip!3m6!1s0x15b908b2ffefa8b5:0x260e0111a8120a50!8m2!3d24.113938!4d38.0606344!15sCpMB2YXYsdmD2LIg2YrZhtio2Lkg2KfZhNio2K3YsSDZhNix2LnYp9mK2Kkg2LDZiNmKINin2YTYp9it2KrZitin2KzYp9iqINin2YTYrtin2LXYqSwg2YXYrdin2YHYuNipINmK2YbYqNi5LCDZhdmG2LfZgtipINin2YTZhdiv2YrZhtipINin2YTZhdmG2YjYsdipWpQBIpEB2YXYsdmD2LIg2YrZhtio2Lkg2KfZhNio2K3YsSDZhNix2LnYp9mK2Kkg2LDZiNmKINin2YTYp9it2KrZitin2KzYp9iqINin2YTYrtin2LXYqSDZhdit2KfZgdi42Kkg2YrZhtio2Lkg2YXZhti32YLYqSDYp9mE2YXYr9mK2YbYqSDYp9mE2YXZhtmI2LHYqZIBCGhvc3BpdGFsmgEkQ2hkRFNVaE5NRzluUzBWSlEwRm5TVU5DTjNOUGF6UlJSUkFC4AEA-gEECAAQKA!16s%2Fg%2F11csr3k63l?entry=ttu&g_ep=EgoyMDI2MDUxMy4wIKXMDSoASAFQAw%3D%3D",
        "place_category": "مستشفى",
        "place_address": "5439، ينبع 46423",
        "place_rating": 3.9,
        "place_review_count": 3
      }
    },
    {
      "type": "Feature",
      "geometry": {
        "type": "Point",
        "coordinates": [
          42.5886304,
          18.2232536
        ]
      },
      "properties": {
        "School": "مركز نمو الطفل للرعاية النهارية - فرع 2 ذكور أبها",
        "Region": "منطقة عسيــر",
        "City": "أبها",
        "Type": "مركز شامل",
        "Gender": "ذكور",
        "MaleStudents": "65",
        "FemaleStudents": "0",
        "SchoolCapacity": "149",
        "place_name": "مركز نمو الطفل للرعاية النهارية أبها",
        "place_url": "https://www.google.com/maps/place/%D9%85%D8%B1%D9%83%D8%B2+%D9%86%D9%85%D9%88+%D8%A7%D9%84%D8%B7%D9%81%D9%84+%D9%84%D9%84%D8%B1%D8%B9%D8%A7%D9%8A%D8%A9+%D8%A7%D9%84%D9%86%D9%87%D8%A7%D8%B1%D9%8A%D8%A9+%D8%A3%D8%A8%D9%87%D8%A7%E2%80%AD/@18.2232141,42.5912499,17z/data=!4m10!1m2!2m1!1z2YXYsdmD2LIg2YbZhdmIINin2YTYt9mB2YQg2YTZhNix2LnYp9mK2Kkg2KfZhNmG2YfYp9ix2YrYqSAtINmB2LHYuSAyINiw2YPZiNixINij2KjZh9inLCDYo9io2YfYpywg2YXZhti32YLYqSDYudiz2YrZgNmA2LE!3m6!1s0x15fcab0696d0a2a7:0x4867b03ef50b45b6!8m2!3d18.2232536!4d42.5886304!15sCnrZhdix2YPYsiDZhtmF2Ygg2KfZhNi32YHZhCDZhNmE2LHYudin2YrYqSDYp9mE2YbZh9in2LHZitipIC0g2YHYsdi5IDIg2LDZg9mI2LEg2KPYqNmH2KcsINij2KjZh9inLCDZhdmG2LfZgtipINi52LPZitmA2YDYsVp0InLZhdix2YPYsiDZhtmF2Ygg2KfZhNi32YHZhCDZhNmE2LHYudin2YrYqSDYp9mE2YbZh9in2LHZitipINmB2LHYuSAyINiw2YPZiNixINij2KjZh9inINij2KjZh9inINmF2YbYt9mC2Kkg2LnYs9mK2LGSARdmYW1pbHlfZGF5X2NhcmVfc2VydmljZZoBI0NoWkRTVWhOTUc5blMwVkpRMEZuU1VSeWRVdDZhbVozRUFF4AEA-gEECAAQGg!16s%2Fg%2F11t588kmtg?entry=ttu&g_ep=EgoyMDI2MDUxMy4wIKXMDSoASAFQAw%3D%3D",
        "place_category": "خدمة رعاية الأسرة النهارية",
        "place_address": "البديع، حي الموظفين، أبها",
        "place_rating": 3.2,
        "place_review_count": 3
      }
    },
    {
      "type": "Feature",
      "geometry": null,
      "properties": {
        "School": "مركز غاية وأمل للرعاية النهارية",
        "Region": "منطقة مكة المكرمـة",
        "City": "محافظة جدة",
        "Type": "مركز شامل",
        "Gender": "0",
        "MaleStudents": "0",
        "FemaleStudents": "0",
        "SchoolCapacity": "0"
      }
    },
    {
      "type": "Feature",
      "geometry": {
        "type": "Point",
        "coordinates": [
          43.5387279,
          29.6415902
        ]
      },
      "properties": {
        "School": "مركز الشمال للرعاية النهارية",
        "Region": "منطقة الحدود الشمالية",
        "City": "محافظة طريف",
        "Type": "",
        "Gender": "0",
        "MaleStudents": "0",
        "FemaleStudents": "0",
        "SchoolCapacity": "0",
        "place_name": "مركز أجيال الشمال للرعاية النهارية في رفحاء",
        "place_url": "https://www.google.com/maps/place/%D9%85%D8%B1%D9%83%D8%B2+%D8%A3%D8%AC%D9%8A%D8%A7%D9%84+%D8%A7%D9%84%D8%B4%D9%85%D8%A7%D9%84+%D9%84%D9%84%D8%B1%D8%B9%D8%A7%D9%8A%D8%A9+%D8%A7%D9%84%D9%86%D9%87%D8%A7%D8%B1%D9%8A%D8%A9+%D9%81%D9%8A+%D8%B1%D9%81%D8%AD%D8%A7%D8%A1%E2%80%AD/@29.6415902,48.1529857,7z/data=!4m10!1m2!2m1!1z2YXYsdmD2LIg2KfZhNi02YXYp9mEINmE2YTYsdi52KfZitipINin2YTZhtmH2KfYsdmK2KksINmF2K3Yp9mB2LjYqSDYt9ix2YrZgSwg2YXZhti32YLYqSDYp9mE2K3Yr9mI2K8g2KfZhNi02YXYp9mE2YrYqQ!3m6!1s0x156467860810069d:0x956ecc006ccc1174!8m2!3d29.6415902!4d43.5387279!15sCnbZhdix2YPYsiDYp9mE2LTZhdin2YQg2YTZhNix2LnYp9mK2Kkg2KfZhNmG2YfYp9ix2YrYqSwg2YXYrdin2YHYuNipINi32LHZitmBLCDZhdmG2LfZgtipINin2YTYrdiv2YjYryDYp9mE2LTZhdin2YTZitipWnYidNmF2LHZg9iyINin2YTYtNmF2KfZhCDZhNmE2LHYudin2YrYqSDYp9mE2YbZh9in2LHZitipINmF2K3Yp9mB2LjYqSDYt9ix2YrZgSDZhdmG2LfZgtipINin2YTYrdiv2YjYryDYp9mE2LTZhdin2YTZitipkgEPbGVhcm5pbmdfY2VudGVymgEjQ2haRFNVaE5NRzluUzBWS1dFUm9OSEpMYWxsdVVHUjNFQUXgAQD6AQQIABBM!16s%2Fg%2F11s2g48s_8?entry=ttu&g_ep=EgoyMDI2MDUxMy4wIKXMDSoASAFQAw%3D%3D",
        "place_category": "مركز تدريب",
        "place_address": "6812 شارع الامير عبدالله بن جلوي 2764،، رفحاء 76316",
        "place_rating": 5.0,
        "place_review_count": 5
      }
    },
    {
      "type": "Feature",
      "geometry": {
        "type": "Point",
        "coordinates": [
          39.6791197,
          24.5114654
        ]
      },
      "properties": {
        "School": "مركز صقوة المراكز لرعاية ذوي الاحتياجات الخاصة",
        "Region": "منطقة المدينة المنورة",
        "City": "المدينة المنورة",
        "Type": "",
        "Gender": "0",
        "MaleStudents": "0",
        "FemaleStudents": "0",
        "SchoolCapacity": "0",
        "place_name": "جمعية الأطفال ذوي الإعاقة - مركز الأمير سلطان بن عبدالعزيز",
        "place_url": "https://www.google.com/maps/place/%D8%AC%D9%85%D8%B9%D9%8A%D8%A9+%D8%A7%D9%84%D8%A3%D8%B7%D9%81%D8%A7%D9%84+%D8%B0%D9%88%D9%8A+%D8%A7%D9%84%D8%A5%D8%B9%D8%A7%D9%82%D8%A9+-+%D9%85%D8%B1%D9%83%D8%B2+%D8%A7%D9%84%D8%A3%D9%85%D9%8A%D8%B1+%D8%B3%D9%84%D8%B7%D8%A7%D9%86+%D8%A8%D9%86+%D8%B9%D8%A8%D8%AF%D8%A7%D9%84%D8%B9%D8%B2%D9%8A%D8%B2%E2%80%AD/@24.5114654,39.8233153,12z/data=!4m10!1m2!2m1!1z2YXYsdmD2LIg2LXZgtmI2Kkg2KfZhNmF2LHYp9mD2LIg2YTYsdi52KfZitipINiw2YjZiiDYp9mE2KfYrdiq2YrYp9is2KfYqiDYp9mE2K7Yp9i12KksINin2YTZhdiv2YrZhtipINin2YTZhdmG2YjYsdipLCDZhdmG2LfZgtipINin2YTZhdiv2YrZhtipINin2YTZhdmG2YjYsdip!3m6!1s0x15bd96423ae0bb79:0x1fc0ecdd1f783d84!8m2!3d24.5114654!4d39.6791197!15sCp8B2YXYsdmD2LIg2LXZgtmI2Kkg2KfZhNmF2LHYp9mD2LIg2YTYsdi52KfZitipINiw2YjZiiDYp9mE2KfYrdiq2YrYp9is2KfYqiDYp9mE2K7Yp9i12KksINin2YTZhdiv2YrZhtipINin2YTZhdmG2YjYsdipLCDZhdmG2LfZgtipINin2YTZhdiv2YrZhtipINin2YTZhdmG2YjYsdipWqABIp0B2YXYsdmD2LIg2LXZgtmI2Kkg2KfZhNmF2LHYp9mD2LIg2YTYsdi52KfZitipINiw2YjZiiDYp9mE2KfYrdiq2YrYp9is2KfYqiDYp9mE2K7Yp9i12Kkg2KfZhNmF2K_ZitmG2Kkg2KfZhNmF2YbZiNix2Kkg2YXZhti32YLYqSDYp9mE2YXYr9mK2YbYqSDYp9mE2YXZhtmI2LHYqZIBG2Fzc29jaWF0aW9uX29yX29yZ2FuaXphdGlvbpoBI0NoWkRTVWhOTUc5blMwVkpRMEZuU1VRNWNXVlhkMEpSRUFF4AEA-gEECAAQRA!16s%2Fg%2F11bw3fdsf5?entry=ttu&g_ep=EgoyMDI2MDUxMy4wIKXMDSoASAFQAw%3D%3D",
        "place_category": "جمعية / منظمة",
        "place_address": "طريق الأمير نايف بن عبدالعزيز، الدويخلة، المدينة المنورة 42365",
        "place_rating": 4.4,
        "place_review_count": 4
      }
    },
    {
      "type": "Feature",
      "geometry": {
        "type": "Point",
        "coordinates": [
          41.4382375,
          19.7894889
        ]
      },
      "properties": {
        "School": "مركز العهد الجديد للرعاية النهارية",
        "Region": "منطقة الباحــة",
        "City": "محافظة المخواة",
        "Type": "",
        "Gender": "0",
        "MaleStudents": "0",
        "FemaleStudents": "0",
        "SchoolCapacity": "0",
        "place_name": "مركز العلامة الفارقة للرعاية النهارية",
        "place_url": "https://www.google.com/maps/place/%D9%85%D8%B1%D9%83%D8%B2+%D8%A7%D9%84%D8%B9%D9%84%D8%A7%D9%85%D8%A9+%D8%A7%D9%84%D9%81%D8%A7%D8%B1%D9%82%D8%A9+%D9%84%D9%84%D8%B1%D8%B9%D8%A7%D9%8A%D8%A9+%D8%A7%D9%84%D9%86%D9%87%D8%A7%D8%B1%D9%8A%D8%A9%E2%80%AD/@19.7894889,41.4408124,17z/data=!3m1!4b1!4m6!3m5!1s0x15e5f92f43271d55:0xdbbf5a7b4a2541ac!8m2!3d19.7894889!4d41.4382375!16s%2Fg%2F11kb3nx_23?entry=ttu&g_ep=EgoyMDI2MDUxMy4wIKXMDSoASAFQAw%3D%3D",
        "place_category": "المركز التعليمي",
        "place_address": "QC6P+95Q، المخواة 65616",
        "place_rating": 4.8,
        "place_review_count": 84
      }
    },
    {
      "type": "Feature",
      "geometry": {
        "type": "Point",
        "coordinates": [
          42.481588,
          18.2294817
        ]
      },
      "properties": {
        "School": "مركز عبو للرعاية النهارية",
        "Region": "منطقة عسيــر",
        "City": "أبها",
        "Type": "",
        "Gender": "0",
        "MaleStudents": "0",
        "FemaleStudents": "0",
        "SchoolCapacity": "0",
        "place_name": "مركز عبور للرعاية النهارية فرع أبها",
        "place_url": "https://www.google.com/maps/place/%D9%85%D8%B1%D9%83%D8%B2+%D8%B9%D8%A8%D9%88%D8%B1+%D9%84%D9%84%D8%B1%D8%B9%D8%A7%D9%8A%D8%A9+%D8%A7%D9%84%D9%86%D9%87%D8%A7%D8%B1%D9%8A%D8%A9+%D9%81%D8%B1%D8%B9+%D8%A3%D8%A8%D9%87%D8%A7%E2%80%AD/@18.2167646,42.642594,12z/data=!4m10!1m2!2m1!1z2YXYsdmD2LIg2LnYqNmIINmE2YTYsdi52KfZitipINin2YTZhtmH2KfYsdmK2KksINij2KjZh9inLCDZhdmG2LfZgtipINi52LPZitmA2YDYsQ!3m6!1s0x15e35576662f59cf:0x4e8aea2a1af4c8a6!8m2!3d18.2294817!4d42.481588!15sClLZhdix2YPYsiDYudio2Ygg2YTZhNix2LnYp9mK2Kkg2KfZhNmG2YfYp9ix2YrYqSwg2KPYqNmH2KcsINmF2YbYt9mC2Kkg2LnYs9mK2YDZgNixkgEVYWR1bHRfZGF5X2NhcmVfY2VudGVy4AEA!16s%2Fg%2F11k3hhy1ms?entry=ttu&g_ep=EgoyMDI2MDUxMy4wIKXMDSoASAFQAw%3D%3D",
        "place_category": "مركز رعاية نهارية للكبار",
        "place_address": "7247 طريق سرد بن عبدالله الازدي، الخالدية، أبها 62541",
        "place_rating": 4.8,
        "place_review_count": 4
      }
    },
    {
      "type": "Feature",
      "geometry": null,
      "properties": {
        "School": "مركز منار الدولي للرعاية النهارية",
        "Region": "منطقة مكة المكرمـة",
        "City": "محافظة جدة",
        "Type": "مركز شامل",
        "Gender": "اناث",
        "MaleStudents": "0",
        "FemaleStudents": "70",
        "SchoolCapacity": "158"
      }
    },
    {
      "type": "Feature",
      "geometry": null,
      "properties": {
        "School": "غصون احمد لرعاية ذوي الاحتياجات الخاصة",
        "Region": "منطقة الجـــوف",
        "City": "محافظة طبرجل",
        "Type": "مركز شامل",
        "Gender": "اناث",
        "MaleStudents": "0",
        "FemaleStudents": "125",
        "SchoolCapacity": "200"
      }
    },
    {
      "type": "Feature",
      "geometry": null,
      "properties": {
        "School": "مركز العلامة الفارقة للرعاية النهارية",
        "Region": "منطقة الباحــة",
        "City": "محافظة المخواة",
        "Type": "مركز شامل",
        "Gender": "اناث",
        "MaleStudents": "0",
        "FemaleStudents": "113",
        "SchoolCapacity": "116"
      }
    },
    {
      "type": "Feature",
      "geometry": {
        "type": "Point",
        "coordinates": [
          40.1792184,
          29.961974
        ]
      },
      "properties": {
        "School": "مركز براعم السمو لرعاية ذوي الاحتياجات الخاصة",
        "Region": "منطقة الجـــوف",
        "City": "سكاكا",
        "Type": "مركز شامل",
        "Gender": "اناث",
        "MaleStudents": "0",
        "FemaleStudents": "58",
        "SchoolCapacity": "200",
        "place_name": "مركز براعم السمو للرعاية النهارية",
        "place_url": "https://www.google.com/maps/place/%D9%85%D8%B1%D9%83%D8%B2+%D8%A8%D8%B1%D8%A7%D8%B9%D9%85+%D8%A7%D9%84%D8%B3%D9%85%D9%88+%D9%84%D9%84%D8%B1%D8%B9%D8%A7%D9%8A%D8%A9+%D8%A7%D9%84%D9%86%D9%87%D8%A7%D8%B1%D9%8A%D8%A9%E2%80%AD/@29.961974,40.1817933,17z/data=!3m1!4b1!4m6!3m5!1s0x1572b9a2b4a56d71:0x59493a574a7ba05c!8m2!3d29.961974!4d40.1792184!16s%2Fg%2F11v0xrwb_s?entry=ttu&g_ep=EgoyMDI2MDUxMy4wIKXMDSoASAFQAw%3D%3D",
        "place_category": "المركز التعليمي",
        "place_address": "حي الربوة, WRMA6529، 6529 الإمام تركي بن عبد الله، 4821, سكاكا 72351",
        "place_rating": 4.6,
        "place_review_count": 4
      }
    },
    {
      "type": "Feature",
      "geometry": {
        "type": "Point",
        "coordinates": [
          41.6931353,
          27.5138756
        ]
      },
      "properties": {
        "School": "مركز تمكين الخامس للرعاية النهارية",
        "Region": "منطقة حائــــل",
        "City": "حائل",
        "Type": "مركز شامل",
        "Gender": "اناث",
        "MaleStudents": "0",
        "FemaleStudents": "45",
        "SchoolCapacity": "45",
        "place_name": "مركز التمكين الشامل للرعاية النهارية حائل",
        "place_url": "https://www.google.com/maps/place/%D9%85%D8%B1%D9%83%D8%B2+%D8%A7%D9%84%D8%AA%D9%85%D9%83%D9%8A%D9%86+%D8%A7%D9%84%D8%B4%D8%A7%D9%85%D9%84+%D9%84%D9%84%D8%B1%D8%B9%D8%A7%D9%8A%D8%A9+%D8%A7%D9%84%D9%86%D9%87%D8%A7%D8%B1%D9%8A%D8%A9+%D8%AD%D8%A7%D8%A6%D9%84%E2%80%AD/@27.5138756,41.7021475,16z/data=!4m10!1m2!2m1!1z2YXYsdmD2LIg2KrZhdmD2YrZhiDYp9mE2K7Yp9mF2LMg2YTZhNix2LnYp9mK2Kkg2KfZhNmG2YfYp9ix2YrYqSwg2K3Yp9im2YQsINmF2YbYt9mC2Kkg2K3Yp9im2YDZgNmA2YDZhA!3m6!1s0x157647a9b6022d77:0xc89e79a1a65dacd!8m2!3d27.5138756!4d41.6931353!15sCmfZhdix2YPYsiDYqtmF2YPZitmGINin2YTYrtin2YXYsyDZhNmE2LHYudin2YrYqSDYp9mE2YbZh9in2LHZitipLCDYrdin2KbZhCwg2YXZhti32YLYqSDYrdin2KbZgNmA2YDZgNmEWl8iXdmF2LHZg9iyINiq2YXZg9mK2YYg2KfZhNiu2KfZhdizINmE2YTYsdi52KfZitipINin2YTZhtmH2KfYsdmK2Kkg2K3Yp9im2YQg2YXZhti32YLYqSDYrdin2KbZhJIBEGVkdWNhdGlvbl9jZW50ZXKaAURDaTlEUVVsUlFVTnZaRU5vZEhsalJqbHZUMnRPVmxOVlpFMVpWazVUVWtaQ01Gb3dPVTFsVmxKeFpGaEdORTFyUlJBQuABAPoBBQiXARBI!16s%2Fg%2F11ypgbjlx7?entry=ttu&g_ep=EgoyMDI2MDUxMy4wIKXMDSoASAFQAw%3D%3D",
        "place_category": "المركز التعليمي",
        "place_address": "ابن خلدون، المحطة، حائل 55421",
        "place_rating": 5.0,
        "place_review_count": 5
      }
    },
    {
      "type": "Feature",
      "geometry": {
        "type": "Point",
        "coordinates": [
          38.7872978,
          23.7822645
        ]
      },
      "properties": {
        "School": "مركز جمعية طموح لرعاية ذوي الاحتياجات الخاصة",
        "Region": "منطقة المدينة المنورة",
        "City": "محافظة بدر",
        "Type": "مركز شامل",
        "Gender": "اناث",
        "MaleStudents": "0",
        "FemaleStudents": "42",
        "SchoolCapacity": "56",
        "place_name": "جمعية طموح لرعاية ذوي الاحتياجات الخاصة",
        "place_url": "https://www.google.com/maps/place/%D8%AC%D9%85%D8%B9%D9%8A%D8%A9+%D8%B7%D9%85%D9%88%D8%AD+%D9%84%D8%B1%D8%B9%D8%A7%D9%8A%D8%A9+%D8%B0%D9%88%D9%8A+%D8%A7%D9%84%D8%A7%D8%AD%D8%AA%D9%8A%D8%A7%D8%AC%D8%A7%D8%AA+%D8%A7%D9%84%D8%AE%D8%A7%D8%B5%D8%A9%E2%80%AD/@23.7822645,38.7898727,17z/data=!3m1!4b1!4m6!3m5!1s0x15bed7eeb1c5ebb9:0xe063d4d2643698e2!8m2!3d23.7822645!4d38.7872978!16s%2Fg%2F11sb735z0t?entry=ttu&g_ep=EgoyMDI2MDUxMy4wIKXMDSoASAFQAw%3D%3D",
        "place_category": "جمعية / منظمة",
        "place_address": "YBMB3093، 3093 الشهداء 103، 7033، حي الشهداء،، بدر 46357،",
        "place_rating": 5.0,
        "place_review_count": 3
      }
    },
    {
      "type": "Feature",
      "geometry": null,
      "properties": {
        "School": "مركز جمعية اسناد الاشخاض ذوي الاعاقة لرعاية ذوي الاحتياجات الخاصة",
        "Region": "منطقة نجـــران",
        "City": "محافظة شرورة",
        "Type": "مركز شامل",
        "Gender": "ذكور",
        "MaleStudents": "0",
        "FemaleStudents": "0",
        "SchoolCapacity": "62"
      }
    },
    {
      "type": "Feature",
      "geometry": null,
      "properties": {
        "School": "مركز غاية وأمل للرعاية النهارية",
        "Region": "منطقة مكة المكرمـة",
        "City": "محافظة جدة",
        "Type": "مركز شامل",
        "Gender": "اناث",
        "MaleStudents": "0",
        "FemaleStudents": "15",
        "SchoolCapacity": "84"
      }
    },
    {
      "type": "Feature",
      "geometry": {
        "type": "Point",
        "coordinates": [
          43.5439082,
          29.6305067
        ]
      },
      "properties": {
        "School": "مركز آيادي نجد لتأهيل وتدريب ذوي الإعاقة للرعاية النهارية",
        "Region": "منطقة الريـــاض",
        "City": "الرياض",
        "Type": "مركز شامل",
        "Gender": "اناث",
        "MaleStudents": "0",
        "FemaleStudents": "1",
        "SchoolCapacity": "77",
        "place_name": "مركز أيادي نجد لرعاية النهارية",
        "place_url": "https://www.google.com/maps/place/%D9%85%D8%B1%D9%83%D8%B2+%D8%A3%D9%8A%D8%A7%D8%AF%D9%8A+%D9%86%D8%AC%D8%AF+%D9%84%D8%B1%D8%B9%D8%A7%D9%8A%D8%A9+%D8%A7%D9%84%D9%86%D9%87%D8%A7%D8%B1%D9%8A%D8%A9%E2%80%AD/@29.6305067,52.7724238,6z/data=!4m10!1m2!2m1!1z2YXYsdmD2LIg2KLZitin2K_ZiiDZhtis2K8g2YTYqtij2YfZitmEINmI2KrYr9ix2YrYqCDYsNmI2Yog2KfZhNil2LnYp9mC2Kkg2YTZhNix2LnYp9mK2Kkg2KfZhNmG2YfYp9ix2YrYqSwg2KfZhNix2YrYp9i2LCDZhdmG2LfZgtipINin2YTYsdmK2YDZgNmA2KfYtg!3m6!1s0x156467e195b6a9d9:0xff3f723154911201!8m2!3d29.6305067!4d43.5439082!15sCpcB2YXYsdmD2LIg2KLZitin2K_ZiiDZhtis2K8g2YTYqtij2YfZitmEINmI2KrYr9ix2YrYqCDYsNmI2Yog2KfZhNil2LnYp9mC2Kkg2YTZhNix2LnYp9mK2Kkg2KfZhNmG2YfYp9ix2YrYqSwg2KfZhNix2YrYp9i2LCDZhdmG2LfZgtipINin2YTYsdmK2YDZgNmA2KfYtlqSASKPAdmF2LHZg9iyINii2YrYp9iv2Yog2YbYrNivINmE2KrYo9mH2YrZhCDZiNiq2K_YsdmK2Kgg2LDZiNmKINin2YTYpdi52KfZgtipINmE2YTYsdi52KfZitipINin2YTZhtmH2KfYsdmK2Kkg2KfZhNix2YrYp9i2INmF2YbYt9mC2Kkg2KfZhNix2YrYp9i2kgEbYXNzb2NpYXRpb25fb3Jfb3JnYW5pemF0aW9umgFEQ2k5RFFVbFJRVU52WkVOb2RIbGpSamx2VDIxamVreFlhekZrVlRGdVl6QldibUpZVW5kWmEzQkNZbXM1YVZWV1JSQULgAQD6AQQIABAe!16s%2Fg%2F11vb121qqv?entry=ttu&g_ep=EgoyMDI2MDUxMy4wIKXMDSoASAFQAw%3D%3D",
        "place_category": "جمعية / منظمة",
        "place_address": "حي الجميماء، SRYB7893، 7893 شارع الامير عبدالله بن مساعد بن عبدالعزيز، 5386، رفحاء 76313",
        "place_rating": 4.6,
        "place_review_count": 4
      }
    },
    {
      "type": "Feature",
      "geometry": {
        "type": "Point",
        "coordinates": [
          46.6599796,
          24.5944508
        ]
      },
      "properties": {
        "School": "مركز بصمة قدراتي للرعاية النهارية",
        "Region": "منطقة الريـــاض",
        "City": "الرياض",
        "Type": "مركز شامل",
        "Gender": "اناث",
        "MaleStudents": "0",
        "FemaleStudents": "81",
        "SchoolCapacity": "96",
        "place_name": "مركز بصمة قدراتي للرعاية النهارية",
        "place_url": "https://www.google.com/maps/place/%D9%85%D8%B1%D9%83%D8%B2+%D8%A8%D8%B5%D9%85%D8%A9+%D9%82%D8%AF%D8%B1%D8%A7%D8%AA%D9%8A+%D9%84%D9%84%D8%B1%D8%B9%D8%A7%D9%8A%D8%A9+%D8%A7%D9%84%D9%86%D9%87%D8%A7%D8%B1%D9%8A%D8%A9%E2%80%AD/@24.5944508,46.6625545,17z/data=!3m1!4b1!4m6!3m5!1s0x3e2f1b848170f7fd:0x6bf45e8da35ff4d!8m2!3d24.5944508!4d46.6599796!16s%2Fg%2F11lw2nh_x1?entry=ttu&g_ep=EgoyMDI2MDUxMy4wIKXMDSoASAFQAw%3D%3D",
        "place_category": "مركز تدريب",
        "place_address": "كعب بن زهير، _السويدي، الرياض 12787",
        "place_rating": 4.6,
        "place_review_count": 20
      }
    },
    {
      "type": "Feature",
      "geometry": {
        "type": "Point",
        "coordinates": [
          42.5980892,
          18.2747038
        ]
      },
      "properties": {
        "School": "مركز روح الاصرار للرعاية النهارية",
        "Region": "منطقة عسيــر",
        "City": "أبها",
        "Type": "مركز شامل",
        "Gender": "اناث",
        "MaleStudents": "0",
        "FemaleStudents": "134",
        "SchoolCapacity": "200",
        "place_name": "شركة روح الاصرار للرعاية النهارية",
        "place_url": "https://www.google.com/maps/place/%D8%B4%D8%B1%D9%83%D8%A9+%D8%B1%D9%88%D8%AD+%D8%A7%D9%84%D8%A7%D8%B5%D8%B1%D8%A7%D8%B1+%D9%84%D9%84%D8%B1%D8%B9%D8%A7%D9%8A%D8%A9+%D8%A7%D9%84%D9%86%D9%87%D8%A7%D8%B1%D9%8A%D8%A9%E2%80%AD/@18.2747038,42.6071014,16z/data=!4m10!1m2!2m1!1z2YXYsdmD2LIg2LHZiNitINin2YTYp9i12LHYp9ixINmE2YTYsdi52KfZitipINin2YTZhtmH2KfYsdmK2KksINij2KjZh9inLCDZhdmG2LfZgtipINi52LPZitmA2YDYsQ!3m6!1s0x15fb55cab37b63a3:0xe39d420eac4b4f65!8m2!3d18.2747038!4d42.5980892!15sCmHZhdix2YPYsiDYsdmI2K0g2KfZhNin2LXYsdin2LEg2YTZhNix2LnYp9mK2Kkg2KfZhNmG2YfYp9ix2YrYqSwg2KPYqNmH2KcsINmF2YbYt9mC2Kkg2LnYs9mK2YDZgNixWl0iW9mF2LHZg9iyINix2YjYrSDYp9mE2KfYtdix2KfYsSDZhNmE2LHYudin2YrYqSDYp9mE2YbZh9in2LHZitipINij2KjZh9inINmF2YbYt9mC2Kkg2LnYs9mK2LGSARVyZWhhYmlsaXRhdGlvbl9jZW50ZXKaAURDaTlEUVVsUlFVTnZaRU5vZEhsalJqbHZUMnRKZUU0eWVHWlRNbVJvV0RJMVZtSkZOWHBPU0dNMFdWZFdUVlZJWXhBQuABAPoBBAgAEBA!16s%2Fg%2F11tfdnysg0?entry=ttu&g_ep=EgoyMDI2MDUxMy4wIKXMDSoASAFQAw%3D%3D",
        "place_category": "مركز إعادة التأهيل",
        "place_address": "المحالة،، ABPD3942، 3942 دميغ، 7107،، لعصان 62564",
        "place_rating": 4.0,
        "place_review_count": 4
      }
    },
    {
      "type": "Feature",
      "geometry": {
        "type": "Point",
        "coordinates": [
          45.2559188,
          25.2313131
        ]
      },
      "properties": {
        "School": "مركز أمل الحياة للرعاية النهارية",
        "Region": "منطقة الريـــاض",
        "City": "محافظة شقراء",
        "Type": "مركز شامل",
        "Gender": "كلا الجنسين",
        "MaleStudents": "56",
        "FemaleStudents": "55",
        "SchoolCapacity": "66",
        "place_name": "مركز أمل الحياة للرعاية النهارية",
        "place_url": "https://www.google.com/maps/place/%D9%85%D8%B1%D9%83%D8%B2+%D8%A3%D9%85%D9%84+%D8%A7%D9%84%D8%AD%D9%8A%D8%A7%D8%A9+%D9%84%D9%84%D8%B1%D8%B9%D8%A7%D9%8A%D8%A9+%D8%A7%D9%84%D9%86%D9%87%D8%A7%D8%B1%D9%8A%D8%A9%E2%80%AD/@25.2313131,45.2584937,17z/data=!3m1!4b1!4m6!3m5!1s0x3e2a6905955b029f:0xdcd0e9575f513f2a!8m2!3d25.2313131!4d45.2559188!16s%2Fg%2F11c1trrb10?entry=ttu&g_ep=EgoyMDI2MDUxMy4wIKXMDSoASAFQAw%3D%3D",
        "place_category": "مركز لرعاية الأطفال",
        "place_address": "الشفاء، شقراء 15557",
        "place_rating": 5.0,
        "place_review_count": null
      }
    },
    {
      "type": "Feature",
      "geometry": {
        "type": "Point",
        "coordinates": [
          36.5337565,
          28.4561211
        ]
      },
      "properties": {
        "School": "مركز بسمة الوجة  للرعاية النهارية",
        "Region": "منطقة تبـــوك",
        "City": "تبوك",
        "Type": "مركز شامل",
        "Gender": "اناث",
        "MaleStudents": "0",
        "FemaleStudents": "132",
        "SchoolCapacity": "137",
        "place_name": "مركز بسمة الوجه بتبوك لذوي الاحتياجات الخاصة",
        "place_url": "https://www.google.com/maps/place/%D9%85%D8%B1%D9%83%D8%B2+%D8%A8%D8%B3%D9%85%D8%A9+%D8%A7%D9%84%D9%88%D8%AC%D9%87+%D8%A8%D8%AA%D8%A8%D9%88%D9%83+%D9%84%D8%B0%D9%88%D9%8A+%D8%A7%D9%84%D8%A7%D8%AD%D8%AA%D9%8A%D8%A7%D8%AC%D8%A7%D8%AA+%D8%A7%D9%84%D8%AE%D8%A7%D8%B5%D8%A9%E2%80%AD/@28.4561211,36.5363314,17z/data=!3m1!4b1!4m6!3m5!1s0x15a9b3d81488f415:0x8a7ca81359f1d664!8m2!3d28.4561211!4d36.5337565!16s%2Fg%2F11sfr78rvf?entry=ttu&g_ep=EgoyMDI2MDUxMy4wIKXMDSoASAFQAw%3D%3D",
        "place_category": "مدرسة خاصة",
        "place_address": "المصيف، تبوك 47324",
        "place_rating": 4.9,
        "place_review_count": 4
      }
    },
    {
      "type": "Feature",
      "geometry": {
        "type": "Point",
        "coordinates": [
          50.186737,
          26.406448
        ]
      },
      "properties": {
        "School": "مركز عبور للرعاية النهارية",
        "Region": "المنطقة الشرقيـــة",
        "City": "الدمام",
        "Type": "مركز شامل",
        "Gender": "اناث",
        "MaleStudents": "0",
        "FemaleStudents": "130",
        "SchoolCapacity": "300",
        "place_name": "مركز عبور للرعاية النهارية فرع الدمام",
        "place_url": "https://www.google.com/maps/place/%D9%85%D8%B1%D9%83%D8%B2+%D8%B9%D8%A8%D9%88%D8%B1+%D9%84%D9%84%D8%B1%D8%B9%D8%A7%D9%8A%D8%A9+%D8%A7%D9%84%D9%86%D9%87%D8%A7%D8%B1%D9%8A%D8%A9+%D9%81%D8%B1%D8%B9+%D8%A7%D9%84%D8%AF%D9%85%D8%A7%D9%85%E2%80%AD/@26.406448,50.3309326,12z/data=!4m10!1m2!2m1!1z2YXYsdmD2LIg2LnYqNmI2LEg2YTZhNix2LnYp9mK2Kkg2KfZhNmG2YfYp9ix2YrYqSwg2KfZhNiv2YXYp9mFLCDYp9mE2YXZhti32YLYqSDYp9mE2LTYsdmC2YrZgNmA2YDYqQ!3m6!1s0x3e49efb7bf11e87d:0x40fc60345856255b!8m2!3d26.406448!4d50.186737!15sCmTZhdix2YPYsiDYudio2YjYsSDZhNmE2LHYudin2YrYqSDYp9mE2YbZh9in2LHZitipLCDYp9mE2K_Zhdin2YUsINin2YTZhdmG2LfZgtipINin2YTYtNix2YLZitmA2YDZgNipWl4iXNmF2LHZg9iyINi52KjZiNixINmE2YTYsdi52KfZitipINin2YTZhtmH2KfYsdmK2Kkg2KfZhNiv2YXYp9mFINin2YTZhdmG2LfZgtipINin2YTYtNix2YLZitipkgEVYWR1bHRfZGF5X2NhcmVfY2VudGVymgFEQ2k5RFFVbFJRVU52WkVOb2RIbGpSamx2VDI1R2NsTXpVbGRWV0d4RVlUTnNORlpITlRWaVZYaExUVVZHTWxaV1JSQULgAQD6AQQIABAu!16s%2Fg%2F11yvtp2h2t?entry=ttu&g_ep=EgoyMDI2MDUxMy4wIKXMDSoASAFQAw%3D%3D",
        "place_category": "مركز رعاية نهارية للكبار",
        "place_address": "4487 شارع الزهرة، النورس، الدمام 32214",
        "place_rating": 4.8,
        "place_review_count": 4
      }
    },
    {
      "type": "Feature",
      "geometry": {
        "type": "Point",
        "coordinates": [
          40.4158855,
          21.3578981
        ]
      },
      "properties": {
        "School": "مركز الرعاية المتميزة لرعاية ذوي الاحتياجات الخاصة",
        "Region": "منطقة مكة المكرمـة",
        "City": "محافظة الطائف",
        "Type": "مركز شامل",
        "Gender": "ذكور",
        "MaleStudents": "166",
        "FemaleStudents": "0",
        "SchoolCapacity": "178",
        "place_name": "مركز الرعايه المتميزة",
        "place_url": "https://www.google.com/maps/place/%D9%85%D8%B1%D9%83%D8%B2+%D8%A7%D9%84%D8%B1%D8%B9%D8%A7%D9%8A%D9%87+%D8%A7%D9%84%D9%85%D8%AA%D9%85%D9%8A%D8%B2%D8%A9%E2%80%AD/@21.324881,39.7049856,11z/data=!4m6!3m5!1s0x15ea276f5365dbed:0x4d8a61c9377ccf77!8m2!3d21.3578981!4d40.4158855!16s%2Fg%2F11c31wffkp?entry=ttu&g_ep=EgoyMDI2MDUxMy4wIKXMDSoASAFQAw%3D%3D",
        "place_category": "مؤسسة تعليمية",
        "place_address": "4656، 7138، حي السويقة، الطائف 26564",
        "place_rating": 4.1,
        "place_review_count": 14
      }
    },
    {
      "type": "Feature",
      "geometry": null,
      "properties": {
        "School": "مركز التوحد للرعاية النهارية - فرع جدة",
        "Region": "منطقة مكة المكرمـة",
        "City": "محافظة جدة",
        "Type": "مركز توحد",
        "Gender": "اناث",
        "MaleStudents": "0",
        "FemaleStudents": "48",
        "SchoolCapacity": "106"
      }
    },
    {
      "type": "Feature",
      "geometry": {
        "type": "Point",
        "coordinates": [
          46.6784763,
          24.62363
        ]
      },
      "properties": {
        "School": "مركزالتخصصي للرعاية النهارية - ظهرة البديعة",
        "Region": "منطقة الريـــاض",
        "City": "الرياض",
        "Type": "مركز شامل",
        "Gender": "اناث",
        "MaleStudents": "0",
        "FemaleStudents": "106",
        "SchoolCapacity": "106",
        "place_name": "المركز التخصصي لتدريب وتأهيل ذوي الإعاقة | Specialized Center for Training & Rehabilitation of Disabled",
        "place_url": "https://www.google.com/maps/place/%D8%A7%D9%84%D9%85%D8%B1%D9%83%D8%B2+%D8%A7%D9%84%D8%AA%D8%AE%D8%B5%D8%B5%D9%8A+%D9%84%D8%AA%D8%AF%D8%B1%D9%8A%D8%A8+%D9%88%D8%AA%D8%A3%D9%87%D9%8A%D9%84+%D8%B0%D9%88%D9%8A+%D8%A7%D9%84%D8%A5%D8%B9%D8%A7%D9%82%D8%A9+%7C+Specialized+Center+for+Training+%26+Rehabilitation+of+Disabled%E2%80%AD/@24.62363,46.7505741,13z/data=!4m10!1m2!2m1!1z2YXYsdmD2LLYp9mE2KrYrti12LXZiiDZhNmE2LHYudin2YrYqSDYp9mE2YbZh9in2LHZitipIC0g2LjZh9ix2Kkg2KfZhNio2K_Ziti52KksINin2YTYsdmK2KfYtiwg2YXZhti32YLYqSDYp9mE2LHZitmA2YDZgNin2LY!3m6!1s0x3e2f0544ede94c4b:0x5dc5ccf2f5a02992!8m2!3d24.62363!4d46.6784763!15sCn3Zhdix2YPYstin2YTYqtiu2LXYtdmKINmE2YTYsdi52KfZitipINin2YTZhtmH2KfYsdmK2KkgLSDYuNmH2LHYqSDYp9mE2KjYr9mK2LnYqSwg2KfZhNix2YrYp9i2LCDZhdmG2LfZgtipINin2YTYsdmK2YDZgNmA2KfYtlp1InPZhdix2YPYstin2YTYqtiu2LXYtdmKINmE2YTYsdi52KfZitipINin2YTZhtmH2KfYsdmK2Kkg2LjZh9ix2Kkg2KfZhNio2K_Ziti52Kkg2KfZhNix2YrYp9i2INmF2YbYt9mC2Kkg2KfZhNix2YrYp9i2kgEPY3JhbW1pbmdfc2Nob29smgEjQ2haRFNVaE5NRzluUzBWSlEwRm5TVU5QTkdaVFVtWm5FQUXgAQD6AQQIABBJ!16s%2Fg%2F11g4gx11gk?entry=ttu&g_ep=EgoyMDI2MDUxMy4wIKXMDSoASAFQAw%3D%3D",
        "place_category": "المدرسة التأهيلية",
        "place_address": "2356 سليمان بن علي ال مشرف، البديعة، 7187، الرياض 12746",
        "place_rating": 4.6,
        "place_review_count": 4
      }
    },
    {
      "type": "Feature",
      "geometry": null,
      "properties": {
        "School": "مركز التوحد الأول بجدة",
        "Region": "منطقة مكة المكرمـة",
        "City": "محافظة جدة",
        "Type": "مركز توحد",
        "Gender": "اناث",
        "MaleStudents": "0",
        "FemaleStudents": "98",
        "SchoolCapacity": "101"
      }
    },
    {
      "type": "Feature",
      "geometry": null,
      "properties": {
        "School": "مركز شباب عبور للرعاية النهارية",
        "Region": "منطقة الجـــوف",
        "City": "سكاكا",
        "Type": "مركز شامل",
        "Gender": "ذكور",
        "MaleStudents": "118",
        "FemaleStudents": "0",
        "SchoolCapacity": "200"
      }
    },
    {
      "type": "Feature",
      "geometry": null,
      "properties": {
        "School": "مركز رعاية للرعاية النهارية",
        "Region": "منطقة القصيـــم",
        "City": "بريدة",
        "Type": "مركز شامل",
        "Gender": "اناث",
        "MaleStudents": "0",
        "FemaleStudents": "285",
        "SchoolCapacity": "727"
      }
    },
    {
      "type": "Feature",
      "geometry": {
        "type": "Point",
        "coordinates": [
          46.5645396,
          24.644342
        ]
      },
      "properties": {
        "School": "مركز التميز للرعاية النهارية",
        "Region": "منطقة الريـــاض",
        "City": "الرياض",
        "Type": "مركز شامل",
        "Gender": "اناث",
        "MaleStudents": "0",
        "FemaleStudents": "96",
        "SchoolCapacity": "180",
        "place_name": "مركز التميز للرعاية النهارية",
        "place_url": "https://www.google.com/maps/place/%D9%85%D8%B1%D9%83%D8%B2+%D8%A7%D9%84%D8%AA%D9%85%D9%8A%D8%B2+%D9%84%D9%84%D8%B1%D8%B9%D8%A7%D9%8A%D8%A9+%D8%A7%D9%84%D9%86%D9%87%D8%A7%D8%B1%D9%8A%D8%A9%E2%80%AD/@24.644342,46.5671145,17z/data=!3m1!4b1!4m6!3m5!1s0x3e2f1f003cf688fd:0xbde3b8aba645a9e0!8m2!3d24.644342!4d46.5645396!16s%2Fg%2F11x26svs8k?entry=ttu&g_ep=EgoyMDI2MDUxMy4wIKXMDSoASAFQAw%3D%3D",
        "place_category": "مركز الرعاية الصحية للأطفال",
        "place_address": "قباء، ظهرة لبن، الرياض 13782",
        "place_rating": 4.9,
        "place_review_count": 34
      }
    },
    {
      "type": "Feature",
      "geometry": {
        "type": "Point",
        "coordinates": [
          38.7872978,
          23.7822645
        ]
      },
      "properties": {
        "School": "جمعية طموح لرعاية ذوي لاحتياجات الخاصة",
        "Region": "منطقة المدينة المنورة",
        "City": "محافظة بدر",
        "Type": "",
        "Gender": "0",
        "MaleStudents": "0",
        "FemaleStudents": "0",
        "SchoolCapacity": "0",
        "place_name": "جمعية طموح لرعاية ذوي الاحتياجات الخاصة",
        "place_url": "https://www.google.com/maps/place/%D8%AC%D9%85%D8%B9%D9%8A%D8%A9+%D8%B7%D9%85%D9%88%D8%AD+%D9%84%D8%B1%D8%B9%D8%A7%D9%8A%D8%A9+%D8%B0%D9%88%D9%8A+%D8%A7%D9%84%D8%A7%D8%AD%D8%AA%D9%8A%D8%A7%D8%AC%D8%A7%D8%AA+%D8%A7%D9%84%D8%AE%D8%A7%D8%B5%D8%A9%E2%80%AD/@23.7822645,38.7898727,17z/data=!3m1!4b1!4m6!3m5!1s0x15bed7eeb1c5ebb9:0xe063d4d2643698e2!8m2!3d23.7822645!4d38.7872978!16s%2Fg%2F11sb735z0t?entry=ttu&g_ep=EgoyMDI2MDUxMy4wIKXMDSoASAFQAw%3D%3D",
        "place_category": "جمعية / منظمة",
        "place_address": "YBMB3093، 3093 الشهداء 103، 7033، حي الشهداء،، بدر 46357،",
        "place_rating": 5.0,
        "place_review_count": 3
      }
    },
    {
      "type": "Feature",
      "geometry": {
        "type": "Point",
        "coordinates": [
          46.7304432,
          24.6862456
        ]
      },
      "properties": {
        "School": "مركز الوليد لرعاية ذوي الاحتياجات الخاصة",
        "Region": "منطقة الريـــاض",
        "City": "الرياض",
        "Type": "مركز شامل",
        "Gender": "ذكور",
        "MaleStudents": "0",
        "FemaleStudents": "0",
        "SchoolCapacity": "104",
        "place_name": "مركز الوليد للتأهيل",
        "place_url": "https://www.google.com/maps/place/%D9%85%D8%B1%D9%83%D8%B2+%D8%A7%D9%84%D9%88%D9%84%D9%8A%D8%AF+%D9%84%D9%84%D8%AA%D8%A3%D9%87%D9%8A%D9%84%E2%80%AD/@24.6862456,46.7330181,17z/data=!3m1!4b1!4m6!3m5!1s0x3e2f040af1470145:0xb92863d97032cee1!8m2!3d24.6862456!4d46.7304432!16s%2Fg%2F11bzvztmqk?entry=ttu&g_ep=EgoyMDI2MDUxMy4wIKXMDSoASAFQAw%3D%3D",
        "place_category": "مركز إعادة التأهيل",
        "place_address": "MPPJ+F5W، ابن بطوطة، الزهراء، الرياض 12812",
        "place_rating": 4.0,
        "place_review_count": 26
      }
    },
    {
      "type": "Feature",
      "geometry": {
        "type": "Point",
        "coordinates": [
          42.6522882,
          17.1552102
        ]
      },
      "properties": {
        "School": "مركز بسمة إنسان للرعاية النهارية",
        "Region": "منطقة جــازان",
        "City": "محافظة صبياء",
        "Type": "مركز شامل",
        "Gender": "اناث",
        "MaleStudents": "0",
        "FemaleStudents": "142",
        "SchoolCapacity": "190",
        "place_name": "مركز بسمة إنسان للرعاية النهارية.",
        "place_url": "https://www.google.com/maps/place/%D9%85%D8%B1%D9%83%D8%B2+%D8%A8%D8%B3%D9%85%D8%A9+%D8%A5%D9%86%D8%B3%D8%A7%D9%86+%D9%84%D9%84%D8%B1%D8%B9%D8%A7%D9%8A%D8%A9+%D8%A7%D9%84%D9%86%D9%87%D8%A7%D8%B1%D9%8A%D8%A9.%E2%80%AD/@17.1552102,42.6548631,17z/data=!3m1!4b1!4m6!3m5!1s0x15fd519279bd8697:0x41384ffc8cab4730!8m2!3d17.1552102!4d42.6522882!16s%2Fg%2F11t7bv236r?entry=ttu&g_ep=EgoyMDI2MDUxMy4wIKXMDSoASAFQAw%3D%3D",
        "place_category": "المركز التعليمي",
        "place_address": "5M42+3WM، الصفاء، صبيا 85534",
        "place_rating": 4.8,
        "place_review_count": 100
      }
    },
    {
      "type": "Feature",
      "geometry": null,
      "properties": {
        "School": "مركز سندهم لرعاية المعاقين الأهلية",
        "Region": "منطقة عسيــر",
        "City": "محافظة بالقرن (سبت العلايا)",
        "Type": "مركز شامل",
        "Gender": "اناث",
        "MaleStudents": "0",
        "FemaleStudents": "64",
        "SchoolCapacity": "102"
      }
    },
    {
      "type": "Feature",
      "geometry": null,
      "properties": {
        "School": "مركز قمة التحدي لرعاية ذوي الاحتياجات الخاصة",
        "Region": "منطقة المدينة المنورة",
        "City": "محافظة ينبع",
        "Type": "مركز شامل",
        "Gender": "اناث",
        "MaleStudents": "0",
        "FemaleStudents": "74",
        "SchoolCapacity": "150"
      }
    },
    {
      "type": "Feature",
      "geometry": {
        "type": "Point",
        "coordinates": [
          45.3619086,
          25.9092625
        ]
      },
      "properties": {
        "School": "مركز شباب عبور للرعاية النهارية",
        "Region": "منطقة الريـــاض",
        "City": "محافظة المجمعة",
        "Type": "مركز شامل",
        "Gender": "ذكور",
        "MaleStudents": "61",
        "FemaleStudents": "0",
        "SchoolCapacity": "200",
        "place_name": "مركز شباب عبور المجمعة للرعاية النهارية",
        "place_url": "https://www.google.com/maps/place/%D9%85%D8%B1%D9%83%D8%B2+%D8%B4%D8%A8%D8%A7%D8%A8+%D8%B9%D8%A8%D9%88%D8%B1+%D8%A7%D9%84%D9%85%D8%AC%D9%85%D8%B9%D8%A9+%D9%84%D9%84%D8%B1%D8%B9%D8%A7%D9%8A%D8%A9+%D8%A7%D9%84%D9%86%D9%87%D8%A7%D8%B1%D9%8A%D8%A9%E2%80%AD/@25.9092625,45.3644835,17z/data=!3m1!4b1!4m6!3m5!1s0x3e2ac77fdc561445:0x2d5a44c888cd431e!8m2!3d25.9092625!4d45.3619086!16s%2Fg%2F11t9jrrwb5?entry=ttu&g_ep=EgoyMDI2MDUxMy4wIKXMDSoASAFQAw%3D%3D",
        "place_category": "مركز لرعاية الأطفال",
        "place_address": "شارع عبيدة بن الحارث، الملك عبدالعزيز، المجمعة 15362",
        "place_rating": 4.4,
        "place_review_count": 17
      }
    },
    {
      "type": "Feature",
      "geometry": null,
      "properties": {
        "School": "مركز هجر للرعاية النهارية",
        "Region": "المنطقة الشرقيـــة",
        "City": "محافظة الاحساء",
        "Type": "مركز شامل",
        "Gender": "ذكور",
        "MaleStudents": "159",
        "FemaleStudents": "0",
        "SchoolCapacity": "193"
      }
    },
    {
      "type": "Feature",
      "geometry": null,
      "properties": {
        "School": "مركز ايادي نجد لتاهيل وتدريب ذوي الاحتياجات الخاصة - رفحاء",
        "Region": "منطقة الحدود الشمالية",
        "City": "محافظة رفحاء",
        "Type": "مركز شامل",
        "Gender": "اناث",
        "MaleStudents": "0",
        "FemaleStudents": "52",
        "SchoolCapacity": "124"
      }
    },
    {
      "type": "Feature",
      "geometry": {
        "type": "Point",
        "coordinates": [
          36.5519143,
          28.4644308
        ]
      },
      "properties": {
        "School": "مركز لمسة حنان لرعاية ذوي الاحتياجات الخاصة",
        "Region": "منطقة تبـــوك",
        "City": "تبوك",
        "Type": "مركز شامل",
        "Gender": "اناث",
        "MaleStudents": "0",
        "FemaleStudents": "101",
        "SchoolCapacity": "102",
        "place_name": "مركز لمسة حنان لذوي الإحتياجات الخاصة",
        "place_url": "https://www.google.com/maps/place/%D9%85%D8%B1%D9%83%D8%B2+%D9%84%D9%85%D8%B3%D8%A9+%D8%AD%D9%86%D8%A7%D9%86+%D9%84%D8%B0%D9%88%D9%8A+%D8%A7%D9%84%D8%A5%D8%AD%D8%AA%D9%8A%D8%A7%D8%AC%D8%A7%D8%AA+%D8%A7%D9%84%D8%AE%D8%A7%D8%B5%D8%A9%E2%80%AD/@28.4644308,36.5544892,17z/data=!3m1!4b1!4m6!3m5!1s0x15a9b375978955b5:0x821f2759855dac06!8m2!3d28.4644308!4d36.5519143!16s%2Fg%2F11gm8q_x3d?entry=ttu&g_ep=EgoyMDI2MDUxMy4wIKXMDSoASAFQAw%3D%3D",
        "place_category": "مركز رعاية الطفل",
        "place_address": "Unnamed Road، تبوك 47325",
        "place_rating": 3.7,
        "place_review_count": 12
      }
    },
    {
      "type": "Feature",
      "geometry": {
        "type": "Point",
        "coordinates": [
          40.4427871,
          21.3045161
        ]
      },
      "properties": {
        "School": "مركز متخصص لرعاية ذوية الاحتياجات الخاصة - فرع الاناث",
        "Region": "منطقة مكة المكرمـة",
        "City": "محافظة الطائف",
        "Type": "مركز شامل",
        "Gender": "اناث",
        "MaleStudents": "0",
        "FemaleStudents": "82",
        "SchoolCapacity": "101",
        "place_name": "مركز متخصص للرعاية النهاريه",
        "place_url": "https://www.google.com/maps/place/%D9%85%D8%B1%D9%83%D8%B2+%D9%85%D8%AA%D8%AE%D8%B5%D8%B5+%D9%84%D9%84%D8%B1%D8%B9%D8%A7%D9%8A%D8%A9+%D8%A7%D9%84%D9%86%D9%87%D8%A7%D8%B1%D9%8A%D9%87%E2%80%AD/@21.3045161,41.5963516,9z/data=!4m10!1m2!2m1!1z2YXYsdmD2LIg2YXYqtiu2LXYtSDZhNix2LnYp9mK2Kkg2LDZiNmK2Kkg2KfZhNin2K3YqtmK2KfYrNin2Kog2KfZhNiu2KfYtdipIC0g2YHYsdi5INin2YTYp9mG2KfYqywg2YXYrdin2YHYuNipINin2YTYt9in2KbZgSwg2YXZhti32YLYqSDZhdmD2Kkg2KfZhNmF2YPYsdmF2YDYqQ!3m6!1s0x15e989c923dd8953:0x96e8809a23813758!8m2!3d21.3045161!4d40.4427871!15sCp4B2YXYsdmD2LIg2YXYqtiu2LXYtSDZhNix2LnYp9mK2Kkg2LDZiNmKINin2YTYp9it2KrZitin2KzYp9iqINin2YTYrtin2LXYqSAtINmB2LHYuSDYp9mE2KfZhtin2KssINmF2K3Yp9mB2LjYqSDYp9mE2LfYp9im2YEsINmF2YbYt9mC2Kkg2YXZg9ipINin2YTZhdmD2LHZhdmA2KlamwEimAHZhdix2YPYsiDZhdiq2K7Ytdi1INmE2LHYudin2YrYqSDYsNmI2Yog2KfZhNin2K3YqtmK2KfYrNin2Kog2KfZhNiu2KfYtdipINmB2LHYuSDYp9mE2KfZhtin2Ksg2YXYrdin2YHYuNipINin2YTYt9in2KbZgSDZhdmG2LfZgtipINmF2YPYqSDYp9mE2YXZg9ix2YXYqZIBF2VkdWNhdGlvbmFsX2luc3RpdHV0aW9umgEjQ2haRFNVaE5NRzluUzBWSlEwRm5TVVIyYUVsRFlrMVJFQUXgAQD6AQQIABAl!16s%2Fg%2F11sg9sc806?entry=ttu&g_ep=EgoyMDI2MDUxMy4wIKXMDSoASAFQAw%3D%3D",
        "place_category": "مؤسسة تعليمية",
        "place_address": "مخطط قصر، جبره، الطائف 26525",
        "place_rating": 3.7,
        "place_review_count": 3
      }
    },
    {
      "type": "Feature",
      "geometry": null,
      "properties": {
        "School": "مركز إشراقة لرعاية ذوي الاحتياجات الخاصة",
        "Region": "منطقة عسيــر",
        "City": "محافظة محايل عسير",
        "Type": "مركز شامل",
        "Gender": "اناث",
        "MaleStudents": "0",
        "FemaleStudents": "109",
        "SchoolCapacity": "140"
      }
    },
    {
      "type": "Feature",
      "geometry": null,
      "properties": {
        "School": "مؤسسة مركز مهارات التفوق للرعاية النهارية",
        "Region": "منطقة مكة المكرمـة",
        "City": "محافظة جدة",
        "Type": "مركز شامل",
        "Gender": "ذكور",
        "MaleStudents": "104",
        "FemaleStudents": "0",
        "SchoolCapacity": "128"
      }
    },
    {
      "type": "Feature",
      "geometry": {
        "type": "Point",
        "coordinates": [
          43.7738009,
          26.0437291
        ]
      },
      "properties": {
        "School": "مركز العريني للرعاية النهارية",
        "Region": "منطقة القصيـــم",
        "City": "محافظة البدائع",
        "Type": "مركز شامل",
        "Gender": "اناث",
        "MaleStudents": "0",
        "FemaleStudents": "75",
        "SchoolCapacity": "200",
        "place_name": "مركز يوسف العريني للرعاية النهارية، البدائع 56343",
        "place_url": "https://www.google.com/maps/place/%D9%85%D8%B1%D9%83%D8%B2+%D9%8A%D9%88%D8%B3%D9%81+%D8%A7%D9%84%D8%B9%D8%B1%D9%8A%D9%86%D9%8A+%D9%84%D9%84%D8%B1%D8%B9%D8%A7%D9%8A%D8%A9+%D8%A7%D9%84%D9%86%D9%87%D8%A7%D8%B1%D9%8A%D8%A9%D8%8C+%D8%A7%D9%84%D8%A8%D8%AF%D8%A7%D8%A6%D8%B9+56343%E2%80%AD/@26.0434426,43.7766659,17z/data=!3m1!4b1!4m6!3m5!1s0x15822095a81f1339:0x1f9adb9786edc44c!8m2!3d26.0437291!4d43.7738009!16s%2Fg%2F11bvtjsv_3?entry=ttu&g_ep=EgoyMDI2MDUxMy4wIKXMDSoASAFQAw%3D%3D",
        "place_category": null,
        "place_address": null,
        "place_rating": 4.6,
        "place_review_count": 4
      }
    },
    {
      "type": "Feature",
      "geometry": {
        "type": "Point",
        "coordinates": [
          39.2138947,
          21.5451317
        ]
      },
      "properties": {
        "School": "مركز غدا ابداع للرعاية النهارية",
        "Region": "منطقة مكة المكرمـة",
        "City": "محافظة جدة",
        "Type": "مركز شامل",
        "Gender": "ذكور",
        "MaleStudents": "93",
        "FemaleStudents": "0",
        "SchoolCapacity": "122",
        "place_name": "مركز غداً أُبدع للرعايه النهاريه",
        "place_url": "https://www.google.com/maps/place/%D9%85%D8%B1%D9%83%D8%B2+%D8%BA%D8%AF%D8%A7%D9%8B+%D8%A3%D9%8F%D8%A8%D8%AF%D8%B9+%D9%84%D9%84%D8%B1%D8%B9%D8%A7%D9%8A%D9%87+%D8%A7%D9%84%D9%86%D9%87%D8%A7%D8%B1%D9%8A%D9%87%E2%80%AD/@21.323515,40.1996487,9z/data=!4m10!1m2!2m1!1z2YXYsdmD2LIg2LrYr9inINin2KjYr9in2Lkg2YTZhNix2LnYp9mK2Kkg2KfZhNmG2YfYp9ix2YrYqSwg2YXYrdin2YHYuNipINis2K_YqSwg2YXZhti32YLYqSDZhdmD2Kkg2KfZhNmF2YPYsdmF2YDYqQ!3m6!1s0x15c3d128ae0cdba7:0x2a278aa540c042f!8m2!3d21.5451317!4d39.2138947!15sCnPZhdix2YPYsiDYutiv2Kcg2KfYqNiv2KfYuSDZhNmE2LHYudin2YrYqSDYp9mE2YbZh9in2LHZitipLCDZhdit2KfZgdi42Kkg2KzYr9ipLCDZhdmG2LfZgtipINmF2YPYqSDYp9mE2YXZg9ix2YXZgNipWnEib9mF2LHZg9iyINi62K_YpyDYp9io2K_Yp9i5INmE2YTYsdi52KfZitipINin2YTZhtmH2KfYsdmK2Kkg2YXYrdin2YHYuNipINis2K_YqSDZhdmG2LfZgtipINmF2YPYqSDYp9mE2YXZg9ix2YXYqZIBEGVkdWNhdGlvbl9jZW50ZXKaAURDaTlEUVVsUlFVTnZaRU5vZEhsalJqbHZUMnRaZUZkVVdsSlVhM2Q2VDBVeGNHUkVUVEZPVlZJeVlrVTBNbVZIWXhBQuABAPoBBAgtED0!16s%2Fg%2F11skxyl3vt?entry=ttu&g_ep=EgoyMDI2MDUxMy4wIKXMDSoASAFQAw%3D%3D",
        "place_category": "المركز التعليمي",
        "place_address": "JCMA3235، 3235 التضامن العربي، 7141، حي مشرفة, 7141، جدة 23341",
        "place_rating": 4.9,
        "place_review_count": 4
      }
    },
    {
      "type": "Feature",
      "geometry": null,
      "properties": {
        "School": "مركز مدد للرعاية النهارية",
        "Region": "منطقة مكة المكرمـة",
        "City": "محافظة جدة",
        "Type": "مركز شامل",
        "Gender": "ذكور",
        "MaleStudents": "96",
        "FemaleStudents": "0",
        "SchoolCapacity": "200"
      }
    },
    {
      "type": "Feature",
      "geometry": {
        "type": "Point",
        "coordinates": [
          42.6765732,
          18.3119471
        ]
      },
      "properties": {
        "School": "روح الاصرار للرعاية النهارية",
        "Region": "منطقة عسيــر",
        "City": "محافظة خميس  مشيط",
        "Type": "مركز شامل",
        "Gender": "ذكور",
        "MaleStudents": "77",
        "FemaleStudents": "0",
        "SchoolCapacity": "200",
        "place_name": "مركز روح الاصرار ٢ خميس مشيط رعاية نهارية",
        "place_url": "https://www.google.com/maps/place/%D9%85%D8%B1%D9%83%D8%B2+%D8%B1%D9%88%D8%AD+%D8%A7%D9%84%D8%A7%D8%B5%D8%B1%D8%A7%D8%B1+%D9%A2+%D8%AE%D9%85%D9%8A%D8%B3+%D9%85%D8%B4%D9%8A%D8%B7+%D8%B1%D8%B9%D8%A7%D9%8A%D8%A9+%D9%86%D9%87%D8%A7%D8%B1%D9%8A%D8%A9%E2%80%AD/@18.3119471,42.6791481,17z/data=!3m1!4b1!4m6!3m5!1s0x15fb573864dee183:0xcc5bcff39c7b0b84!8m2!3d18.3119471!4d42.6765732!16s%2Fg%2F11pzbptxyn?entry=ttu&g_ep=EgoyMDI2MDUxMy4wIKXMDSoASAFQAw%3D%3D",
        "place_category": "أخصائي علاج طبيعي",
        "place_address": "8M6G+QJG، التحلية، خميس مشيط 62454",
        "place_rating": 3.3,
        "place_review_count": 12
      }
    },
    {
      "type": "Feature",
      "geometry": {
        "type": "Point",
        "coordinates": [
          42.5872809,
          16.842765
        ]
      },
      "properties": {
        "School": "مركز الأمير تركي بن ناصر بن عبدالعزيز للتوحد",
        "Region": "منطقة جــازان",
        "City": "جازان",
        "Type": "مركز توحد",
        "Gender": "اناث",
        "MaleStudents": "0",
        "FemaleStudents": "96",
        "SchoolCapacity": "581",
        "place_name": "مركز الامير تركي بن ناصر للتوحد",
        "place_url": "https://www.google.com/maps/place/%D9%85%D8%B1%D9%83%D8%B2+%D8%A7%D9%84%D8%A7%D9%85%D9%8A%D8%B1+%D8%AA%D8%B1%D9%83%D9%8A+%D8%A8%D9%86+%D9%86%D8%A7%D8%B5%D8%B1+%D9%84%D9%84%D8%AA%D9%88%D8%AD%D8%AF%E2%80%AD/@16.842765,42.5898558,17z/data=!3m1!4b1!4m6!3m5!1s0x1607e3eeb428d01d:0x5d8c012f48a9e597!8m2!3d16.842765!4d42.5872809!16s%2Fg%2F11rw7dqnvk?entry=ttu&g_ep=EgoyMDI2MDUxMy4wIKXMDSoASAFQAw%3D%3D",
        "place_category": "المركز التعليمي",
        "place_address": "RHRQ+W7P، السويس،، جازان 82611،",
        "place_rating": 4.6,
        "place_review_count": 3
      }
    },
    {
      "type": "Feature",
      "geometry": {
        "type": "Point",
        "coordinates": [
          39.5820476,
          24.4931659
        ]
      },
      "properties": {
        "School": "مركز شعاع الامل للرعاية النهارية - فرع 2",
        "Region": "منطقة المدينة المنورة",
        "City": "المدينة المنورة",
        "Type": "مركز شامل",
        "Gender": "اناث",
        "MaleStudents": "0",
        "FemaleStudents": "43",
        "SchoolCapacity": "73",
        "place_name": "مركز شعاع الأمل",
        "place_url": "https://www.google.com/maps/place/%D9%85%D8%B1%D9%83%D8%B2+%D8%B4%D8%B9%D8%A7%D8%B9+%D8%A7%D9%84%D8%A3%D9%85%D9%84%E2%80%AD/@24.5030808,39.7034858,12z/data=!4m10!1m2!2m1!1z2YXYsdmD2LIg2LTYudin2Lkg2KfZhNin2YXZhCDZhNmE2LHYudin2YrYqSDYp9mE2YbZh9in2LHZitipIC0g2YHYsdi5IDIsINin2YTZhdiv2YrZhtipINin2YTZhdmG2YjYsdipLCDZhdmG2LfZgtipINin2YTZhdiv2YrZhtipINin2YTZhdmG2YjYsdip!3m6!1s0x15bdbf2798c9ec05:0x23b9d6be5742934e!8m2!3d24.4931659!4d39.5820476!15sCpAB2YXYsdmD2LIg2LTYudin2Lkg2KfZhNin2YXZhCDZhNmE2LHYudin2YrYqSDYp9mE2YbZh9in2LHZitipIC0g2YHYsdi5IDIsINin2YTZhdiv2YrZhtipINin2YTZhdmG2YjYsdipLCDZhdmG2LfZgtipINin2YTZhdiv2YrZhtipINin2YTZhdmG2YjYsdipWo8BIowB2YXYsdmD2LIg2LTYudin2Lkg2KfZhNin2YXZhCDZhNmE2LHYudin2YrYqSDYp9mE2YbZh9in2LHZitipINmB2LHYuSAyINin2YTZhdiv2YrZhtipINin2YTZhdmG2YjYsdipINmF2YbYt9mC2Kkg2KfZhNmF2K_ZitmG2Kkg2KfZhNmF2YbZiNix2KmSARBlZHVjYXRpb25fY2VudGVymgEkQ2hkRFNVaE5NRzluUzBWSlEwRm5TVU5zYzA5SFduVm5SUkFC4AEA-gEECAAQPg!16s%2Fg%2F11tdp0xb54?entry=ttu&g_ep=EgoyMDI2MDUxMy4wIKXMDSoASAFQAw%3D%3D",
        "place_category": "المركز التعليمي",
        "place_address": "طريق سلطانة، بئر عثمان، المدينة المنورة 42331",
        "place_rating": 4.9,
        "place_review_count": 4
      }
    },
    {
      "type": "Feature",
      "geometry": {
        "type": "Point",
        "coordinates": [
          47.1204706,
          23.9964533
        ]
      },
      "properties": {
        "School": "مركز تميز العقول للرعاية النهارية",
        "Region": "منطقة الريـــاض",
        "City": "محافظة الخرج",
        "Type": "مركز شامل",
        "Gender": "اناث",
        "MaleStudents": "0",
        "FemaleStudents": "44",
        "SchoolCapacity": "128",
        "place_name": "مركز تميز العقول للرعاية النهارية",
        "place_url": "https://www.google.com/maps/place/%D9%85%D8%B1%D9%83%D8%B2+%D8%AA%D9%85%D9%8A%D8%B2+%D8%A7%D9%84%D8%B9%D9%82%D9%88%D9%84+%D9%84%D9%84%D8%B1%D8%B9%D8%A7%D9%8A%D8%A9+%D8%A7%D9%84%D9%86%D9%87%D8%A7%D8%B1%D9%8A%D8%A9%E2%80%AD/@24.0831106,47.3094645,12z/data=!4m10!1m2!2m1!1z2YXYsdmD2LIg2KrZhdmK2LIg2KfZhNi52YLZiNmEINmE2YTYsdi52KfZitipINin2YTZhtmH2KfYsdmK2KksINmF2K3Yp9mB2LjYqSDYp9mE2K7YsdisLCDZhdmG2LfZgtipINin2YTYsdmK2YDZgNmA2KfYtg!3m6!1s0x3e256b0d3af87fd7:0xd6c833215f47ba2d!8m2!3d23.9964533!4d47.1204706!15sCnbZhdix2YPYsiDYqtmF2YrYsiDYp9mE2LnZgtmI2YQg2YTZhNix2LnYp9mK2Kkg2KfZhNmG2YfYp9ix2YrYqSwg2YXYrdin2YHYuNipINin2YTYrtix2KwsINmF2YbYt9mC2Kkg2KfZhNix2YrZgNmA2YDYp9i2kgEXZmFtaWx5X2RheV9jYXJlX3NlcnZpY2XgAQA!16s%2Fg%2F11qgh4lswr?entry=ttu&g_ep=EgoyMDI2MDUxMy4wIKXMDSoASAFQAw%3D%3D",
        "place_category": "خدمة رعاية الأسرة النهارية",
        "place_address": "3901، الشفاء، الدلم 16323 7692،",
        "place_rating": 5.0,
        "place_review_count": 5
      }
    },
    {
      "type": "Feature",
      "geometry": {
        "type": "Point",
        "coordinates": [
          43.5439082,
          29.6305067
        ]
      },
      "properties": {
        "School": "مركز ايادي نجد لتأهيل وتدريب ذوي الاحتياجات الخاصة",
        "Region": "منطقة الحدود الشمالية",
        "City": "محافظة رفحاء",
        "Type": "",
        "Gender": "0",
        "MaleStudents": "0",
        "FemaleStudents": "0",
        "SchoolCapacity": "0",
        "place_name": "مركز أيادي نجد لرعاية النهارية",
        "place_url": "https://www.google.com/maps/place/%D9%85%D8%B1%D9%83%D8%B2+%D8%A3%D9%8A%D8%A7%D8%AF%D9%8A+%D9%86%D8%AC%D8%AF+%D9%84%D8%B1%D8%B9%D8%A7%D9%8A%D8%A9+%D8%A7%D9%84%D9%86%D9%87%D8%A7%D8%B1%D9%8A%D8%A9%E2%80%AD/@29.6305067,43.5464831,17z/data=!3m1!4b1!4m6!3m5!1s0x156467e195b6a9d9:0xff3f723154911201!8m2!3d29.6305067!4d43.5439082!16s%2Fg%2F11vb121qqv?entry=ttu&g_ep=EgoyMDI2MDUxMy4wIKXMDSoASAFQAw%3D%3D",
        "place_category": "جمعية / منظمة",
        "place_address": "حي الجميماء، SRYB7893، 7893 شارع الامير عبدالله بن مساعد بن عبدالعزيز، 5386، رفحاء 76313",
        "place_rating": 4.6,
        "place_review_count": 5
      }
    },
    {
      "type": "Feature",
      "geometry": {
        "type": "Point",
        "coordinates": [
          40.9987584,
          30.9857597
        ]
      },
      "properties": {
        "School": "مركز ايادي نجد للرعاية النهارية ( فرع عرعر",
        "Region": "منطقة الحدود الشمالية",
        "City": "عرعر",
        "Type": "",
        "Gender": "0",
        "MaleStudents": "0",
        "FemaleStudents": "0",
        "SchoolCapacity": "0",
        "place_name": "مركز ايادي نجد للرعاية النهارية بنين - بنات",
        "place_url": "https://www.google.com/maps/place/%D9%85%D8%B1%D9%83%D8%B2+%D8%A7%D9%8A%D8%A7%D8%AF%D9%8A+%D9%86%D8%AC%D8%AF+%D9%84%D9%84%D8%B1%D8%B9%D8%A7%D9%8A%D8%A9+%D8%A7%D9%84%D9%86%D9%87%D8%A7%D8%B1%D9%8A%D8%A9+%D8%A8%D9%86%D9%8A%D9%86+-+%D8%A8%D9%86%D8%A7%D8%AA%E2%80%AD/@30.9850265,41.0038207,17z/data=!4m10!1m2!2m1!1z2YXYsdmD2LIg2KfZitin2K_ZiiDZhtis2K8g2YTZhNix2LnYp9mK2Kkg2KfZhNmG2YfYp9ix2YrYqSAoINmB2LHYuSDYudix2LnYsSwg2LnYsdi52LEsINmF2YbYt9mC2Kkg2KfZhNit2K_ZiNivINin2YTYtNmF2KfZhNmK2Kk!3m6!1s0x156c0df492e23a17:0x280b03fedb7ccaaf!8m2!3d30.9857597!4d40.9987584!15sCoAB2YXYsdmD2LIg2KfZitin2K_ZiiDZhtis2K8g2YTZhNix2LnYp9mK2Kkg2KfZhNmG2YfYp9ix2YrYqSAoINmB2LHYuSDYudix2LnYsSwg2LnYsdi52LEsINmF2YbYt9mC2Kkg2KfZhNit2K_ZiNivINin2YTYtNmF2KfZhNmK2KmSASxkaXNhYmlsaXR5X3NlcnZpY2VzX2FuZF9zdXBwb3J0X29yZ2FuaXphdGlvbuABAA!16s%2Fg%2F11t649ds_d?entry=ttu&g_ep=EgoyMDI2MDUxMy4wIKXMDSoASAFQAw%3D%3D",
        "place_category": "منظمة خدمات ودعم الإعاقة",
        "place_address": "7667 عبدالرحمن بن عبدالعزيز، المطار, 4593، عرعر 73312",
        "place_rating": 4.0,
        "place_review_count": 4
      }
    },
    {
      "type": "Feature",
      "geometry": {
        "type": "Point",
        "coordinates": [
          38.6450678,
          31.6630658
        ]
      },
      "properties": {
        "School": "مركز ايادي نجد لتأهيل ذوي الاحتياجات الخاصة - فرع طريف",
        "Region": "منطقة الحدود الشمالية",
        "City": "محافظة طريف",
        "Type": "",
        "Gender": "0",
        "MaleStudents": "0",
        "FemaleStudents": "0",
        "SchoolCapacity": "0",
        "place_name": "مركز ايادي نجد للرعاية النهارية بنين - بنات",
        "place_url": "https://www.google.com/maps/place/%D9%85%D8%B1%D9%83%D8%B2+%D8%A7%D9%8A%D8%A7%D8%AF%D9%8A+%D9%86%D8%AC%D8%AF+%D9%84%D9%84%D8%B1%D8%B9%D8%A7%D9%8A%D8%A9+%D8%A7%D9%84%D9%86%D9%87%D8%A7%D8%B1%D9%8A%D8%A9+%D8%A8%D9%86%D9%8A%D9%86+-+%D8%A8%D9%86%D8%A7%D8%AA%E2%80%AD/@31.6630658,38.6476427,17z/data=!3m1!4b1!4m6!3m5!1s0x151161e304f7a6d1:0xd13a23ebbde2a8c8!8m2!3d31.6630658!4d38.6450678!16s%2Fg%2F11t6mlhmy5?entry=ttu&g_ep=EgoyMDI2MDUxMy4wIKXMDSoASAFQAw%3D%3D",
        "place_category": null,
        "place_address": "SCJA4569، 4569 شارع كعب بن مالك رضي الله عنه، 6162، حي الروابي،, طريف 75212",
        "place_rating": 3.0,
        "place_review_count": null
      }
    },
    {
      "type": "Feature",
      "geometry": null,
      "properties": {
        "School": "مركز المهد للرعاية النهارية",
        "Region": "منطقة المدينة المنورة",
        "City": "محافظة المهد",
        "Type": "مركز شامل",
        "Gender": "اناث",
        "MaleStudents": "0",
        "FemaleStudents": "27",
        "SchoolCapacity": "126"
      }
    },
    {
      "type": "Feature",
      "geometry": {
        "type": "Point",
        "coordinates": [
          42.5533168,
          16.9297871
        ]
      },
      "properties": {
        "School": "مركز اشراقة همم للرعاية النهارية",
        "Region": "منطقة جــازان",
        "City": "محافظة أبوعريش",
        "Type": "مركز شامل",
        "Gender": "اناث",
        "MaleStudents": "0",
        "FemaleStudents": "0",
        "SchoolCapacity": "0",
        "place_name": "مجمع اشراقه ناعمة الطبي",
        "place_url": "https://www.google.com/maps/place/%D9%85%D8%AC%D9%85%D8%B9+%D8%A7%D8%B4%D8%B1%D8%A7%D9%82%D9%87+%D9%86%D8%A7%D8%B9%D9%85%D8%A9+%D8%A7%D9%84%D8%B7%D8%A8%D9%8A%E2%80%AD/@16.9263462,42.5633448,16z/data=!4m10!1m2!2m1!1z2YXYsdmD2LIg2KfYtNix2KfZgtipINmH2YXZhSDZhNmE2LHYudin2YrYqSDYp9mE2YbZh9in2LHZitipLCDZhdit2KfZgdi42Kkg2KPYqNmI2LnYsdmK2LQsINmF2YbYt9mC2Kkg2KzZgNmA2KfYstin2YY!3m6!1s0x1607fd003608a875:0x2ae14d1cbe5adc5d!8m2!3d16.9297871!4d42.5533168!15sCnTZhdix2YPYsiDYp9i02LHYp9mC2Kkg2YfZhdmFINmE2YTYsdi52KfZitipINin2YTZhtmH2KfYsdmK2KksINmF2K3Yp9mB2LjYqSDYo9io2YjYudix2YrYtCwg2YXZhti32YLYqSDYrNmA2YDYp9iy2KfZhlpwIm7Zhdix2YPYsiDYp9i02LHYp9mC2Kkg2YfZhdmFINmE2YTYsdi52KfZitipINin2YTZhtmH2KfYsdmK2Kkg2YXYrdin2YHYuNipINij2KjZiNi52LHZiti0INmF2YbYt9mC2Kkg2KzYp9iy2KfZhpIBDm1lZGljYWxfY2VudGVymgEkQ2hkRFNVaE5NRzluUzBWTVpWOTRabVZSYkY5WWFHZDNSUkFC4AEA-gEECAAQRA!16s%2Fg%2F11lygdy5qz?entry=ttu&g_ep=EgoyMDI2MDUxMy4wIKXMDSoASAFQAw%3D%3D",
        "place_category": "مركز طبي",
        "place_address": "السويس، جيزان 82811",
        "place_rating": 4.7,
        "place_review_count": 4
      }
    },
    {
      "type": "Feature",
      "geometry": {
        "type": "Point",
        "coordinates": [
          46.6564626,
          24.6439299
        ]
      },
      "properties": {
        "School": "مركز الرياض التخصصي للتأهيل  - فرع الذكور",
        "Region": "منطقة الريـــاض",
        "City": "الرياض",
        "Type": "مركز شامل",
        "Gender": "ذكور",
        "MaleStudents": "193",
        "FemaleStudents": "0",
        "SchoolCapacity": "464",
        "place_name": "مركز الرياض التخصصي للتأهيل فرع الرفيعة",
        "place_url": "https://www.google.com/maps/place/%D9%85%D8%B1%D9%83%D8%B2+%D8%A7%D9%84%D8%B1%D9%8A%D8%A7%D8%B6+%D8%A7%D9%84%D8%AA%D8%AE%D8%B5%D8%B5%D9%8A+%D9%84%D9%84%D8%AA%D8%A3%D9%87%D9%8A%D9%84+%D9%81%D8%B1%D8%B9+%D8%A7%D9%84%D8%B1%D9%81%D9%8A%D8%B9%D8%A9%E2%80%AD/@24.6564362,46.6726476,15z/data=!4m10!1m2!2m1!1z2YXYsdmD2LIg2KfZhNix2YrYp9i2INin2YTYqtiu2LXYtdmKINmE2YTYqtij2YfZitmEICAtINmB2LHYuSDYp9mE2LDZg9mI2LEsINin2YTYsdmK2KfYtiwg2YXZhti32YLYqSDYp9mE2LHZitmA2YDZgNin2LY!3m6!1s0x3e2f1b888ea425ff:0x1b8094b37c703f7b!8m2!3d24.6439299!4d46.6564626!15sCnfZhdix2YPYsiDYp9mE2LHZitin2LYg2KfZhNiq2K7Ytdi12Yog2YTZhNiq2KPZh9mK2YQgIC0g2YHYsdi5INin2YTYsNmD2YjYsSwg2KfZhNix2YrYp9i2LCDZhdmG2LfZgtipINin2YTYsdmK2YDZgNmA2KfYtlpuImzZhdix2YPYsiDYp9mE2LHZitin2LYg2KfZhNiq2K7Ytdi12Yog2YTZhNiq2KPZh9mK2YQg2YHYsdi5INin2YTYsNmD2YjYsSDYp9mE2LHZitin2LYg2YXZhti32YLYqSDYp9mE2LHZitin2LaSARBlZHVjYXRpb25fY2VudGVymgEkQ2hkRFNVaE5NRzluUzBWSlEwRm5TVVJZYVVweGJEaEJSUkFC4AEA-gEECAAQSA!16s%2Fg%2F11sm8qh439?entry=ttu&g_ep=EgoyMDI2MDUxMy4wIKXMDSoASAFQAw%3D%3D",
        "place_category": "المركز التعليمي",
        "place_address": "8077 الشهباء، الرفيعة، الرياض 12751 3323، الرياض 12781",
        "place_rating": 4.6,
        "place_review_count": 4
      }
    },
    {
      "type": "Feature",
      "geometry": {
        "type": "Point",
        "coordinates": [
          42.2027401,
          18.3207386
        ]
      },
      "properties": {
        "School": "مركز بناء للرعاية النهارية",
        "Region": "منطقة عسيــر",
        "City": "محافظة رجال ألمع",
        "Type": "مركز شامل",
        "Gender": "ذكور",
        "MaleStudents": "25",
        "FemaleStudents": "0",
        "SchoolCapacity": "64",
        "place_name": "مركز بناء للرعاية النهارية رجال المع",
        "place_url": "https://www.google.com/maps/place/%D9%85%D8%B1%D9%83%D8%B2+%D8%A8%D9%86%D8%A7%D8%A1+%D9%84%D9%84%D8%B1%D8%B9%D8%A7%D9%8A%D8%A9+%D8%A7%D9%84%D9%86%D9%87%D8%A7%D8%B1%D9%8A%D8%A9+%D8%B1%D8%AC%D8%A7%D9%84+%D8%A7%D9%84%D9%85%D8%B9%E2%80%AD/@18.3207386,42.205315,17z/data=!3m1!4b1!4m6!3m5!1s0x15e361c5cf1a7257:0xdd144e2e85c0a747!8m2!3d18.3207386!4d42.2027401!16s%2Fg%2F11pcx_vx_t?entry=ttu&g_ep=EgoyMDI2MDUxMy4wIKXMDSoASAFQAw%3D%3D",
        "place_category": "المركز التعليمي",
        "place_address": "وسانب 63446",
        "place_rating": 4.4,
        "place_review_count": 4
      }
    },
    {
      "type": "Feature",
      "geometry": {
        "type": "Point",
        "coordinates": [
          41.6988723,
          27.513115
        ]
      },
      "properties": {
        "School": "مركز حائل للرعاية النهارية",
        "Region": "منطقة حائــــل",
        "City": "حائل",
        "Type": "مركز شامل",
        "Gender": "اناث",
        "MaleStudents": "0",
        "FemaleStudents": "111",
        "SchoolCapacity": "140",
        "place_name": "مركز حياتي للرعاية النهارية",
        "place_url": "https://www.google.com/maps/place/%D9%85%D8%B1%D9%83%D8%B2+%D8%AD%D9%8A%D8%A7%D8%AA%D9%8A+%D9%84%D9%84%D8%B1%D8%B9%D8%A7%D9%8A%D8%A9+%D8%A7%D9%84%D9%86%D9%87%D8%A7%D8%B1%D9%8A%D8%A9%E2%80%AD/@27.513115,41.7709701,13z/data=!4m10!1m2!2m1!1z2YXYsdmD2LIg2K3Yp9im2YQg2YTZhNix2LnYp9mK2Kkg2KfZhNmG2YfYp9ix2YrYqSwg2K3Yp9im2YQsINmF2YbYt9mC2Kkg2K3Yp9im2YDZgNmA2YDZhA!3m6!1s0x157647e7df43c197:0x35a927ef4310e4b6!8m2!3d27.513115!4d41.6988723!15sCljZhdix2YPYsiDYrdin2KbZhCDZhNmE2LHYudin2YrYqSDYp9mE2YbZh9in2LHZitipLCDYrdin2KbZhCwg2YXZhti32YLYqSDYrdin2KbZgNmA2YDZgNmEWlAiTtmF2LHZg9iyINit2KfYptmEINmE2YTYsdi52KfZitipINin2YTZhtmH2KfYsdmK2Kkg2K3Yp9im2YQg2YXZhti32YLYqSDYrdin2KbZhJIBEGVkdWNhdGlvbl9jZW50ZXKaASRDaGREU1VoTk1HOW5TMFZKUTBGblNVUmFjR0YxZUhoQlJSQULgAQD6AQQIABBG!16s%2Fg%2F11rmnbwv64?entry=ttu&g_ep=EgoyMDI2MDUxMy4wIKXMDSoASAFQAw%3D%3D",
        "place_category": "المركز التعليمي",
        "place_address": "2273، الزبارة، حائل 55425 8153، حائل 55425",
        "place_rating": 4.4,
        "place_review_count": 4
      }
    },
    {
      "type": "Feature",
      "geometry": null,
      "properties": {
        "School": "مركز آراء الرواد للرعاية النهارية",
        "Region": "منطقة الريـــاض",
        "City": "الرياض",
        "Type": "مركز شامل",
        "Gender": "اناث",
        "MaleStudents": "0",
        "FemaleStudents": "115",
        "SchoolCapacity": "170"
      }
    },
    {
      "type": "Feature",
      "geometry": null,
      "properties": {
        "School": "مركز الأوائل للرعاية النهارية - فرع الذكور  - فرع 1 غرناطه",
        "Region": "منطقة الريـــاض",
        "City": "الرياض",
        "Type": "مركز شامل",
        "Gender": "ذكور",
        "MaleStudents": "152",
        "FemaleStudents": "0",
        "SchoolCapacity": "314"
      }
    },
    {
      "type": "Feature",
      "geometry": {
        "type": "Point",
        "coordinates": [
          46.7955854,
          24.725375
        ]
      },
      "properties": {
        "School": "مركز رؤى المستقبل لرعاية ذوي الاحتياجات الخاصة",
        "Region": "منطقة الريـــاض",
        "City": "الرياض",
        "Type": "مركز شامل",
        "Gender": "اناث",
        "MaleStudents": "0",
        "FemaleStudents": "47",
        "SchoolCapacity": "55",
        "place_name": "مركز رؤى المستقبل للتربية الخاصة",
        "place_url": "https://www.google.com/maps/place/%D9%85%D8%B1%D9%83%D8%B2+%D8%B1%D8%A4%D9%89+%D8%A7%D9%84%D9%85%D8%B3%D8%AA%D9%82%D8%A8%D9%84+%D9%84%D9%84%D8%AA%D8%B1%D8%A8%D9%8A%D8%A9+%D8%A7%D9%84%D8%AE%D8%A7%D8%B5%D8%A9%E2%80%AD/@24.725375,46.7981603,17z/data=!3m1!4b1!4m6!3m5!1s0x3e2f00db59dae709:0x69b9942c1378203!8m2!3d24.725375!4d46.7955854!16s%2Fg%2F11gcbtv9qy?entry=ttu&g_ep=EgoyMDI2MDUxMy4wIKXMDSoASAFQAw%3D%3D",
        "place_category": "مدرسة تعليم خاص",
        "place_address": "PQGW+46W، Unnamed Road، المنار، الرياض 14221",
        "place_rating": 4.5,
        "place_review_count": 4
      }
    },
    {
      "type": "Feature",
      "geometry": null,
      "properties": {
        "School": "مركز التواصل الناجح لرعاية ذوي الاحتياجات الخاصة",
        "Region": "منطقة مكة المكرمـة",
        "City": "مكة المكرمة",
        "Type": "مركز شامل",
        "Gender": "اناث",
        "MaleStudents": "0",
        "FemaleStudents": "91",
        "SchoolCapacity": "96"
      }
    },
    {
      "type": "Feature",
      "geometry": {
        "type": "Point",
        "coordinates": [
          39.2626114,
          21.513868
        ]
      },
      "properties": {
        "School": "كيان طفل للرعاية النهارية الاهلية",
        "Region": "منطقة مكة المكرمـة",
        "City": "محافظة جدة",
        "Type": "",
        "Gender": "0",
        "MaleStudents": "0",
        "FemaleStudents": "0",
        "SchoolCapacity": "0",
        "place_name": "كيان طفل",
        "place_url": "https://www.google.com/maps/place/%D9%83%D9%8A%D8%A7%D9%86+%D8%B7%D9%81%D9%84%E2%80%AD/@21.513868,39.2651863,17z/data=!3m1!4b1!4m6!3m5!1s0x15c3cd8bcf3c7149:0xe8f40b287ce2d155!8m2!3d21.513868!4d39.2626114!16s%2Fg%2F11c6cqpnr2?entry=ttu&g_ep=EgoyMDI2MDUxMy4wIKXMDSoASAFQAw%3D%3D",
        "place_category": null,
        "place_address": "3063، 8819، حي ابرق الرغامة، جدة 22261",
        "place_rating": 3.7,
        "place_review_count": 5
      }
    },
    {
      "type": "Feature",
      "geometry": null,
      "properties": {
        "School": "مركز انجال المستقبل للرعاية النهارية",
        "Region": "منطقة جــازان",
        "City": "محافظة أحد المسارحة",
        "Type": "مركز شامل",
        "Gender": "اناث",
        "MaleStudents": "0",
        "FemaleStudents": "63",
        "SchoolCapacity": "63"
      }
    },
    {
      "type": "Feature",
      "geometry": {
        "type": "Point",
        "coordinates": [
          48.5131875,
          27.4869375
        ]
      },
      "properties": {
        "School": "مركز شباب عبور للرعاية النهارية",
        "Region": "المنطقة الشرقيـــة",
        "City": "محافظة الاحساء",
        "Type": "مركز شامل",
        "Gender": "ذكور",
        "MaleStudents": "185",
        "FemaleStudents": "0",
        "SchoolCapacity": "400",
        "place_name": "مركز شباب عبور النعيرية للرعاية النهارية",
        "place_url": "https://www.google.com/maps/place/%D9%85%D8%B1%D9%83%D8%B2+%D8%B4%D8%A8%D8%A7%D8%A8+%D8%B9%D8%A8%D9%88%D8%B1+%D8%A7%D9%84%D9%86%D8%B9%D9%8A%D8%B1%D9%8A%D8%A9+%D9%84%D9%84%D8%B1%D8%B9%D8%A7%D9%8A%D8%A9+%D8%A7%D9%84%D9%86%D9%87%D8%A7%D8%B1%D9%8A%D8%A9%E2%80%AD/@27.4869375,57.7417031,6z/data=!4m10!1m2!2m1!1z2YXYsdmD2LIg2LTYqNin2Kgg2LnYqNmI2LEg2YTZhNix2LnYp9mK2Kkg2KfZhNmG2YfYp9ix2YrYqSwg2YXYrdin2YHYuNipINin2YTYp9it2LPYp9ihLCDYp9mE2YXZhti32YLYqSDYp9mE2LTYsdmC2YrZgNmA2YDYqQ!3m6!1s0x3fccbc7b8d6d5fb9:0xac69f20e03d58c08!8m2!3d27.4869375!4d48.5131875!15sCnzZhdix2YPYsiDYtNio2KfYqCDYudio2YjYsSDZhNmE2LHYudin2YrYqSDYp9mE2YbZh9in2LHZitipLCDZhdit2KfZgdi42Kkg2KfZhNin2K3Ys9in2KEsINin2YTZhdmG2LfZgtipINin2YTYtNix2YLZitmA2YDZgNipWnYidNmF2LHZg9iyINi02KjYp9ioINi52KjZiNixINmE2YTYsdi52KfZitipINin2YTZhtmH2KfYsdmK2Kkg2YXYrdin2YHYuNipINin2YTYp9it2LPYp9ihINin2YTZhdmG2LfZgtipINin2YTYtNix2YLZitipkgEVYWR1bHRfZGF5X2NhcmVfY2VudGVymgFEQ2k5RFFVbFJRVU52WkVOb2RIbGpSamx2VDJwTmVrNVdiRzFTYTFKc1VXNWtjMko2VGtwVlJWcE9Va2RHZEdWc1JSQULgAQD6AQQIABBB!16s%2Fg%2F11c5xwj478?entry=ttu&g_ep=EgoyMDI2MDUxMy4wIKXMDSoASAFQAw%3D%3D",
        "place_category": "مركز رعاية نهارية للكبار",
        "place_address": "FGP7+Q7G، الربيع، النعيرية 37483",
        "place_rating": 4.2,
        "place_review_count": 4
      }
    },
    {
      "type": "Feature",
      "geometry": null,
      "properties": {
        "School": "مركز عبور للرعاية النهارية - إناث",
        "Region": "منطقة عسيــر",
        "City": "أبها",
        "Type": "مركز شامل",
        "Gender": "اناث",
        "MaleStudents": "0",
        "FemaleStudents": "113",
        "SchoolCapacity": "200"
      }
    },
    {
      "type": "Feature",
      "geometry": {
        "type": "Point",
        "coordinates": [
          42.481588,
          18.2294817
        ]
      },
      "properties": {
        "School": "مركز عبور للرعاية النهارية - ذكور",
        "Region": "منطقة عسيــر",
        "City": "أبها",
        "Type": "مركز شامل",
        "Gender": "ذكور",
        "MaleStudents": "86",
        "FemaleStudents": "0",
        "SchoolCapacity": "200",
        "place_name": "مركز عبور للرعاية النهارية فرع أبها",
        "place_url": "https://www.google.com/maps/place/%D9%85%D8%B1%D9%83%D8%B2+%D8%B9%D8%A8%D9%88%D8%B1+%D9%84%D9%84%D8%B1%D8%B9%D8%A7%D9%8A%D8%A9+%D8%A7%D9%84%D9%86%D9%87%D8%A7%D8%B1%D9%8A%D8%A9+%D9%81%D8%B1%D8%B9+%D8%A3%D8%A8%D9%87%D8%A7%E2%80%AD/@18.2294817,42.4841629,17z/data=!3m1!4b1!4m6!3m5!1s0x15e35576662f59cf:0x4e8aea2a1af4c8a6!8m2!3d18.2294817!4d42.481588!16s%2Fg%2F11k3hhy1ms?entry=ttu&g_ep=EgoyMDI2MDUxMy4wIKXMDSoASAFQAw%3D%3D",
        "place_category": "مركز رعاية نهارية للكبار",
        "place_address": "7247 طريق سرد بن عبدالله الازدي، الخالدية، أبها 62541",
        "place_rating": 4.8,
        "place_review_count": 51
      }
    },
    {
      "type": "Feature",
      "geometry": {
        "type": "Point",
        "coordinates": [
          45.9301837,
          28.3941162
        ]
      },
      "properties": {
        "School": "مركز شرق الاحتراف للرعاية النهارية",
        "Region": "المنطقة الشرقيـــة",
        "City": "محافظة حفر الباطن",
        "Type": "مركز شامل",
        "Gender": "اناث",
        "MaleStudents": "0",
        "FemaleStudents": "91",
        "SchoolCapacity": "162",
        "place_name": "مركز شرق الاحتراف للرعاية النهارية للأطفال",
        "place_url": "https://www.google.com/maps/place/%D9%85%D8%B1%D9%83%D8%B2+%D8%B4%D8%B1%D9%82+%D8%A7%D9%84%D8%A7%D8%AD%D8%AA%D8%B1%D8%A7%D9%81+%D9%84%D9%84%D8%B1%D8%B9%D8%A7%D9%8A%D8%A9+%D8%A7%D9%84%D9%86%D9%87%D8%A7%D8%B1%D9%8A%D8%A9+%D9%84%D9%84%D8%A3%D8%B7%D9%81%D8%A7%D9%84%E2%80%AD/@28.3941162,45.9327586,17z/data=!3m1!4b1!4m6!3m5!1s0x3fd7417e0f0e9fbf:0x9146137760cb871b!8m2!3d28.3941162!4d45.9301837!16s%2Fg%2F11tnmms6dp?entry=ttu&g_ep=EgoyMDI2MDUxMy4wIKXMDSoASAFQAw%3D%3D",
        "place_category": "مؤسسة تعليمية",
        "place_address": "CNMB3446، 3446 الملك فهد، 6843، حي السليمانية،، حفر الباطن 39952،",
        "place_rating": 3.7,
        "place_review_count": 2
      }
    },
    {
      "type": "Feature",
      "geometry": {
        "type": "Point",
        "coordinates": [
          49.6410725,
          25.3668923
        ]
      },
      "properties": {
        "School": "مركز شذى للرعاية النهارية",
        "Region": "المنطقة الشرقيـــة",
        "City": "محافظة الاحساء",
        "Type": "مركز شامل",
        "Gender": "اناث",
        "MaleStudents": "0",
        "FemaleStudents": "98",
        "SchoolCapacity": "100",
        "place_name": "مركز شذى للرعاية النهارية",
        "place_url": "https://www.google.com/maps/place/%D9%85%D8%B1%D9%83%D8%B2+%D8%B4%D8%B0%D9%89+%D9%84%D9%84%D8%B1%D8%B9%D8%A7%D9%8A%D8%A9+%D8%A7%D9%84%D9%86%D9%87%D8%A7%D8%B1%D9%8A%D8%A9%E2%80%AD/@25.3668923,49.6436474,17z/data=!3m1!4b1!4m6!3m5!1s0x3e3793618984db29:0x5623851ee97786df!8m2!3d25.3668923!4d49.6410725!16s%2Fg%2F11v0mwnljg?entry=ttu&g_ep=EgoyMDI2MDUxMy4wIKXMDSoASAFQAw%3D%3D",
        "place_category": "خدمة رعاية الأسرة النهارية",
        "place_address": "3706 فرحان بن عايض بن مبرد الشمري، حي الفردوس، FHDC6236، 6236، الهفوف 36367",
        "place_rating": 4.4,
        "place_review_count": 45
      }
    },
    {
      "type": "Feature",
      "geometry": {
        "type": "Point",
        "coordinates": [
          39.5840103,
          24.4951309
        ]
      },
      "properties": {
        "School": "مركزعبور للرعاية النهارية",
        "Region": "منطقة المدينة المنورة",
        "City": "المدينة المنورة",
        "Type": "مركز شامل",
        "Gender": "اناث",
        "MaleStudents": "0",
        "FemaleStudents": "62",
        "SchoolCapacity": "132",
        "place_name": "مركز عبور للرعاية النهارية فرع المدينة المنورة",
        "place_url": "https://www.google.com/maps/place/%D9%85%D8%B1%D9%83%D8%B2+%D8%B9%D8%A8%D9%88%D8%B1+%D9%84%D9%84%D8%B1%D8%B9%D8%A7%D9%8A%D8%A9+%D8%A7%D9%84%D9%86%D9%87%D8%A7%D8%B1%D9%8A%D8%A9+%D9%81%D8%B1%D8%B9+%D8%A7%D9%84%D9%85%D8%AF%D9%8A%D9%86%D8%A9+%D8%A7%D9%84%D9%85%D9%86%D9%88%D8%B1%D8%A9%E2%80%AD/@24.4951309,39.5865852,17z/data=!3m1!4b1!4m6!3m5!1s0x15bdbf00577934a9:0xb6fcfed4065245d0!8m2!3d24.4951309!4d39.5840103!16s%2Fg%2F11y660dqcl?entry=ttu&g_ep=EgoyMDI2MDUxMy4wIKXMDSoASAFQAw%3D%3D",
        "place_category": "المركز التعليمي",
        "place_address": "2769 شارع العقار بن المغيره، بئر عثمان، المدينة المنورة 42331",
        "place_rating": 4.7,
        "place_review_count": 22
      }
    },
    {
      "type": "Feature",
      "geometry": {
        "type": "Point",
        "coordinates": [
          49.7450648,
          25.3543651
        ]
      },
      "properties": {
        "School": "مركز فلذات للرعاية النهارية",
        "Region": "المنطقة الشرقيـــة",
        "City": "محافظة الاحساء",
        "Type": "مركز شامل",
        "Gender": "اناث",
        "MaleStudents": "0",
        "FemaleStudents": "126",
        "SchoolCapacity": "200",
        "place_name": "مركز فلذات للرعاية النهارية بالأحساء",
        "place_url": "https://www.google.com/maps/place/%D9%85%D8%B1%D9%83%D8%B2+%D9%81%D9%84%D8%B0%D8%A7%D8%AA+%D9%84%D9%84%D8%B1%D8%B9%D8%A7%D9%8A%D8%A9+%D8%A7%D9%84%D9%86%D9%87%D8%A7%D8%B1%D9%8A%D8%A9+%D8%A8%D8%A7%D9%84%D8%A3%D8%AD%D8%B3%D8%A7%D8%A1%E2%80%AD/@25.3543651,49.7476397,17z/data=!3m1!4b1!4m6!3m5!1s0x3e37ed4d7b120739:0x9b12b16f58f07ba4!8m2!3d25.3543651!4d49.7450648!16s%2Fg%2F11kj2f9lpp?entry=ttu&g_ep=EgoyMDI2MDUxMy4wIKXMDSoASAFQAw%3D%3D",
        "place_category": "خدمة رعاية الأسرة النهارية",
        "place_address": "9P3W+P6J، الطرف، موبايلي 36288",
        "place_rating": 4.5,
        "place_review_count": 35
      }
    },
    {
      "type": "Feature",
      "geometry": null,
      "properties": {
        "School": "مركز انتماء للرعاية النهارية",
        "Region": "منطقة حائــــل",
        "City": "حائل",
        "Type": "مركز شامل",
        "Gender": "اناث",
        "MaleStudents": "0",
        "FemaleStudents": "98",
        "SchoolCapacity": "104"
      }
    },
    {
      "type": "Feature",
      "geometry": null,
      "properties": {
        "School": "مركز براعم السمو لرعاية ذوي الاحتياجات الخاص",
        "Region": "المنطقة الشرقيـــة",
        "City": "الدمام",
        "Type": "مركز شامل",
        "Gender": "اناث",
        "MaleStudents": "0",
        "FemaleStudents": "136",
        "SchoolCapacity": "159"
      }
    },
    {
      "type": "Feature",
      "geometry": {
        "type": "Point",
        "coordinates": [
          46.6461774,
          24.5905054
        ]
      },
      "properties": {
        "School": "مركز طفلي للرعاية النهارية",
        "Region": "منطقة الريـــاض",
        "City": "الرياض",
        "Type": "مركز شامل",
        "Gender": "اناث",
        "MaleStudents": "0",
        "FemaleStudents": "42",
        "SchoolCapacity": "200",
        "place_name": "مركز طفلي للرعاية النهارية",
        "place_url": "https://www.google.com/maps/place/%D9%85%D8%B1%D9%83%D8%B2+%D8%B7%D9%81%D9%84%D9%8A+%D9%84%D9%84%D8%B1%D8%B9%D8%A7%D9%8A%D8%A9+%D8%A7%D9%84%D9%86%D9%87%D8%A7%D8%B1%D9%8A%D8%A9%E2%80%AD/@24.5905054,46.6487523,17z/data=!3m1!4b1!4m6!3m5!1s0x3e2f1a9a1c4703b9:0x3424e00470593294!8m2!3d24.5905054!4d46.6461774!16s%2Fg%2F11c1nqtgzp?entry=ttu&g_ep=EgoyMDI2MDUxMy4wIKXMDSoASAFQAw%3D%3D",
        "place_category": "حضانة",
        "place_address": "4216 الشيخ عبد العزيز بن محمد بن علي، ظهرة البديعة، الرياض 12981",
        "place_rating": 4.1,
        "place_review_count": 64
      }
    },
    {
      "type": "Feature",
      "geometry": {
        "type": "Point",
        "coordinates": [
          46.6864087,
          24.7421117
        ]
      },
      "properties": {
        "School": "مركز عزام للرعاية النهارية",
        "Region": "منطقة الريـــاض",
        "City": "الرياض",
        "Type": "مركز شامل",
        "Gender": "اناث",
        "MaleStudents": "0",
        "FemaleStudents": "20",
        "SchoolCapacity": "84",
        "place_name": "مركز عزام للرعاية النهارية",
        "place_url": "https://www.google.com/maps/place/%D9%85%D8%B1%D9%83%D8%B2+%D8%B9%D8%B2%D8%A7%D9%85+%D9%84%D9%84%D8%B1%D8%B9%D8%A7%D9%8A%D8%A9+%D8%A7%D9%84%D9%86%D9%87%D8%A7%D8%B1%D9%8A%D8%A9%E2%80%AD/@24.7421117,46.6889836,17z/data=!3m1!4b1!4m6!3m5!1s0x3e2f02a3bc48d851:0xd823ef6853f6db7f!8m2!3d24.7421117!4d46.6864087!16s%2Fg%2F11bzr_hqy1?entry=ttu&g_ep=EgoyMDI2MDUxMy4wIKXMDSoASAFQAw%3D%3D",
        "place_category": "المركز التعليمي",
        "place_address": "2991 عبدالعزيز ابا حسين، المرسلات، الرياض 12461",
        "place_rating": 4.2,
        "place_review_count": 27
      }
    },
    {
      "type": "Feature",
      "geometry": {
        "type": "Point",
        "coordinates": [
          36.5535695,
          28.4321866
        ]
      },
      "properties": {
        "School": "مركز صوت الفجر للرعاية النهارية",
        "Region": "منطقة تبـــوك",
        "City": "تبوك",
        "Type": "مركز شامل",
        "Gender": "اناث",
        "MaleStudents": "0",
        "FemaleStudents": "195",
        "SchoolCapacity": "200",
        "place_name": "مركز صوت الفجر للرعاية النهارية",
        "place_url": "https://www.google.com/maps/place/%D9%85%D8%B1%D9%83%D8%B2+%D8%B5%D9%88%D8%AA+%D8%A7%D9%84%D9%81%D8%AC%D8%B1+%D9%84%D9%84%D8%B1%D8%B9%D8%A7%D9%8A%D8%A9+%D8%A7%D9%84%D9%86%D9%87%D8%A7%D8%B1%D9%8A%D8%A9%E2%80%AD/@28.4321866,36.5561444,17z/data=!3m1!4b1!4m6!3m5!1s0x15a9b277308d64d3:0xd6e788ce174cd4cd!8m2!3d28.4321866!4d36.5535695!16s%2Fg%2F11f122fzth?entry=ttu&g_ep=EgoyMDI2MDUxMy4wIKXMDSoASAFQAw%3D%3D",
        "place_category": "جمعية / منظمة",
        "place_address": "مروج الأمير، تبوك 47315",
        "place_rating": 4.4,
        "place_review_count": 30
      }
    },
    {
      "type": "Feature",
      "geometry": null,
      "properties": {
        "School": "مركز قدرة الطفل لرعاية ذوي الاحتياجات الخاصة",
        "Region": "منطقة الريـــاض",
        "City": "الرياض",
        "Type": "مركز شامل",
        "Gender": "اناث",
        "MaleStudents": "0",
        "FemaleStudents": "37",
        "SchoolCapacity": "51"
      }
    },
    {
      "type": "Feature",
      "geometry": {
        "type": "Point",
        "coordinates": [
          46.7083779,
          24.5716482
        ]
      },
      "properties": {
        "School": "مركز رواد التـاهيل لرعاية المعاقين",
        "Region": "منطقة الريـــاض",
        "City": "الرياض",
        "Type": "مركز شامل",
        "Gender": "اناث",
        "MaleStudents": "0",
        "FemaleStudents": "55",
        "SchoolCapacity": "112",
        "place_name": "مركز رواد التأهيل للرعاية النهارية",
        "place_url": "https://www.google.com/maps/place/%D9%85%D8%B1%D9%83%D8%B2+%D8%B1%D9%88%D8%A7%D8%AF+%D8%A7%D9%84%D8%AA%D8%A3%D9%87%D9%8A%D9%84+%D9%84%D9%84%D8%B1%D8%B9%D8%A7%D9%8A%D8%A9+%D8%A7%D9%84%D9%86%D9%87%D8%A7%D8%B1%D9%8A%D8%A9%E2%80%AD/@24.5716482,55.9368935,6z/data=!4m10!1m2!2m1!1z2YXYsdmD2LIg2LHZiNin2K8g2KfZhNiq2YDYp9mH2YrZhCDZhNix2LnYp9mK2Kkg2KfZhNmF2LnYp9mC2YrZhiwg2KfZhNix2YrYp9i2LCDZhdmG2LfZgtipINin2YTYsdmK2YDZgNmA2KfYtg!3m6!1s0x3e2f0fcc73b41c5b:0x13f30cac4e68f729!8m2!3d24.5716482!4d46.7083779!15sCm3Zhdix2YPYsiDYsdmI2KfYryDYp9mE2KrZgNin2YfZitmEINmE2LHYudin2YrYqSDYp9mE2YXYudin2YLZitmGLCDYp9mE2LHZitin2LYsINmF2YbYt9mC2Kkg2KfZhNix2YrZgNmA2YDYp9i2WmUiY9mF2LHZg9iyINix2YjYp9ivINin2YTYqtin2YfZitmEINmE2LHYudin2YrYqSDYp9mE2YXYudin2YLZitmGINin2YTYsdmK2KfYtiDZhdmG2LfZgtipINin2YTYsdmK2KfYtpIBLGRpc2FiaWxpdHlfc2VydmljZXNfYW5kX3N1cHBvcnRfb3JnYW5pemF0aW9umgFEQ2k5RFFVbFJRVU52WkVOb2RIbGpSamx2VDIxU1dXSkhTalZNVm14MFpHc3hUVk5FV1RCaVJVMHhXa1phTVdSVlJSQULgAQD6AQQIABBH!16s%2Fg%2F11ym3mc0qz?entry=ttu&g_ep=EgoyMDI2MDUxMy4wIKXMDSoASAFQAw%3D%3D",
        "place_category": "منظمة خدمات ودعم الإعاقة",
        "place_address": "HPC5+M9C، الشفا، الرياض 14712",
        "place_rating": 5.0,
        "place_review_count": 5
      }
    },
    {
      "type": "Feature",
      "geometry": null,
      "properties": {
        "School": "مركز بصمة قدراتي للرعاية النهارية - ذكور",
        "Region": "منطقة الريـــاض",
        "City": "الرياض",
        "Type": "مركز شامل",
        "Gender": "ذكور",
        "MaleStudents": "35",
        "FemaleStudents": "0",
        "SchoolCapacity": "78"
      }
    },
    {
      "type": "Feature",
      "geometry": {
        "type": "Point",
        "coordinates": [
          42.6341666,
          17.1592779
        ]
      },
      "properties": {
        "School": "مركز ضياء الفكر للرعاية النهارية",
        "Region": "منطقة جــازان",
        "City": "محافظة صبياء",
        "Type": "مركز شامل",
        "Gender": "اناث",
        "MaleStudents": "0",
        "FemaleStudents": "59",
        "SchoolCapacity": "67",
        "place_name": "مركز ضياء الفكر للرعاية النهارية",
        "place_url": "https://www.google.com/maps/place/%D9%85%D8%B1%D9%83%D8%B2+%D8%B6%D9%8A%D8%A7%D8%A1+%D8%A7%D9%84%D9%81%D9%83%D8%B1+%D9%84%D9%84%D8%B1%D8%B9%D8%A7%D9%8A%D8%A9+%D8%A7%D9%84%D9%86%D9%87%D8%A7%D8%B1%D9%8A%D8%A9%E2%80%AD/@17.1592779,42.6367415,17z/data=!3m1!4b1!4m6!3m5!1s0x15fd51001fda8001:0xfa4498c015e8f92a!8m2!3d17.1592779!4d42.6341666!16s%2Fg%2F11w94zsysn?entry=ttu&g_ep=EgoyMDI2MDUxMy4wIKXMDSoASAFQAw%3D%3D",
        "place_category": "المركز التعليمي",
        "place_address": "2951 هند بنت أبي أمية، حي الملك فهد، GBSA7566، 7566، صبيا 85299",
        "place_rating": 4.9,
        "place_review_count": 93
      }
    },
    {
      "type": "Feature",
      "geometry": null,
      "properties": {
        "School": "مركز البسمة للرعاية النهارية - ذكور",
        "Region": "منطقة القصيـــم",
        "City": "محافظة الرس",
        "Type": "مركز شامل",
        "Gender": "ذكور",
        "MaleStudents": "110",
        "FemaleStudents": "0",
        "SchoolCapacity": "200"
      }
    },
    {
      "type": "Feature",
      "geometry": {
        "type": "Point",
        "coordinates": [
          37.2758553,
          25.0494726
        ]
      },
      "properties": {
        "School": "مركز شعاع الأمل للرعاية النهارية فرع املج",
        "Region": "منطقة تبـــوك",
        "City": "محافظة أملج",
        "Type": "مركز شامل",
        "Gender": "اناث",
        "MaleStudents": "0",
        "FemaleStudents": "61",
        "SchoolCapacity": "117",
        "place_name": "مركز شعاع الأمل للرعاية النهارية - فرع محافظة أملج",
        "place_url": "https://www.google.com/maps/place/%D9%85%D8%B1%D9%83%D8%B2+%D8%B4%D8%B9%D8%A7%D8%B9+%D8%A7%D9%84%D8%A3%D9%85%D9%84+%D9%84%D9%84%D8%B1%D8%B9%D8%A7%D9%8A%D8%A9+%D8%A7%D9%84%D9%86%D9%87%D8%A7%D8%B1%D9%8A%D8%A9+-+%D9%81%D8%B1%D8%B9+%D9%85%D8%AD%D8%A7%D9%81%D8%B8%D8%A9+%D8%A3%D9%85%D9%84%D8%AC%E2%80%AD/@25.0494726,37.2784302,17z/data=!3m1!4b1!4m6!3m5!1s0x15b0a7228c3cf27d:0xe7c587c1143fee9!8m2!3d25.0494726!4d37.2758553!16s%2Fg%2F11g6xk0cz3?entry=ttu&g_ep=EgoyMDI2MDUxMy4wIKXMDSoASAFQAw%3D%3D",
        "place_category": "مركز لرعاية الأطفال",
        "place_address": "طريق الملك فيصل، املج 48321",
        "place_rating": 4.8,
        "place_review_count": 12
      }
    },
    {
      "type": "Feature",
      "geometry": null,
      "properties": {
        "School": "مركز هنايف تركي السحيمي للرعاية النهارية",
        "Region": "منطقة المدينة المنورة",
        "City": "المدينة المنورة",
        "Type": "مركز شامل",
        "Gender": "اناث",
        "MaleStudents": "0",
        "FemaleStudents": "56",
        "SchoolCapacity": "76"
      }
    },
    {
      "type": "Feature",
      "geometry": {
        "type": "Point",
        "coordinates": [
          38.2009876,
          24.0079505
        ]
      },
      "properties": {
        "School": "مركز تعافي للرعاية النهارية",
        "Region": "منطقة المدينة المنورة",
        "City": "محافظة ينبع",
        "Type": "مركز شامل",
        "Gender": "اناث",
        "MaleStudents": "0",
        "FemaleStudents": "69",
        "SchoolCapacity": "155",
        "place_name": "مركز تعافي لذوي الاحتياجات الخاصة بالهيئة الملكية بينبع الصناعية",
        "place_url": "https://www.google.com/maps/place/%D9%85%D8%B1%D9%83%D8%B2+%D8%AA%D8%B9%D8%A7%D9%81%D9%8A+%D9%84%D8%B0%D9%88%D9%8A+%D8%A7%D9%84%D8%A7%D8%AD%D8%AA%D9%8A%D8%A7%D8%AC%D8%A7%D8%AA+%D8%A7%D9%84%D8%AE%D8%A7%D8%B5%D8%A9+%D8%A8%D8%A7%D9%84%D9%87%D9%8A%D8%A6%D8%A9+%D8%A7%D9%84%D9%85%D9%84%D9%83%D9%8A%D8%A9+%D8%A8%D9%8A%D9%86%D8%A8%D8%B9+%D8%A7%D9%84%D8%B5%D9%86%D8%A7%D8%B9%D9%8A%D8%A9%E2%80%AD/@24.0079505,38.3451832,12z/data=!4m10!1m2!2m1!1z2YXYsdmD2LIg2KrYudin2YHZiiDZhNmE2LHYudin2YrYqSDYp9mE2YbZh9in2LHZitipLCDZhdit2KfZgdi42Kkg2YrZhtio2LksINmF2YbYt9mC2Kkg2KfZhNmF2K_ZitmG2Kkg2KfZhNmF2YbZiNix2Kk!3m6!1s0x15b91bc45fbc1dbb:0xd37f71fceb8eba31!8m2!3d24.0079505!4d38.2009876!15sCnTZhdix2YPYsiDYqti52KfZgdmKINmE2YTYsdi52KfZitipINin2YTZhtmH2KfYsdmK2KksINmF2K3Yp9mB2LjYqSDZitmG2KjYuSwg2YXZhti32YLYqSDYp9mE2YXYr9mK2YbYqSDYp9mE2YXZhtmI2LHYqZIBGHNwZWNpYWxfZWR1Y2F0aW9uX3NjaG9vbOABAA!16s%2Fg%2F11hdz86drh?entry=ttu&g_ep=EgoyMDI2MDUxMy4wIKXMDSoASAFQAw%3D%3D",
        "place_category": "مدرسة تعليم خاص",
        "place_address": "9488 احد، رضوى، ينبع 46452",
        "place_rating": 4.9,
        "place_review_count": 4
      }
    },
    {
      "type": "Feature",
      "geometry": {
        "type": "Point",
        "coordinates": [
          46.7925599,
          24.8435227
        ]
      },
      "properties": {
        "School": "عبور للرعاية النهارية بالمعيزلية - شارع الشيخ جابر",
        "Region": "منطقة الريـــاض",
        "City": "الرياض",
        "Type": "مركز شامل",
        "Gender": "اناث",
        "MaleStudents": "0",
        "FemaleStudents": "174",
        "SchoolCapacity": "400",
        "place_name": "مركز عبور للرعاية النهارية فرع الرمال",
        "place_url": "https://www.google.com/maps/place/%D9%85%D8%B1%D9%83%D8%B2+%D8%B9%D8%A8%D9%88%D8%B1+%D9%84%D9%84%D8%B1%D8%B9%D8%A7%D9%8A%D8%A9+%D8%A7%D9%84%D9%86%D9%87%D8%A7%D8%B1%D9%8A%D8%A9+%D9%81%D8%B1%D8%B9+%D8%A7%D9%84%D8%B1%D9%85%D8%A7%D9%84%E2%80%AD/@24.8435227,47.080951,11z/data=!4m10!1m2!2m1!1z2LnYqNmI2LEg2YTZhNix2LnYp9mK2Kkg2KfZhNmG2YfYp9ix2YrYqSDYqNin2YTZhdi52YrYstmE2YrYqSAtINi02KfYsdi5INin2YTYtNmK2K4g2KzYp9io2LEsINin2YTYsdmK2KfYtiwg2YXZhti32YLYqSDYp9mE2LHZitmA2YDZgNin2LY!3m6!1s0x3e2eff787133447f:0x63439685c92cc472!8m2!3d24.8435227!4d46.7925599!15sCokB2LnYqNmI2LEg2YTZhNix2LnYp9mK2Kkg2KfZhNmG2YfYp9ix2YrYqSDYqNin2YTZhdi52YrYstmE2YrYqSAtINi02KfYsdi5INin2YTYtNmK2K4g2KzYp9io2LEsINin2YTYsdmK2KfYtiwg2YXZhti32YLYqSDYp9mE2LHZitmA2YDZgNin2LZagQEif9i52KjZiNixINmE2YTYsdi52KfZitipINin2YTZhtmH2KfYsdmK2Kkg2KjYp9mE2YXYudmK2LLZhNmK2Kkg2LTYp9ix2Lkg2KfZhNi02YrYriDYrNin2KjYsSDYp9mE2LHZitin2LYg2YXZhti32YLYqSDYp9mE2LHZitin2LaSARVyZWhhYmlsaXRhdGlvbl9jZW50ZXKaASNDaFpEU1VoTk1HOW5TMFZKUTBGblRVTnZaMkpQUVdGbkVBReABAPoBBAgAEEM!16s%2Fg%2F11tf85lpr0?entry=ttu&g_ep=EgoyMDI2MDUxMy4wIKXMDSoASAFQAw%3D%3D",
        "place_category": "مركز إعادة التأهيل",
        "place_address": "3526 عباده بن عمرو الانصاري, حي الرمال, 6500, الرياض 13256",
        "place_rating": 4.1,
        "place_review_count": 4
      }
    },
    {
      "type": "Feature",
      "geometry": {
        "type": "Point",
        "coordinates": [
          46.7474143,
          24.8277069
        ]
      },
      "properties": {
        "School": "مركز إفادة للرعاية النهارية",
        "Region": "منطقة الريـــاض",
        "City": "الرياض",
        "Type": "مركز شامل",
        "Gender": "اناث",
        "MaleStudents": "0",
        "FemaleStudents": "207",
        "SchoolCapacity": "600",
        "place_name": "مركز إفادة للرعاية النهارية",
        "place_url": "https://www.google.com/maps/place/%D9%85%D8%B1%D9%83%D8%B2+%D8%A5%D9%81%D8%A7%D8%AF%D8%A9+%D9%84%D9%84%D8%B1%D8%B9%D8%A7%D9%8A%D8%A9+%D8%A7%D9%84%D9%86%D9%87%D8%A7%D8%B1%D9%8A%D8%A9%E2%80%AD/@24.8322361,46.7583883,16z/data=!4m10!1m2!2m1!1z2YXYsdmD2LIg2KXZgdin2K_YqSDZhNmE2LHYudin2YrYqSDYp9mE2YbZh9in2LHZitipLCDYp9mE2LHZitin2LYsINmF2YbYt9mC2Kkg2KfZhNix2YrZgNmA2YDYp9i2!3m6!1s0x3e2efd0c39515741:0x77bb10756749be9f!8m2!3d24.8277069!4d46.7474143!15sCmDZhdix2YPYsiDYpdmB2KfYr9ipINmE2YTYsdi52KfZitipINin2YTZhtmH2KfYsdmK2KksINin2YTYsdmK2KfYtiwg2YXZhti32YLYqSDYp9mE2LHZitmA2YDZgNin2LZaWiJY2YXYsdmD2LIg2KXZgdin2K_YqSDZhNmE2LHYudin2YrYqSDYp9mE2YbZh9in2LHZitipINin2YTYsdmK2KfYtiDZhdmG2LfZgtipINin2YTYsdmK2KfYtpIBD2RheV9jYXJlX2NlbnRlcuABAA!16s%2Fg%2F11bw2f_mly?entry=ttu&g_ep=EgoyMDI2MDUxMy4wIKXMDSoASAFQAw%3D%3D",
        "place_category": "مركز لرعاية الأطفال",
        "place_address": "طريق الشيخ حسن بن حسين بن علي الفرعي، 7246، قرطبة، الرياض 7246",
        "place_rating": 4.3,
        "place_review_count": 4
      }
    },
    {
      "type": "Feature",
      "geometry": {
        "type": "Point",
        "coordinates": [
          50.036691,
          26.5753035
        ]
      },
      "properties": {
        "School": "مركز زهور المستقبل لرعاية الاحتياجات الخاصة",
        "Region": "المنطقة الشرقيـــة",
        "City": "محافظة القطيف",
        "Type": "مركز شامل",
        "Gender": "اناث",
        "MaleStudents": "0",
        "FemaleStudents": "70",
        "SchoolCapacity": "142",
        "place_name": "مركز زهور المستقبل",
        "place_url": "https://www.google.com/maps/place/%D9%85%D8%B1%D9%83%D8%B2+%D8%B2%D9%87%D9%88%D8%B1+%D8%A7%D9%84%D9%85%D8%B3%D8%AA%D9%82%D8%A8%D9%84%E2%80%AD/@26.5753035,50.0411971,17z/data=!4m10!1m2!2m1!1z2YXYsdmD2LIg2LLZh9mI2LEg2KfZhNmF2LPYqtmC2KjZhCDZhNix2LnYp9mK2Kkg2KfZhNin2K3YqtmK2KfYrNin2Kog2KfZhNiu2KfYtdipLCDZhdit2KfZgdi42Kkg2KfZhNmC2LfZitmBLCDYp9mE2YXZhti32YLYqSDYp9mE2LTYsdmC2YrZgNmA2YDYqQ!3m6!1s0x3e4a008c8bc57b49:0x64414e55d5feae03!8m2!3d26.5753035!4d50.036691!15sCpEB2YXYsdmD2LIg2LLZh9mI2LEg2KfZhNmF2LPYqtmC2KjZhCDZhNix2LnYp9mK2Kkg2KfZhNin2K3YqtmK2KfYrNin2Kog2KfZhNiu2KfYtdipLCDZhdit2KfZgdi42Kkg2KfZhNmC2LfZitmBLCDYp9mE2YXZhti32YLYqSDYp9mE2LTYsdmC2YrZgNmA2YDYqZIBFW1lbnRhbF9oZWFsdGhfc2VydmljZeABAA!16s%2Fg%2F11c54f48sq?entry=ttu&g_ep=EgoyMDI2MDUxMy4wIKXMDSoASAFQAw%3D%3D",
        "place_category": "خدمة الصحة النفسية",
        "place_address": "3542 شارع طرفة بن العبد، الروضة، تاروت 32626",
        "place_rating": 4.8,
        "place_review_count": 4
      }
    },
    {
      "type": "Feature",
      "geometry": {
        "type": "Point",
        "coordinates": [
          43.5387279,
          29.6415902
        ]
      },
      "properties": {
        "School": "مركز أجيال الشمال للرعاية الهارية",
        "Region": "منطقة الحدود الشمالية",
        "City": "محافظة رفحاء",
        "Type": "مركز شامل",
        "Gender": "اناث",
        "MaleStudents": "0",
        "FemaleStudents": "57",
        "SchoolCapacity": "65",
        "place_name": "مركز أجيال الشمال للرعاية النهارية في رفحاء",
        "place_url": "https://www.google.com/maps/place/%D9%85%D8%B1%D9%83%D8%B2+%D8%A3%D8%AC%D9%8A%D8%A7%D9%84+%D8%A7%D9%84%D8%B4%D9%85%D8%A7%D9%84+%D9%84%D9%84%D8%B1%D8%B9%D8%A7%D9%8A%D8%A9+%D8%A7%D9%84%D9%86%D9%87%D8%A7%D8%B1%D9%8A%D8%A9+%D9%81%D9%8A+%D8%B1%D9%81%D8%AD%D8%A7%D8%A1%E2%80%AD/@29.6415902,43.5413028,17z/data=!3m1!4b1!4m6!3m5!1s0x156467860810069d:0x956ecc006ccc1174!8m2!3d29.6415902!4d43.5387279!16s%2Fg%2F11s2g48s_8?entry=ttu&g_ep=EgoyMDI2MDUxMy4wIKXMDSoASAFQAw%3D%3D",
        "place_category": "مركز تدريب",
        "place_address": "6812 شارع الامير عبدالله بن جلوي 2764،، رفحاء 76316",
        "place_rating": 5.0,
        "place_review_count": 4
      }
    },
    {
      "type": "Feature",
      "geometry": {
        "type": "Point",
        "coordinates": [
          49.5698995,
          25.3633906
        ]
      },
      "properties": {
        "School": "مركز الشرق الأوسط للرعاية النهارية",
        "Region": "المنطقة الشرقيـــة",
        "City": "محافظة الاحساء",
        "Type": "مركز شامل",
        "Gender": "اناث",
        "MaleStudents": "0",
        "FemaleStudents": "41",
        "SchoolCapacity": "106",
        "place_name": "مركز الشرق الأوسط للرعاية النهارية",
        "place_url": "https://www.google.com/maps/place/%D9%85%D8%B1%D9%83%D8%B2+%D8%A7%D9%84%D8%B4%D8%B1%D9%82+%D8%A7%D9%84%D8%A3%D9%88%D8%B3%D8%B7+%D9%84%D9%84%D8%B1%D8%B9%D8%A7%D9%8A%D8%A9+%D8%A7%D9%84%D9%86%D9%87%D8%A7%D8%B1%D9%8A%D8%A9%E2%80%AD/@25.3633906,49.5724744,17z/data=!3m1!4b1!4m6!3m5!1s0x3e3796dc68fd495d:0x5a91a08ad676dc6a!8m2!3d25.3633906!4d49.5698995!16s%2Fg%2F11f3y5j3pt?entry=ttu&g_ep=EgoyMDI2MDUxMy4wIKXMDSoASAFQAw%3D%3D",
        "place_category": "خدمة رعاية الأسرة النهارية",
        "place_address": "9H79+9X2، الرقيقة، الهفوف 36441",
        "place_rating": 4.9,
        "place_review_count": 4
      }
    },
    {
      "type": "Feature",
      "geometry": {
        "type": "Point",
        "coordinates": [
          42.481588,
          18.2294817
        ]
      },
      "properties": {
        "School": "مركز عبور للرعاية النهارية",
        "Region": "منطقة مكة المكرمـة",
        "City": "محافظة الطائف",
        "Type": "مركز شامل",
        "Gender": "اناث",
        "MaleStudents": "0",
        "FemaleStudents": "98",
        "SchoolCapacity": "200",
        "place_name": "مركز عبور للرعاية النهارية فرع أبها",
        "place_url": "https://www.google.com/maps/place/%D9%85%D8%B1%D9%83%D8%B2+%D8%B9%D8%A8%D9%88%D8%B1+%D9%84%D9%84%D8%B1%D8%B9%D8%A7%D9%8A%D8%A9+%D8%A7%D9%84%D9%86%D9%87%D8%A7%D8%B1%D9%8A%D8%A9+%D9%81%D8%B1%D8%B9+%D8%A3%D8%A8%D9%87%D8%A7%E2%80%AD/@18.2294817,43.6351525,9z/data=!4m10!1m2!2m1!1z2YXYsdmD2LIg2LnYqNmI2LEg2YTZhNix2LnYp9mK2Kkg2KfZhNmG2YfYp9ix2YrYqSwg2YXYrdin2YHYuNipINin2YTYt9in2KbZgSwg2YXZhti32YLYqSDZhdmD2Kkg2KfZhNmF2YPYsdmF2YDYqQ!3m6!1s0x15e35576662f59cf:0x4e8aea2a1af4c8a6!8m2!3d18.2294817!4d42.481588!15sCnDZhdix2YPYsiDYudio2YjYsSDZhNmE2LHYudin2YrYqSDYp9mE2YbZh9in2LHZitipLCDZhdit2KfZgdi42Kkg2KfZhNi32KfYptmBLCDZhdmG2LfZgtipINmF2YPYqSDYp9mE2YXZg9ix2YXZgNipWm4ibNmF2LHZg9iyINi52KjZiNixINmE2YTYsdi52KfZitipINin2YTZhtmH2KfYsdmK2Kkg2YXYrdin2YHYuNipINin2YTYt9in2KbZgSDZhdmG2LfZgtipINmF2YPYqSDYp9mE2YXZg9ix2YXYqZIBFWFkdWx0X2RheV9jYXJlX2NlbnRlcpoBRENpOURRVWxSUVVOdlpFTm9kSGxqUmpsdlQydFdSMXBXV2pSV2VteGhVMWQwY21OSFduVlZSR1JtV1ZaSk1tVlhZeEFC4AEA-gEECAAQOw!16s%2Fg%2F11k3hhy1ms?entry=ttu&g_ep=EgoyMDI2MDUxMy4wIKXMDSoASAFQAw%3D%3D",
        "place_category": "مركز رعاية نهارية للكبار",
        "place_address": "7247 طريق سرد بن عبدالله الازدي، الخالدية، أبها 62541",
        "place_rating": 4.8,
        "place_review_count": 4
      }
    },
    {
      "type": "Feature",
      "geometry": null,
      "properties": {
        "School": "مركز دروب القمم للرعاية النهارية",
        "Region": "منطقة الريـــاض",
        "City": "محافظة الخرج",
        "Type": "مركز شامل",
        "Gender": "ذكور",
        "MaleStudents": "106",
        "FemaleStudents": "0",
        "SchoolCapacity": "110"
      }
    },
    {
      "type": "Feature",
      "geometry": null,
      "properties": {
        "School": "مركز براعة القمة  لرعاية ذوي الاحتياجات الخاصة",
        "Region": "المنطقة الشرقيـــة",
        "City": "الدمام",
        "Type": "مركز شامل",
        "Gender": "اناث",
        "MaleStudents": "0",
        "FemaleStudents": "64",
        "SchoolCapacity": "98"
      }
    },
    {
      "type": "Feature",
      "geometry": {
        "type": "Point",
        "coordinates": [
          42.6177503,
          20.0055103
        ]
      },
      "properties": {
        "School": "مركز عبور للرعاية النهارية - فرع بيشة",
        "Region": "منطقة عسيــر",
        "City": "محافظة بيشة",
        "Type": "مركز شامل",
        "Gender": "اناث",
        "MaleStudents": "0",
        "FemaleStudents": "128",
        "SchoolCapacity": "200",
        "place_name": "مركز عبور للرعاية النهارية فرع بيشة",
        "place_url": "https://www.google.com/maps/place/%D9%85%D8%B1%D9%83%D8%B2+%D8%B9%D8%A8%D9%88%D8%B1+%D9%84%D9%84%D8%B1%D8%B9%D8%A7%D9%8A%D8%A9+%D8%A7%D9%84%D9%86%D9%87%D8%A7%D8%B1%D9%8A%D8%A9+%D9%81%D8%B1%D8%B9+%D8%A8%D9%8A%D8%B4%D8%A9%E2%80%AD/@20.0055103,42.6203252,17z/data=!3m1!4b1!4m6!3m5!1s0x15f0290450d87883:0xe8ff5f6f58872523!8m2!3d20.0055103!4d42.6177503!16s%2Fg%2F11c2nhlvtq?entry=ttu&g_ep=EgoyMDI2MDUxMy4wIKXMDSoASAFQAw%3D%3D",
        "place_category": "مركز رعاية نهارية للكبار",
        "place_address": "3744 نوفل بن الحارث، الخزامى، بيشة 67711",
        "place_rating": 4.7,
        "place_review_count": 92
      }
    },
    {
      "type": "Feature",
      "geometry": {
        "type": "Point",
        "coordinates": [
          40.4770244,
          21.4431864
        ]
      },
      "properties": {
        "School": "مركز أسس النجاح للرعاية النهارية",
        "Region": "منطقة مكة المكرمـة",
        "City": "محافظة الطائف",
        "Type": "مركز شامل",
        "Gender": "اناث",
        "MaleStudents": "0",
        "FemaleStudents": "70",
        "SchoolCapacity": "142",
        "place_name": "مركز اسس النجاح للرعاية النهارية",
        "place_url": "https://www.google.com/maps/place/%D9%85%D8%B1%D9%83%D8%B2+%D8%A7%D8%B3%D8%B3+%D8%A7%D9%84%D9%86%D8%AC%D8%A7%D8%AD+%D9%84%D9%84%D8%B1%D8%B9%D8%A7%D9%8A%D8%A9+%D8%A7%D9%84%D9%86%D9%87%D8%A7%D8%B1%D9%8A%D8%A9%E2%80%AD/@21.4456259,40.4872034,16z/data=!4m10!1m2!2m1!1z2YXYsdmD2LIg2KPYs9izINin2YTZhtis2KfYrSDZhNmE2LHYudin2YrYqSDYp9mE2YbZh9in2LHZitipLCDZhdit2KfZgdi42Kkg2KfZhNi32KfYptmBLCDZhdmG2LfZgtipINmF2YPYqSDYp9mE2YXZg9ix2YXZgNip!3m6!1s0x15ea2f810665fc8f:0xe006a59950804c80!8m2!3d21.4431864!4d40.4770244!15sCnvZhdix2YPYsiDYo9iz2LMg2KfZhNmG2KzYp9itINmE2YTYsdi52KfZitipINin2YTZhtmH2KfYsdmK2KksINmF2K3Yp9mB2LjYqSDYp9mE2LfYp9im2YEsINmF2YbYt9mC2Kkg2YXZg9ipINin2YTZhdmD2LHZhdmA2KlaeSJ32YXYsdmD2LIg2KPYs9izINin2YTZhtis2KfYrSDZhNmE2LHYudin2YrYqSDYp9mE2YbZh9in2LHZitipINmF2K3Yp9mB2LjYqSDYp9mE2LfYp9im2YEg2YXZhti32YLYqSDZhdmD2Kkg2KfZhNmF2YPYsdmF2KmSARBlZHVjYXRpb25fY2VudGVymgFEQ2k5RFFVbFJRVU52WkVOb2RIbGpSamx2VDJ4T1NHRXhRbk5XTVUweFZtcEdTazlXVGxOU2JrWkxXV3hLVldKclJSQULgAQD6AQQIABBK!16s%2Fg%2F11rx3ndvmh?entry=ttu&g_ep=EgoyMDI2MDUxMy4wIKXMDSoASAFQAw%3D%3D",
        "place_category": "المركز التعليمي",
        "place_address": "3195، حي سلطانة، الطائف 26576 6951،",
        "place_rating": 5.0,
        "place_review_count": 5
      }
    },
    {
      "type": "Feature",
      "geometry": {
        "type": "Point",
        "coordinates": [
          50.2056224,
          26.3525456
        ]
      },
      "properties": {
        "School": "مركز غصون المستقبل لرعاية ذوي الاحتياجات الخاصة",
        "Region": "المنطقة الشرقيـــة",
        "City": "محافظة الخبر",
        "Type": "مركز شامل",
        "Gender": "ذكور",
        "MaleStudents": "221",
        "FemaleStudents": "0",
        "SchoolCapacity": "425",
        "place_name": "مركز غصون المستقبل للرعاية النهارية",
        "place_url": "https://www.google.com/maps/place/%D9%85%D8%B1%D9%83%D8%B2+%D8%BA%D8%B5%D9%88%D9%86+%D8%A7%D9%84%D9%85%D8%B3%D8%AA%D9%82%D8%A8%D9%84+%D9%84%D9%84%D8%B1%D8%B9%D8%A7%D9%8A%D8%A9+%D8%A7%D9%84%D9%86%D9%87%D8%A7%D8%B1%D9%8A%D8%A9%E2%80%AD/@26.3525456,50.2416713,14z/data=!4m10!1m2!2m1!1z2YXYsdmD2LIg2LrYtdmI2YYg2KfZhNmF2LPYqtmC2KjZhCDZhNix2LnYp9mK2Kkg2LDZiNmKINin2YTYp9it2KrZitin2KzYp9iqINin2YTYrtin2LXYqSwg2YXYrdin2YHYuNipINin2YTYrtio2LEsINin2YTZhdmG2LfZgtipINin2YTYtNix2YLZitmA2YDZgNip!3m6!1s0x3e49e87c753baea9:0x79a7240f634d84e5!8m2!3d26.3525456!4d50.2056224!15sCpYB2YXYsdmD2LIg2LrYtdmI2YYg2KfZhNmF2LPYqtmC2KjZhCDZhNix2LnYp9mK2Kkg2LDZiNmKINin2YTYp9it2KrZitin2KzYp9iqINin2YTYrtin2LXYqSwg2YXYrdin2YHYuNipINin2YTYrtio2LEsINin2YTZhdmG2LfZgtipINin2YTYtNix2YLZitmA2YDZgNipWpEBIo4B2YXYsdmD2LIg2LrYtdmI2YYg2KfZhNmF2LPYqtmC2KjZhCDZhNix2LnYp9mK2Kkg2LDZiNmKINin2YTYp9it2KrZitin2KzYp9iqINin2YTYrtin2LXYqSDZhdit2KfZgdi42Kkg2KfZhNiu2KjYsSDYp9mE2YXZhti32YLYqSDYp9mE2LTYsdmC2YrYqZIBD2RheV9jYXJlX2NlbnRlcpoBJENoZERTVWhOTUc5blMwVkpRMEZuU1VOYWJqZEhTR3RCUlJBQuABAPoBBAgAEDk!16s%2Fg%2F11f1w6q73l?entry=ttu&g_ep=EgoyMDI2MDUxMy4wIKXMDSoASAFQAw%3D%3D",
        "place_category": "مركز لرعاية الأطفال",
        "place_address": "الراكة الجنوبية، الخبر 34227",
        "place_rating": 3.9,
        "place_review_count": 3
      }
    },
    {
      "type": "Feature",
      "geometry": {
        "type": "Point",
        "coordinates": [
          47.2947229,
          24.1038696
        ]
      },
      "properties": {
        "School": "مركز مهارات لرعاية ذوي الاحتياجات الخاصة",
        "Region": "منطقة الريـــاض",
        "City": "محافظة الخرج",
        "Type": "مركز شامل",
        "Gender": "اناث",
        "MaleStudents": "0",
        "FemaleStudents": "80",
        "SchoolCapacity": "114",
        "place_name": "مركز مهارات لذوي الاحتياجات الخاصة، Skills center for special needs",
        "place_url": "https://www.google.com/maps/place/%D9%85%D8%B1%D9%83%D8%B2+%D9%85%D9%87%D8%A7%D8%B1%D8%A7%D8%AA+%D9%84%D8%B0%D9%88%D9%8A+%D8%A7%D9%84%D8%A7%D8%AD%D8%AA%D9%8A%D8%A7%D8%AC%D8%A7%D8%AA+%D8%A7%D9%84%D8%AE%D8%A7%D8%B5%D8%A9%D8%8C+Skills+center+for+special+needs%E2%80%AD/@24.1038696,47.2972978,17z/data=!3m1!4b1!4m6!3m5!1s0x3e25493fbbf3f155:0xb7c8d0049dff0ae0!8m2!3d24.1038696!4d47.2947229!16s%2Fg%2F11qg5c87wv?entry=ttu&g_ep=EgoyMDI2MDUxMy4wIKXMDSoASAFQAw%3D%3D",
        "place_category": "المركز التعليمي",
        "place_address": "2872، مشرف، الخرج 16432 7278،، الخرج 16432",
        "place_rating": 4.7,
        "place_review_count": 40
      }
    },
    {
      "type": "Feature",
      "geometry": {
        "type": "Point",
        "coordinates": [
          49.5922294,
          25.430782
        ]
      },
      "properties": {
        "School": "مركز الشرق الأوسط للرعاية النهارية فرع (2 )",
        "Region": "المنطقة الشرقيـــة",
        "City": "محافظة الاحساء",
        "Type": "مركز شامل",
        "Gender": "اناث",
        "MaleStudents": "0",
        "FemaleStudents": "68",
        "SchoolCapacity": "222",
        "place_name": "مركز الشرق الأوسط للرعاية النهارية",
        "place_url": "https://www.google.com/maps/place/%D9%85%D8%B1%D9%83%D8%B2+%D8%A7%D9%84%D8%B4%D8%B1%D9%82+%D8%A7%D9%84%D8%A3%D9%88%D8%B3%D8%B7+%D9%84%D9%84%D8%B1%D8%B9%D8%A7%D9%8A%D8%A9+%D8%A7%D9%84%D9%86%D9%87%D8%A7%D8%B1%D9%8A%D8%A9%E2%80%AD/@25.3970806,49.6466858,13z/data=!4m10!1m2!2m1!1z2YXYsdmD2LIg2KfZhNi02LHZgiDYp9mE2KPZiNiz2Lcg2YTZhNix2LnYp9mK2Kkg2KfZhNmG2YfYp9ix2YrYqSDZgdix2LkgKDIgKSwg2YXYrdin2YHYuNipINin2YTYp9it2LPYp9ihLCDYp9mE2YXZhti32YLYqSDYp9mE2LTYsdmC2YrZgNmA2YDYqQ!3m6!1s0x3e379619b7028131:0x3b145b72e29e9309!8m2!3d25.430782!4d49.5922294!15sCo4B2YXYsdmD2LIg2KfZhNi02LHZgiDYp9mE2KPZiNiz2Lcg2YTZhNix2LnYp9mK2Kkg2KfZhNmG2YfYp9ix2YrYqSDZgdix2LkgKDIgKSwg2YXYrdin2YHYuNipINin2YTYp9it2LPYp9ihLCDYp9mE2YXZhti32YLYqSDYp9mE2LTYsdmC2YrZgNmA2YDYqVqGASKDAdmF2LHZg9iyINin2YTYtNix2YIg2KfZhNij2YjYs9i3INmE2YTYsdi52KfZitipINin2YTZhtmH2KfYsdmK2Kkg2YHYsdi5IDIg2YXYrdin2YHYuNipINin2YTYp9it2LPYp9ihINin2YTZhdmG2LfZgtipINin2YTYtNix2YLZitipkgEQZWR1Y2F0aW9uX2NlbnRlcpoBJENoZERTVWhOTUc5blMwVkpRMEZuU1VOWU5DMWxiMjVCUlJBQuABAPoBBAgAEEA!16s%2Fg%2F11c1tbdf_g?entry=ttu&g_ep=EgoyMDI2MDUxMy4wIKXMDSoASAFQAw%3D%3D",
        "place_category": "المركز التعليمي",
        "place_address": "7187 طريق الأمير طلال، حي الراشدية، المبرز 36342",
        "place_rating": 4.8,
        "place_review_count": 4
      }
    },
    {
      "type": "Feature",
      "geometry": {
        "type": "Point",
        "coordinates": [
          46.7915885,
          24.7385512
        ]
      },
      "properties": {
        "School": "مركز الأوائل للرعاية النهارية رقم 4 فرع الاندلس",
        "Region": "منطقة الريـــاض",
        "City": "الرياض",
        "Type": "",
        "Gender": "0",
        "MaleStudents": "0",
        "FemaleStudents": "0",
        "SchoolCapacity": "0",
        "place_name": "مركز الاوائل للرعاية النهارية فرع الاندلس",
        "place_url": "https://www.google.com/maps/place/%D9%85%D8%B1%D9%83%D8%B2+%D8%A7%D9%84%D8%A7%D9%88%D8%A7%D8%A6%D9%84+%D9%84%D9%84%D8%B1%D8%B9%D8%A7%D9%8A%D8%A9+%D8%A7%D9%84%D9%86%D9%87%D8%A7%D8%B1%D9%8A%D8%A9+%D9%81%D8%B1%D8%B9+%D8%A7%D9%84%D8%A7%D9%86%D8%AF%D9%84%D8%B3%E2%80%AD/@24.7385512,46.8636863,13z/data=!4m10!1m2!2m1!1z2YXYsdmD2LIg2KfZhNij2YjYp9im2YQg2YTZhNix2LnYp9mK2Kkg2KfZhNmG2YfYp9ix2YrYqSDYsdmC2YUgNCDZgdix2Lkg2KfZhNin2YbYr9mE2LMsINin2YTYsdmK2KfYtiwg2YXZhti32YLYqSDYp9mE2LHZitmA2YDZgNin2LY!3m6!1s0x3e2f01654dd291bf:0xc8b62634a9bbfbf3!8m2!3d24.7385512!4d46.7915885!15sCoMB2YXYsdmD2LIg2KfZhNij2YjYp9im2YQg2YTZhNix2LnYp9mK2Kkg2KfZhNmG2YfYp9ix2YrYqSDYsdmC2YUgNCDZgdix2Lkg2KfZhNin2YbYr9mE2LMsINin2YTYsdmK2KfYtiwg2YXZhti32YLYqSDYp9mE2LHZitmA2YDZgNin2LZafSJ72YXYsdmD2LIg2KfZhNij2YjYp9im2YQg2YTZhNix2LnYp9mK2Kkg2KfZhNmG2YfYp9ix2YrYqSDYsdmC2YUgNCDZgdix2Lkg2KfZhNin2YbYr9mE2LMg2KfZhNix2YrYp9i2INmF2YbYt9mC2Kkg2KfZhNix2YrYp9i2kgEVYWR1bHRfZGF5X2NhcmVfY2VudGVymgEkQ2hkRFNVaE5NRzluUzBWSlEwRm5UVU5uWnpkWFNHNTNSUkFC4AEA-gEECAAQJg!16s%2Fg%2F11sk92drj7?entry=ttu&g_ep=EgoyMDI2MDUxMy4wIKXMDSoASAFQAw%3D%3D",
        "place_category": "مركز رعاية نهارية للكبار",
        "place_address": "PQQR+CJG، السليل، الاندلس، الرياض 13212",
        "place_rating": 5.0,
        "place_review_count": 5
      }
    },
    {
      "type": "Feature",
      "geometry": {
        "type": "Point",
        "coordinates": [
          39.1396639,
          21.6439315
        ]
      },
      "properties": {
        "School": "مركز فتيان للرعاية النهارية",
        "Region": "منطقة مكة المكرمـة",
        "City": "محافظة جدة",
        "Type": "مركز شامل",
        "Gender": "كلا الجنسين",
        "MaleStudents": "92",
        "FemaleStudents": "92",
        "SchoolCapacity": "93",
        "place_name": "مركز فتيان للرعاية النهارية",
        "place_url": "https://www.google.com/maps/place/%D9%85%D8%B1%D9%83%D8%B2+%D9%81%D8%AA%D9%8A%D8%A7%D9%86+%D9%84%D9%84%D8%B1%D8%B9%D8%A7%D9%8A%D8%A9+%D8%A7%D9%84%D9%86%D9%87%D8%A7%D8%B1%D9%8A%D8%A9%E2%80%AD/@21.6439315,39.1422388,17z/data=!3m1!4b1!4m6!3m5!1s0x15c3d9764d32ee05:0x49fa72b39fea8e58!8m2!3d21.6439315!4d39.1396639!16s%2Fg%2F11sv71z62c?entry=ttu&g_ep=EgoyMDI2MDUxMy4wIKXMDSoASAFQAw%3D%3D",
        "place_category": "مركز رعاية نهارية للكبار",
        "place_address": "حي، شارع آمنة بنت وهب، المحمدية، جدة 23623",
        "place_rating": 4.4,
        "place_review_count": 40
      }
    },
    {
      "type": "Feature",
      "geometry": {
        "type": "Point",
        "coordinates": [
          37.3545607,
          31.3092477
        ]
      },
      "properties": {
        "School": "مركز ايادي نجد للرعاية النهارية للبنات",
        "Region": "منطقة الجـــوف",
        "City": "محافظة القريات",
        "Type": "مركز شامل",
        "Gender": "اناث",
        "MaleStudents": "0",
        "FemaleStudents": "197",
        "SchoolCapacity": "400",
        "place_name": "مركز ايادي نجد للرعاية النهارية بنين - بنات",
        "place_url": "https://www.google.com/maps/place/%D9%85%D8%B1%D9%83%D8%B2+%D8%A7%D9%8A%D8%A7%D8%AF%D9%8A+%D9%86%D8%AC%D8%AF+%D9%84%D9%84%D8%B1%D8%B9%D8%A7%D9%8A%D8%A9+%D8%A7%D9%84%D9%86%D9%87%D8%A7%D8%B1%D9%8A%D8%A9+%D8%A8%D9%86%D9%8A%D9%86+-+%D8%A8%D9%86%D8%A7%D8%AA%E2%80%AD/@31.3092477,37.3571356,17z/data=!3m1!4b1!4m6!3m5!1s0x1510072b42d7522d:0x73580d096b57bb88!8m2!3d31.3092477!4d37.3545607!16s%2Fg%2F11t647709q?entry=ttu&g_ep=EgoyMDI2MDUxMy4wIKXMDSoASAFQAw%3D%3D",
        "place_category": "منظمة خدمات ودعم الإعاقة",
        "place_address": "5181 شارع عائشة بنت أبي بكر, حي المروج, WCMD7904، 7904, القريات 77454",
        "place_rating": 4.4,
        "place_review_count": 14
      }
    },
    {
      "type": "Feature",
      "geometry": {
        "type": "Point",
        "coordinates": [
          41.6685127,
          19.5099385
        ]
      },
      "properties": {
        "School": "مركز روح الاصرار للرعاية النهارية",
        "Region": "منطقة مكة المكرمـة",
        "City": "محافظة القنفذة",
        "Type": "مركز شامل",
        "Gender": "اناث",
        "MaleStudents": "0",
        "FemaleStudents": "92",
        "SchoolCapacity": "103",
        "place_name": "مركز روح الاصرار للرعاية النهارية",
        "place_url": "https://www.google.com/maps/place/%D9%85%D8%B1%D9%83%D8%B2+%D8%B1%D9%88%D8%AD+%D8%A7%D9%84%D8%A7%D8%B5%D8%B1%D8%A7%D8%B1+%D9%84%D9%84%D8%B1%D8%B9%D8%A7%D9%8A%D8%A9+%D8%A7%D9%84%D9%86%D9%87%D8%A7%D8%B1%D9%8A%D8%A9%E2%80%AD/@19.5099385,46.2827705,7z/data=!4m10!1m2!2m1!1z2YXYsdmD2LIg2LHZiNitINin2YTYp9i12LHYp9ixINmE2YTYsdi52KfZitipINin2YTZhtmH2KfYsdmK2KksINmF2K3Yp9mB2LjYqSDYp9mE2YLZhtmB2LDYqSwg2YXZhti32YLYqSDZhdmD2Kkg2KfZhNmF2YPYsdmF2YDYqQ!3m6!1s0x15e59597eaf259b1:0xe5eb026c7d8230b5!8m2!3d19.5099385!4d41.6685127!15sCn_Zhdix2YPYsiDYsdmI2K0g2KfZhNin2LXYsdin2LEg2YTZhNix2LnYp9mK2Kkg2KfZhNmG2YfYp9ix2YrYqSwg2YXYrdin2YHYuNipINin2YTZgtmG2YHYsNipLCDZhdmG2LfZgtipINmF2YPYqSDYp9mE2YXZg9ix2YXZgNipkgEVcmVoYWJpbGl0YXRpb25fY2VudGVy4AEA!16s%2Fg%2F11y097n4jl?entry=ttu&g_ep=EgoyMDI2MDUxMy4wIKXMDSoASAFQAw%3D%3D",
        "place_category": "مركز إعادة التأهيل",
        "place_address": "العرضية الشمالية، المعقص 65439",
        "place_rating": 5.0,
        "place_review_count": 5
      }
    },
    {
      "type": "Feature",
      "geometry": null,
      "properties": {
        "School": "مركز أركان التنميه للرعاية النهارية",
        "Region": "منطقة عسيــر",
        "City": "محافظة خميس  مشيط",
        "Type": "مركز شامل",
        "Gender": "اناث",
        "MaleStudents": "0",
        "FemaleStudents": "31",
        "SchoolCapacity": "57"
      }
    },
    {
      "type": "Feature",
      "geometry": null,
      "properties": {
        "School": "مركز الحياة الشامل للرعاية النهارية",
        "Region": "منطقة المدينة المنورة",
        "City": "المدينة المنورة",
        "Type": "مركز شامل",
        "Gender": "اناث",
        "MaleStudents": "0",
        "FemaleStudents": "62",
        "SchoolCapacity": "154"
      }
    },
    {
      "type": "Feature",
      "geometry": {
        "type": "Point",
        "coordinates": [
          49.5811728,
          25.4080502
        ]
      },
      "properties": {
        "School": "مركز المواهب الواعدة للرعاية النهارية - المبرز حي الحزم",
        "Region": "المنطقة الشرقيـــة",
        "City": "محافظة الاحساء",
        "Type": "مركز شامل",
        "Gender": "اناث",
        "MaleStudents": "0",
        "FemaleStudents": "93",
        "SchoolCapacity": "188",
        "place_name": "مركز المواهب الواعدة للرعاية النهارية",
        "place_url": "https://www.google.com/maps/place/%D9%85%D8%B1%D9%83%D8%B2+%D8%A7%D9%84%D9%85%D9%88%D8%A7%D9%87%D8%A8+%D8%A7%D9%84%D9%88%D8%A7%D8%B9%D8%AF%D8%A9+%D9%84%D9%84%D8%B1%D8%B9%D8%A7%D9%8A%D8%A9+%D8%A7%D9%84%D9%86%D9%87%D8%A7%D8%B1%D9%8A%D8%A9%E2%80%AD/@25.4080502,49.5837477,17z/data=!3m1!4b1!4m6!3m5!1s0x3e3796450360fd73:0x1ebe265c08fa50b9!8m2!3d25.4080502!4d49.5811728!16s%2Fg%2F1pv1d39qm?entry=ttu&g_ep=EgoyMDI2MDUxMy4wIKXMDSoASAFQAw%3D%3D",
        "place_category": "المركز التعليمي",
        "place_address": "طريق الملك سعود، حي العتبان، المبرز 36341",
        "place_rating": 4.4,
        "place_review_count": 84
      }
    },
    {
      "type": "Feature",
      "geometry": {
        "type": "Point",
        "coordinates": [
          44.2382312,
          17.553643
        ]
      },
      "properties": {
        "School": "مركز تحدي الإراده للرعاية النهارية",
        "Region": "منطقة نجـــران",
        "City": "نجران",
        "Type": "مركز شامل",
        "Gender": "اناث",
        "MaleStudents": "0",
        "FemaleStudents": "80",
        "SchoolCapacity": "103",
        "place_name": "مركز تحدي الإرادة للرعاية النهارية",
        "place_url": "https://www.google.com/maps/place/%D9%85%D8%B1%D9%83%D8%B2+%D8%AA%D8%AD%D8%AF%D9%8A+%D8%A7%D9%84%D8%A5%D8%B1%D8%A7%D8%AF%D8%A9+%D9%84%D9%84%D8%B1%D8%B9%D8%A7%D9%8A%D8%A9+%D8%A7%D9%84%D9%86%D9%87%D8%A7%D8%B1%D9%8A%D8%A9%E2%80%AD/@17.553643,44.2408061,17z/data=!3m1!4b1!4m6!3m5!1s0x15fec325441f9c73:0xe61f401650ac7934!8m2!3d17.553643!4d44.2382312!16s%2Fg%2F11ssdjbg7b?entry=ttu&g_ep=EgoyMDI2MDUxMy4wIKXMDSoASAFQAw%3D%3D",
        "place_category": "جمعية / منظمة",
        "place_address": "NJMC6795، 3100 جعفر الطيار، حي الامير مشعل، 6795، نجران 66255",
        "place_rating": 4.2,
        "place_review_count": 29
      }
    },
    {
      "type": "Feature",
      "geometry": {
        "type": "Point",
        "coordinates": [
          46.7826434,
          24.7616447
        ]
      },
      "properties": {
        "School": "مركز الفريق الشامل للرعاية النهارية",
        "Region": "منطقة الريـــاض",
        "City": "الرياض",
        "Type": "مركز شامل",
        "Gender": "اناث",
        "MaleStudents": "0",
        "FemaleStudents": "62",
        "SchoolCapacity": "132",
        "place_name": "مركز الفريق الشامل للرعاية النهارية",
        "place_url": "https://www.google.com/maps/place/%D9%85%D8%B1%D9%83%D8%B2+%D8%A7%D9%84%D9%81%D8%B1%D9%8A%D9%82+%D8%A7%D9%84%D8%B4%D8%A7%D9%85%D9%84+%D9%84%D9%84%D8%B1%D8%B9%D8%A7%D9%8A%D8%A9+%D8%A7%D9%84%D9%86%D9%87%D8%A7%D8%B1%D9%8A%D8%A9%E2%80%AD/@24.7616447,46.7852183,17z/data=!3m1!4b1!4m6!3m5!1s0x3e2f0179cb602daf:0x75aaf040771a5117!8m2!3d24.7616447!4d46.7826434!16s%2Fg%2F11q8hhbj22?entry=ttu&g_ep=EgoyMDI2MDUxMy4wIKXMDSoASAFQAw%3D%3D",
        "place_category": "مركز تدريب",
        "place_address": "محمد بن عثيمين، الملك فيصل، الرياض 00966",
        "place_rating": 3.9,
        "place_review_count": 71
      }
    },
    {
      "type": "Feature",
      "geometry": {
        "type": "Point",
        "coordinates": [
          39.3374323,
          22.1424477
        ]
      },
      "properties": {
        "School": "مركز الريم المتميز للرعاية النهارية",
        "Region": "منطقة مكة المكرمـة",
        "City": "محافظة خليص",
        "Type": "مركز شامل",
        "Gender": "كلا الجنسين",
        "MaleStudents": "41",
        "FemaleStudents": "41",
        "SchoolCapacity": "75",
        "place_name": "مركز الريم المتميز",
        "place_url": "https://www.google.com/maps/place/%D9%85%D8%B1%D9%83%D8%B2+%D8%A7%D9%84%D8%B1%D9%8A%D9%85+%D8%A7%D9%84%D9%85%D8%AA%D9%85%D9%8A%D8%B2%E2%80%AD/@22.1424477,39.3400072,17z/data=!3m1!4b1!4m6!3m5!1s0x15c1a912dd3e4169:0x6dd4f9b167b67693!8m2!3d22.1424477!4d39.3374323!16s%2Fg%2F11pckj57v8?entry=ttu&g_ep=EgoyMDI2MDUxMy4wIKXMDSoASAFQAw%3D%3D",
        "place_category": "خدمة رعاية الأسرة النهارية",
        "place_address": "48RP+XX، المغاربة، خليص 25535",
        "place_rating": 4.0,
        "place_review_count": 4
      }
    },
    {
      "type": "Feature",
      "geometry": {
        "type": "Point",
        "coordinates": [
          49.5629444,
          27.1495833
        ]
      },
      "properties": {
        "School": "مركز عبور للرعاية النهارية - فرع حفر الباطن",
        "Region": "المنطقة الشرقيـــة",
        "City": "محافظة حفر الباطن",
        "Type": "مركز شامل",
        "Gender": "اناث",
        "MaleStudents": "0",
        "FemaleStudents": "157",
        "SchoolCapacity": "326",
        "place_name": "مركز عبور للرعاية النهارية فرع الجبيل",
        "place_url": "https://www.google.com/maps/place/%D9%85%D8%B1%D9%83%D8%B2+%D8%B9%D8%A8%D9%88%D8%B1+%D9%84%D9%84%D8%B1%D8%B9%D8%A7%D9%8A%D8%A9+%D8%A7%D9%84%D9%86%D9%87%D8%A7%D8%B1%D9%8A%D8%A9+%D9%81%D8%B1%D8%B9+%D8%A7%D9%84%D8%AC%D8%A8%D9%8A%D9%84%E2%80%AD/@27.1495833,58.79146,6z/data=!4m10!1m2!2m1!1z2YXYsdmD2LIg2LnYqNmI2LEg2YTZhNix2LnYp9mK2Kkg2KfZhNmG2YfYp9ix2YrYqSAtINmB2LHYuSDYrdmB2LEg2KfZhNio2KfYt9mGLCDZhdit2KfZgdi42Kkg2K3ZgdixINin2YTYqNin2LfZhiwg2KfZhNmF2YbYt9mC2Kkg2KfZhNi02LHZgtmK2YDZgNmA2Kk!3m6!1s0x3e350f37aa21fc07:0x9ad689fe771b670d!8m2!3d27.1495833!4d49.5629444!15sCpUB2YXYsdmD2LIg2LnYqNmI2LEg2YTZhNix2LnYp9mK2Kkg2KfZhNmG2YfYp9ix2YrYqSAtINmB2LHYuSDYrdmB2LEg2KfZhNio2KfYt9mGLCDZhdit2KfZgdi42Kkg2K3ZgdixINin2YTYqNin2LfZhiwg2KfZhNmF2YbYt9mC2Kkg2KfZhNi02LHZgtmK2YDZgNmA2KlajgEiiwHZhdix2YPYsiDYudio2YjYsSDZhNmE2LHYudin2YrYqSDYp9mE2YbZh9in2LHZitipINmB2LHYuSDYrdmB2LEg2KfZhNio2KfYt9mGINmF2K3Yp9mB2LjYqSDYrdmB2LEg2KfZhNio2KfYt9mGINin2YTZhdmG2LfZgtipINin2YTYtNix2YLZitipkgEVcmVoYWJpbGl0YXRpb25fY2VudGVymgEkQ2hkRFNVaE5NRzluUzBWSlEwRm5TVVJVTTA1cWREQjNSUkFC4AEA-gEECAAQSA!16s%2Fg%2F11vkhm949_?entry=ttu&g_ep=EgoyMDI2MDUxMy4wIKXMDSoASAFQAw%3D%3D",
        "place_category": "مركز إعادة التأهيل",
        "place_address": "2 الدمام 25، الفناتير، الجبيل 35814",
        "place_rating": 4.7,
        "place_review_count": 4
      }
    },
    {
      "type": "Feature",
      "geometry": {
        "type": "Point",
        "coordinates": [
          39.2003366,
          21.5768124
        ]
      },
      "properties": {
        "School": "مركز عبدالله سالم سعيد بادغيش  لرعاية ذوي الاحتياجات الخاصة",
        "Region": "منطقة مكة المكرمـة",
        "City": "محافظة جدة",
        "Type": "مركز شامل",
        "Gender": "ذكور",
        "MaleStudents": "108",
        "FemaleStudents": "0",
        "SchoolCapacity": "135",
        "place_name": "مركز بادغيش للرعاية والتأهيل للذكور 12  فرع الصفا",
        "place_url": "https://www.google.com/maps/place/%D9%85%D8%B1%D9%83%D8%B2+%D8%A8%D8%A7%D8%AF%D8%BA%D9%8A%D8%B4+%D9%84%D9%84%D8%B1%D8%B9%D8%A7%D9%8A%D8%A9+%D9%88%D8%A7%D9%84%D8%AA%D8%A3%D9%87%D9%8A%D9%84+%D9%84%D9%84%D8%B0%D9%83%D9%88%D8%B1+12%2B+%D9%81%D8%B1%D8%B9+%D8%A7%D9%84%D8%B5%D9%81%D8%A7%E2%80%AD/@21.323515,40.1996487,9z/data=!4m10!1m2!2m1!1z2YXYsdmD2LIg2LnYqNiv2KfZhNmE2Ycg2LPYp9mE2YUg2LPYudmK2K8g2KjYp9iv2LrZiti0ICDZhNix2LnYp9mK2Kkg2LDZiNmKINin2YTYp9it2KrZitin2KzYp9iqINin2YTYrtin2LXYqSwg2YXYrdin2YHYuNipINis2K_YqSwg2YXZhti32YLYqSDZhdmD2Kkg2KfZhNmF2YPYsdmF2YDYqQ!3m6!1s0x15c3d1ffe98e403d:0x5e1753ba849eb124!8m2!3d21.5768124!4d39.2003366!15sCqYB2YXYsdmD2LIg2LnYqNiv2KfZhNmE2Ycg2LPYp9mE2YUg2LPYudmK2K8g2KjYp9iv2LrZiti0ICDZhNix2LnYp9mK2Kkg2LDZiNmKINin2YTYp9it2KrZitin2KzYp9iqINin2YTYrtin2LXYqSwg2YXYrdin2YHYuNipINis2K_YqSwg2YXZhti32YLYqSDZhdmD2Kkg2KfZhNmF2YPYsdmF2YDYqVqkASKhAdmF2LHZg9iyINi52KjYr9in2YTZhNmHINiz2KfZhNmFINiz2LnZitivINio2KfYr9i62YrYtCDZhNix2LnYp9mK2Kkg2LDZiNmKINin2YTYp9it2KrZitin2KzYp9iqINin2YTYrtin2LXYqSDZhdit2KfZgdi42Kkg2KzYr9ipINmF2YbYt9mC2Kkg2YXZg9ipINin2YTZhdmD2LHZhdipkgEVcmVoYWJpbGl0YXRpb25fY2VudGVymgEkQ2hkRFNVaE5NRzluUzBWSlEwRm5TVU55TUhBelJuZDNSUkFC4AEA-gEECAAQJw!16s%2Fg%2F11tnmd3cnj?entry=ttu&g_ep=EgoyMDI2MDUxMy4wIKXMDSoASAFQAw%3D%3D",
        "place_category": "مركز إعادة التأهيل",
        "place_address": "JDSA2197، 2197 جبل أبو مغير، 7614، حي الصفا،، جدة 23451،",
        "place_rating": 4.5,
        "place_review_count": 4
      }
    },
    {
      "type": "Feature",
      "geometry": null,
      "properties": {
        "School": "مركز تيجان التميز للرعاية النهارية",
        "Region": "منطقة مكة المكرمـة",
        "City": "محافظة جدة",
        "Type": "مركز شامل",
        "Gender": "اناث",
        "MaleStudents": "0",
        "FemaleStudents": "10",
        "SchoolCapacity": "64"
      }
    },
    {
      "type": "Feature",
      "geometry": null,
      "properties": {
        "School": "مركز بداية النهارية لرعاية ذوي الاحتياجات الخاصة",
        "Region": "منطقة المدينة المنورة",
        "City": "المدينة المنورة",
        "Type": "مركز شامل",
        "Gender": "ذكور",
        "MaleStudents": "101",
        "FemaleStudents": "0",
        "SchoolCapacity": "101"
      }
    },
    {
      "type": "Feature",
      "geometry": {
        "type": "Point",
        "coordinates": [
          37.3545607,
          31.3092477
        ]
      },
      "properties": {
        "School": "مركز أيادي نجد للرعاية النهارية للبنين",
        "Region": "منطقة الجـــوف",
        "City": "محافظة القريات",
        "Type": "مركز شامل",
        "Gender": "ذكور",
        "MaleStudents": "88",
        "FemaleStudents": "0",
        "SchoolCapacity": "200",
        "place_name": "مركز ايادي نجد للرعاية النهارية بنين - بنات",
        "place_url": "https://www.google.com/maps/place/%D9%85%D8%B1%D9%83%D8%B2+%D8%A7%D9%8A%D8%A7%D8%AF%D9%8A+%D9%86%D8%AC%D8%AF+%D9%84%D9%84%D8%B1%D8%B9%D8%A7%D9%8A%D8%A9+%D8%A7%D9%84%D9%86%D9%87%D8%A7%D8%B1%D9%8A%D8%A9+%D8%A8%D9%86%D9%8A%D9%86+-+%D8%A8%D9%86%D8%A7%D8%AA%E2%80%AD/@31.3092477,37.3571356,17z/data=!3m1!4b1!4m6!3m5!1s0x1510072b42d7522d:0x73580d096b57bb88!8m2!3d31.3092477!4d37.3545607!16s%2Fg%2F11t647709q?entry=ttu&g_ep=EgoyMDI2MDUxMy4wIKXMDSoASAFQAw%3D%3D",
        "place_category": "منظمة خدمات ودعم الإعاقة",
        "place_address": "5181 شارع عائشة بنت أبي بكر, حي المروج, WCMD7904، 7904, القريات 77454",
        "place_rating": 4.4,
        "place_review_count": 14
      }
    },
    {
      "type": "Feature",
      "geometry": null,
      "properties": {
        "School": "مركز روح الاصرار للرعاية النهارية",
        "Region": "منطقة عسيــر",
        "City": "محافظة محايل عسير",
        "Type": "مركز شامل",
        "Gender": "اناث",
        "MaleStudents": "0",
        "FemaleStudents": "71",
        "SchoolCapacity": "143"
      }
    },
    {
      "type": "Feature",
      "geometry": {
        "type": "Point",
        "coordinates": [
          43.5439082,
          29.6305067
        ]
      },
      "properties": {
        "School": "مركز ايادي نجد للرعاية النهارية للبنين",
        "Region": "منطقة الحدود الشمالية",
        "City": "محافظة رفحاء",
        "Type": "مركز شامل",
        "Gender": "ذكور",
        "MaleStudents": "0",
        "FemaleStudents": "0",
        "SchoolCapacity": "124",
        "place_name": "مركز أيادي نجد لرعاية النهارية",
        "place_url": "https://www.google.com/maps/place/%D9%85%D8%B1%D9%83%D8%B2+%D8%A3%D9%8A%D8%A7%D8%AF%D9%8A+%D9%86%D8%AC%D8%AF+%D9%84%D8%B1%D8%B9%D8%A7%D9%8A%D8%A9+%D8%A7%D9%84%D9%86%D9%87%D8%A7%D8%B1%D9%8A%D8%A9%E2%80%AD/@29.6305067,43.5464831,17z/data=!3m1!4b1!4m6!3m5!1s0x156467e195b6a9d9:0xff3f723154911201!8m2!3d29.6305067!4d43.5439082!16s%2Fg%2F11vb121qqv?entry=ttu&g_ep=EgoyMDI2MDUxMy4wIKXMDSoASAFQAw%3D%3D",
        "place_category": "جمعية / منظمة",
        "place_address": "حي الجميماء، SRYB7893، 7893 شارع الامير عبدالله بن مساعد بن عبدالعزيز، 5386، رفحاء 76313",
        "place_rating": 4.6,
        "place_review_count": 5
      }
    },
    {
      "type": "Feature",
      "geometry": null,
      "properties": {
        "School": " مركز كنوز ثمينة الرعاية النهارية",
        "Region": "منطقة تبـــوك",
        "City": "تبوك",
        "Type": "مركز شامل",
        "Gender": "اناث",
        "MaleStudents": "0",
        "FemaleStudents": "200",
        "SchoolCapacity": "200"
      }
    },
    {
      "type": "Feature",
      "geometry": {
        "type": "Point",
        "coordinates": [
          46.6910047,
          24.6404714
        ]
      },
      "properties": {
        "School": "مركز التميز للتوحد",
        "Region": "منطقة الريـــاض",
        "City": "الرياض",
        "Type": "مركز توحد",
        "Gender": "ذكور",
        "MaleStudents": "56",
        "FemaleStudents": "0",
        "SchoolCapacity": "98",
        "place_name": "مركز التميز للتوحد",
        "place_url": "https://www.google.com/maps/place/%D9%85%D8%B1%D9%83%D8%B2+%D8%A7%D9%84%D8%AA%D9%85%D9%8A%D8%B2+%D9%84%D9%84%D8%AA%D9%88%D8%AD%D8%AF%E2%80%AD/@24.6404714,46.6935796,17z/data=!3m1!4b1!4m6!3m5!1s0x3e2f054cf3fc058d:0x9ccf777b90b6f556!8m2!3d24.6404714!4d46.6910047!16s%2Fg%2F11m0tb__tr?entry=ttu&g_ep=EgoyMDI2MDUxMy4wIKXMDSoASAFQAw%3D%3D",
        "place_category": "مؤسسة غير ربحية",
        "place_address": "شارع عمرو بن العاص، عليشة، الرياض 12742",
        "place_rating": 4.3,
        "place_review_count": 372
      }
    },
    {
      "type": "Feature",
      "geometry": {
        "type": "Point",
        "coordinates": [
          40.5234893,
          24.8645661
        ]
      },
      "properties": {
        "School": "مركز مرحلة عبور للرعاية النهارية",
        "Region": "منطقة المدينة المنورة",
        "City": "محافظة الحناكية",
        "Type": "مركز شامل",
        "Gender": "اناث",
        "MaleStudents": "0",
        "FemaleStudents": "50",
        "SchoolCapacity": "100",
        "place_name": "مركز مرحلة عبور للرعاية النهارية",
        "place_url": "https://www.google.com/maps/place/%D9%85%D8%B1%D9%83%D8%B2+%D9%85%D8%B1%D8%AD%D9%84%D8%A9+%D8%B9%D8%A8%D9%88%D8%B1+%D9%84%D9%84%D8%B1%D8%B9%D8%A7%D9%8A%D8%A9+%D8%A7%D9%84%D9%86%D9%87%D8%A7%D8%B1%D9%8A%D8%A9%E2%80%AD/@24.8645661,40.5260642,17z/data=!3m1!4b1!4m6!3m5!1s0x15979b5f16a96765:0x8088f5173e754703!8m2!3d24.8645661!4d40.5234893!16s%2Fg%2F11ln3pn2rr?entry=ttu&g_ep=EgoyMDI2MDUxMy4wIKXMDSoASAFQAw%3D%3D",
        "place_category": "المدرسة التأهيلية",
        "place_address": "عبدالله بن الزبير، الحناكية 42645",
        "place_rating": 5.0,
        "place_review_count": 19
      }
    },
    {
      "type": "Feature",
      "geometry": {
        "type": "Point",
        "coordinates": [
          39.1948124,
          21.7907557
        ]
      },
      "properties": {
        "School": "مركز مبدعين صغار لرعاية ذوي الاحتياجات الخاصة",
        "Region": "منطقة مكة المكرمـة",
        "City": "محافظة جدة",
        "Type": "مركز شامل",
        "Gender": "اناث",
        "MaleStudents": "0",
        "FemaleStudents": "70",
        "SchoolCapacity": "98",
        "place_name": "مبدعين صغار لذوي الاعاقه",
        "place_url": "https://www.google.com/maps/place/%D9%85%D8%A8%D8%AF%D8%B9%D9%8A%D9%86+%D8%B5%D8%BA%D8%A7%D8%B1+%D9%84%D8%B0%D9%88%D9%8A+%D8%A7%D9%84%D8%A7%D8%B9%D8%A7%D9%82%D9%87%E2%80%AD/@21.774175,39.220661,14z/data=!4m10!1m2!2m1!1z2YXYsdmD2LIg2YXYqNiv2LnZitmGINi12LrYp9ixINmE2LHYudin2YrYqSDYsNmI2Yog2KfZhNin2K3YqtmK2KfYrNin2Kog2KfZhNiu2KfYtdipLCDZhdit2KfZgdi42Kkg2KzYr9ipLCDZhdmG2LfZgtipINmF2YPYqSDYp9mE2YXZg9ix2YXZgNip!3m6!1s0x15c17bada4fbb277:0x10166ecd777bcbe6!8m2!3d21.7907557!4d39.1948124!15sCo0B2YXYsdmD2LIg2YXYqNiv2LnZitmGINi12LrYp9ixINmE2LHYudin2YrYqSDYsNmI2Yog2KfZhNin2K3YqtmK2KfYrNin2Kog2KfZhNiu2KfYtdipLCDZhdit2KfZgdi42Kkg2KzYr9ipLCDZhdmG2LfZgtipINmF2YPYqSDYp9mE2YXZg9ix2YXZgNipWowBIokB2YXYsdmD2LIg2YXYqNiv2LnZitmGINi12LrYp9ixINmE2LHYudin2YrYqSDYsNmI2Yog2KfZhNin2K3YqtmK2KfYrNin2Kog2KfZhNiu2KfYtdipINmF2K3Yp9mB2LjYqSDYrNiv2Kkg2YXZhti32YLYqSDZhdmD2Kkg2KfZhNmF2YPYsdmF2KmSARFjaGlsZF9jYXJlX2FnZW5jeZoBI0NoWkRTVWhOTUc5blMwVkpRMEZuU1VSMk5FNXFObGhSRUFF4AEA-gEECAAQKA!16s%2Fg%2F11v1b4z381?entry=ttu&g_ep=EgoyMDI2MDUxMy4wIKXMDSoASAFQAw%3D%3D",
        "place_category": "مركز رعاية الطفل",
        "place_address": "٣ بقرب من مسجد الشلاحي، الفلاح، احمد بن حسن الفلقي جده حي 32462",
        "place_rating": 4.7,
        "place_review_count": 4
      }
    },
    {
      "type": "Feature",
      "geometry": {
        "type": "Point",
        "coordinates": [
          42.5934363,
          16.8805839
        ]
      },
      "properties": {
        "School": "مركزعبور للرعاية النهارية",
        "Region": "منطقة جــازان",
        "City": "جازان",
        "Type": "مركز شامل",
        "Gender": "ذكور",
        "MaleStudents": "111",
        "FemaleStudents": "0",
        "SchoolCapacity": "200",
        "place_name": "مركز عبور للرعاية النهارية فرع جازان",
        "place_url": "https://www.google.com/maps/place/%D9%85%D8%B1%D9%83%D8%B2+%D8%B9%D8%A8%D9%88%D8%B1+%D9%84%D9%84%D8%B1%D8%B9%D8%A7%D9%8A%D8%A9+%D8%A7%D9%84%D9%86%D9%87%D8%A7%D8%B1%D9%8A%D8%A9+%D9%81%D8%B1%D8%B9+%D8%AC%D8%A7%D8%B2%D8%A7%D9%86%E2%80%AD/@16.8805839,42.5960112,17z/data=!3m1!4b1!4m6!3m5!1s0x1607e3b45271091d:0x66f44341cd58d9c6!8m2!3d16.8805839!4d42.5934363!16s%2Fg%2F11zbd0ly89?entry=ttu&g_ep=EgoyMDI2MDUxMy4wIKXMDSoASAFQAw%3D%3D",
        "place_category": "مركز رعاية نهارية للكبار",
        "place_address": "8963 بشر النصيبي، السويس، جيزان 82617",
        "place_rating": 5.0,
        "place_review_count": null
      }
    },
    {
      "type": "Feature",
      "geometry": {
        "type": "Point",
        "coordinates": [
          42.7677269,
          18.2466222
        ]
      },
      "properties": {
        "School": "مركز سمو الرعاية للرعاية النهارية",
        "Region": "منطقة عسيــر",
        "City": "محافظة خميس  مشيط",
        "Type": "مركز شامل",
        "Gender": "اناث",
        "MaleStudents": "0",
        "FemaleStudents": "48",
        "SchoolCapacity": "157",
        "place_name": "مركز سمو الرعاية للرعاية النهارية",
        "place_url": "https://www.google.com/maps/place/%D9%85%D8%B1%D9%83%D8%B2+%D8%B3%D9%85%D9%88+%D8%A7%D9%84%D8%B1%D8%B9%D8%A7%D9%8A%D8%A9+%D9%84%D9%84%D8%B1%D8%B9%D8%A7%D9%8A%D8%A9+%D8%A7%D9%84%D9%86%D9%87%D8%A7%D8%B1%D9%8A%D8%A9%E2%80%AD/@18.2466222,42.7703018,17z/data=!3m1!4b1!4m6!3m5!1s0x15fb599698fc04df:0xc2a9862874d6846f!8m2!3d18.2466222!4d42.7677269!16s%2Fg%2F11krd2l3m2?entry=ttu&g_ep=EgoyMDI2MDUxMy4wIKXMDSoASAFQAw%3D%3D",
        "place_category": "المركز التعليمي",
        "place_address": "حي الرصراص، AKJA3101، 3101 البوشي، 7073، خميس مشيط 62441",
        "place_rating": 4.9,
        "place_review_count": 44
      }
    },
    {
      "type": "Feature",
      "geometry": {
        "type": "Point",
        "coordinates": [
          44.2257165,
          17.5682726
        ]
      },
      "properties": {
        "School": "مركز مهارات المستقبل للرعاية النهارية",
        "Region": "منطقة نجـــران",
        "City": "نجران",
        "Type": "مركز شامل",
        "Gender": "اناث",
        "MaleStudents": "0",
        "FemaleStudents": "46",
        "SchoolCapacity": "50",
        "place_name": "مركز مهارات المستقبل للرعاية النهارية",
        "place_url": "https://www.google.com/maps/place/%D9%85%D8%B1%D9%83%D8%B2+%D9%85%D9%87%D8%A7%D8%B1%D8%A7%D8%AA+%D8%A7%D9%84%D9%85%D8%B3%D8%AA%D9%82%D8%A8%D9%84+%D9%84%D9%84%D8%B1%D8%B9%D8%A7%D9%8A%D8%A9+%D8%A7%D9%84%D9%86%D9%87%D8%A7%D8%B1%D9%8A%D8%A9%E2%80%AD/@17.5682726,44.2282914,17z/data=!3m1!4b1!4m6!3m5!1s0x15fec326f0eb2d97:0x639710e2a81e2e98!8m2!3d17.5682726!4d44.2257165!16s%2Fg%2F11fn4b2t3b?entry=ttu&g_ep=EgoyMDI2MDUxMy4wIKXMDSoASAFQAw%3D%3D",
        "place_category": "مركز لرعاية الأطفال",
        "place_address": "7384، نجران 66252 4934،",
        "place_rating": 4.1,
        "place_review_count": 19
      }
    },
    {
      "type": "Feature",
      "geometry": null,
      "properties": {
        "School": "مركز العباقرة للرعاية النهارية",
        "Region": "منطقة الريـــاض",
        "City": "الرياض",
        "Type": "مركز شامل",
        "Gender": "ذكور",
        "MaleStudents": "0",
        "FemaleStudents": "0",
        "SchoolCapacity": "78"
      }
    },
    {
      "type": "Feature",
      "geometry": null,
      "properties": {
        "School": "مركز همات للرعاية النهارية",
        "Region": "منطقة نجـــران",
        "City": "نجران",
        "Type": "مركز شامل",
        "Gender": "اناث",
        "MaleStudents": "0",
        "FemaleStudents": "119",
        "SchoolCapacity": "142"
      }
    },
    {
      "type": "Feature",
      "geometry": {
        "type": "Point",
        "coordinates": [
          39.3028629,
          21.4384166
        ]
      },
      "properties": {
        "School": "مركز ضيوف السلام للرعاية النهارية",
        "Region": "منطقة مكة المكرمـة",
        "City": "محافظة جدة",
        "Type": "مركز شامل",
        "Gender": "اناث",
        "MaleStudents": "0",
        "FemaleStudents": "116",
        "SchoolCapacity": "200",
        "place_name": "مركز ضيوف السلام للرعاية النهارية لذوي الاحتياجات الخاصة",
        "place_url": "https://www.google.com/maps/place/%D9%85%D8%B1%D9%83%D8%B2+%D8%B6%D9%8A%D9%88%D9%81+%D8%A7%D9%84%D8%B3%D9%84%D8%A7%D9%85+%D9%84%D9%84%D8%B1%D8%B9%D8%A7%D9%8A%D8%A9+%D8%A7%D9%84%D9%86%D9%87%D8%A7%D8%B1%D9%8A%D8%A9+%D9%84%D8%B0%D9%88%D9%8A+%D8%A7%D9%84%D8%A7%D8%AD%D8%AA%D9%8A%D8%A7%D8%AC%D8%A7%D8%AA+%D8%A7%D9%84%D8%AE%D8%A7%D8%B5%D8%A9%E2%80%AD/@21.324881,39.7049856,11z/data=!4m6!3m5!1s0x15c3ccbc506abf73:0x4d761b37752eb2e7!8m2!3d21.4384166!4d39.3028629!16s%2Fg%2F11csqbw253?entry=ttu&g_ep=EgoyMDI2MDUxMy4wIKXMDSoASAFQAw%3D%3D",
        "place_category": "المدرسة التأهيلية",
        "place_address": "العدل، حي, جدة 22361",
        "place_rating": 4.0,
        "place_review_count": 85
      }
    },
    {
      "type": "Feature",
      "geometry": {
        "type": "Point",
        "coordinates": [
          40.4287444,
          21.2936401
        ]
      },
      "properties": {
        "School": "مؤسسة بشاير غرم الله على الزهراني - فرع الذكور",
        "Region": "منطقة مكة المكرمـة",
        "City": "محافظة الطائف",
        "Type": "مركز شامل",
        "Gender": "ذكور",
        "MaleStudents": "52",
        "FemaleStudents": "0",
        "SchoolCapacity": "56",
        "place_name": "صالون بشاير قلامور",
        "place_url": "https://www.google.com/maps/place/%D8%B5%D8%A7%D9%84%D9%88%D9%86+%D8%A8%D8%B4%D8%A7%D9%8A%D8%B1+%D9%82%D9%84%D8%A7%D9%85%D9%88%D8%B1%E2%80%AD/@21.2936401,42.7358733,8z/data=!4m10!1m2!2m1!1z2YXYpNiz2LPYqSDYqNi02KfZitixINi62LHZhSDYp9mE2YTZhyDYudmE2Ykg2KfZhNiy2YfYsdin2YbZiiAtINmB2LHYuSDYp9mE2LDZg9mI2LEsINmF2K3Yp9mB2LjYqSDYp9mE2LfYp9im2YEsINmF2YbYt9mC2Kkg2YXZg9ipINin2YTZhdmD2LHZhdmA2Kk!3m6!1s0x15e989005412e971:0x34d33bb298a7a0eb!8m2!3d21.2936401!4d40.4287444!15sCpIB2YXYpNiz2LPYqSDYqNi02KfZitixINi62LHZhSDYp9mE2YTZhyDYudmE2Ykg2KfZhNiy2YfYsdin2YbZiiAtINmB2LHYuSDYp9mE2LDZg9mI2LEsINmF2K3Yp9mB2LjYqSDYp9mE2LfYp9im2YEsINmF2YbYt9mC2Kkg2YXZg9ipINin2YTZhdmD2LHZhdmA2KlajwEijAHZhdik2LPYs9ipINio2LTYp9mK2LEg2LrYsdmFINin2YTZhNmHINi52YTZiSDYp9mE2LLZh9ix2KfZhtmKINmB2LHYuSDYp9mE2LDZg9mI2LEg2YXYrdin2YHYuNipINin2YTYt9in2KbZgSDZhdmG2LfZgtipINmF2YPYqSDYp9mE2YXZg9ix2YXYqZIBDGJlYXV0eV9zYWxvbpoBRENpOURRVWxSUVVOdlpFTm9kSGxqUmpsdlQyMVdNVTFxVWs5U1JFSm1WakE1V2xOSFNqQlJXSEIyVXpGb1ZGUnVZeEFC4AEA-gEECEgQPg!16s%2Fg%2F11yv1g6c35?entry=ttu&g_ep=EgoyMDI2MDUxMy4wIKXMDSoASAFQAw%3D%3D",
        "place_category": "صالون تجميل",
        "place_address": "الفيصلية، الطائف 26523",
        "place_rating": 4.8,
        "place_review_count": 4
      }
    },
    {
      "type": "Feature",
      "geometry": {
        "type": "Point",
        "coordinates": [
          39.2042492,
          21.582255
        ]
      },
      "properties": {
        "School": "مركز سأكون للرعاية النهارية",
        "Region": "منطقة مكة المكرمـة",
        "City": "محافظة جدة",
        "Type": "مركز شامل",
        "Gender": "اناث",
        "MaleStudents": "0",
        "FemaleStudents": "82",
        "SchoolCapacity": "91",
        "place_name": "سأكون",
        "place_url": "https://www.google.com/maps/place/%D8%B3%D8%A3%D9%83%D9%88%D9%86%E2%80%AD/@21.582255,39.2068241,17z/data=!3m1!4b1!4m6!3m5!1s0x15c3d1052f7835d7:0x3bbcd117b020f2c3!8m2!3d21.582255!4d39.2042492!16s%2Fg%2F11cjhzkzhl?entry=ttu&g_ep=EgoyMDI2MDUxMy4wIKXMDSoASAFQAw%3D%3D",
        "place_category": "مركز إعادة التأهيل",
        "place_address": "Abn Ateya, الصفا، جدة 23452",
        "place_rating": 4.7,
        "place_review_count": 38
      }
    },
    {
      "type": "Feature",
      "geometry": {
        "type": "Point",
        "coordinates": [
          46.6677657,
          24.6546355
        ]
      },
      "properties": {
        "School": "مركز عونك الدائم للرعاية النهارية",
        "Region": "منطقة الريـــاض",
        "City": "الرياض",
        "Type": "مركز شامل",
        "Gender": "ذكور",
        "MaleStudents": "43",
        "FemaleStudents": "0",
        "SchoolCapacity": "240",
        "place_name": "مركز عونك الدائم - رعاية نهارية",
        "place_url": "https://www.google.com/maps/place/%D9%85%D8%B1%D9%83%D8%B2+%D8%B9%D9%88%D9%86%D9%83+%D8%A7%D9%84%D8%AF%D8%A7%D8%A6%D9%85+-+%D8%B1%D8%B9%D8%A7%D9%8A%D8%A9+%D9%86%D9%87%D8%A7%D8%B1%D9%8A%D8%A9%E2%80%AD/@24.6546355,46.6703406,17z/data=!3m1!4b1!4m6!3m5!1s0x3e2f1b1b7b38039b:0x66f2d69a4ba10b3c!8m2!3d24.6546355!4d46.6677657!16s%2Fg%2F11t2c1ldzm?entry=ttu&g_ep=EgoyMDI2MDUxMy4wIKXMDSoASAFQAw%3D%3D",
        "place_category": "مدرسة خاصة",
        "place_address": "6596 وادي الليسن، 4503، الشرفية، الرياض 12725،",
        "place_rating": 3.9,
        "place_review_count": 3
      }
    },
    {
      "type": "Feature",
      "geometry": null,
      "properties": {
        "School": "مركز طفلي المتميز للرعاية النهارية",
        "Region": "منطقة مكة المكرمـة",
        "City": "محافظة جدة",
        "Type": "مركز شامل",
        "Gender": "اناث",
        "MaleStudents": "0",
        "FemaleStudents": "87",
        "SchoolCapacity": "128"
      }
    },
    {
      "type": "Feature",
      "geometry": {
        "type": "Point",
        "coordinates": [
          42.0800862,
          18.5503207
        ]
      },
      "properties": {
        "School": "مركز سطوع الامل للرعاية النهارية",
        "Region": "منطقة عسيــر",
        "City": "محافظة محايل عسير",
        "Type": "مركز شامل",
        "Gender": "اناث",
        "MaleStudents": "0",
        "FemaleStudents": "97",
        "SchoolCapacity": "106",
        "place_name": "مركز سطوع الأمل (فرع محايل عسير)",
        "place_url": "https://www.google.com/maps/place/%D9%85%D8%B1%D9%83%D8%B2+%D8%B3%D8%B7%D9%88%D8%B9+%D8%A7%D9%84%D8%A3%D9%85%D9%84+(%D9%81%D8%B1%D8%B9+%D9%85%D8%AD%D8%A7%D9%8A%D9%84+%D8%B9%D8%B3%D9%8A%D8%B1)%E2%80%AD/@18.5503207,42.0826611,17z/data=!3m1!4b1!4m6!3m5!1s0x15e49bb0c47bf5c9:0x9b5c3a457727e109!8m2!3d18.5503207!4d42.0800862!16s%2Fg%2F11pz4zg7h_?entry=ttu&g_ep=EgoyMDI2MDUxMy4wIKXMDSoASAFQAw%3D%3D",
        "place_category": "خدمة رعاية الأسرة النهارية",
        "place_address": "H32J+42، الضرس، محايل عسير 63751",
        "place_rating": 4.7,
        "place_review_count": 50
      }
    },
    {
      "type": "Feature",
      "geometry": {
        "type": "Point",
        "coordinates": [
          45.9828304,
          28.4165669
        ]
      },
      "properties": {
        "School": "مركز التوحد  للرعاية النهارية",
        "Region": "المنطقة الشرقيـــة",
        "City": "محافظة حفر الباطن",
        "Type": "مركز شامل",
        "Gender": "اناث",
        "MaleStudents": "0",
        "FemaleStudents": "0",
        "SchoolCapacity": "77",
        "place_name": "مركز التوحد للرعاية النهارية",
        "place_url": "https://www.google.com/maps/place/%D9%85%D8%B1%D9%83%D8%B2+%D8%A7%D9%84%D8%AA%D9%88%D8%AD%D8%AF+%D9%84%D9%84%D8%B1%D8%B9%D8%A7%D9%8A%D8%A9+%D8%A7%D9%84%D9%86%D9%87%D8%A7%D8%B1%D9%8A%D8%A9%E2%80%AD/@28.4165669,45.9854053,17z/data=!3m1!4b1!4m6!3m5!1s0x3fd747275fdb3605:0x1bb96b578afd7cd7!8m2!3d28.4165669!4d45.9828304!16s%2Fg%2F11h0018hvn?entry=ttu&g_ep=EgoyMDI2MDUxMy4wIKXMDSoASAFQAw%3D%3D",
        "place_category": "مركز تدريب",
        "place_address": "بجانب الشؤون الصحية، البلدية، حي، حفر الباطن",
        "place_rating": 2.6,
        "place_review_count": 4
      }
    },
    {
      "type": "Feature",
      "geometry": {
        "type": "Point",
        "coordinates": [
          46.6452291,
          24.7976601
        ]
      },
      "properties": {
        "School": "مركز ابطال المعرفة للرعاية النهارية",
        "Region": "منطقة الريـــاض",
        "City": "الرياض",
        "Type": "مركز شامل",
        "Gender": "كلا الجنسين",
        "MaleStudents": "186",
        "FemaleStudents": "184",
        "SchoolCapacity": "391",
        "place_name": "مركز أبطال المعرفة لتدريب وتعليم وتأهيل ذوي الاحتياجات الخاصة",
        "place_url": "https://www.google.com/maps/place/%D9%85%D8%B1%D9%83%D8%B2+%D8%A3%D8%A8%D8%B7%D8%A7%D9%84+%D8%A7%D9%84%D9%85%D8%B9%D8%B1%D9%81%D8%A9+%D9%84%D8%AA%D8%AF%D8%B1%D9%8A%D8%A8+%D9%88%D8%AA%D8%B9%D9%84%D9%8A%D9%85+%D9%88%D8%AA%D8%A3%D9%87%D9%8A%D9%84+%D8%B0%D9%88%D9%8A+%D8%A7%D9%84%D8%A7%D8%AD%D8%AA%D9%8A%D8%A7%D8%AC%D8%A7%D8%AA+%D8%A7%D9%84%D8%AE%D8%A7%D8%B5%D8%A9%E2%80%AD/@24.7976601,46.647804,17z/data=!3m1!4b1!4m6!3m5!1s0x3e2ee36ee10386b7:0x65032720c5413f97!8m2!3d24.7976601!4d46.6452291!16s%2Fg%2F11c7066ypd?entry=ttu&g_ep=EgoyMDI2MDUxMy4wIKXMDSoASAFQAw%3D%3D",
        "place_category": "مؤسسة تعليمية",
        "place_address": "8243 شارع الأمير سلمان بن محمد بن سعود، الصحافة، الرياض 13315",
        "place_rating": 4.5,
        "place_review_count": 240
      }
    },
    {
      "type": "Feature",
      "geometry": null,
      "properties": {
        "School": "مركز بصمة للرعاية النهارية",
        "Region": "منطقة الريـــاض",
        "City": "الرياض",
        "Type": "مركز شامل",
        "Gender": "اناث",
        "MaleStudents": "0",
        "FemaleStudents": "60",
        "SchoolCapacity": "61"
      }
    },
    {
      "type": "Feature",
      "geometry": {
        "type": "Point",
        "coordinates": [
          40.1814065,
          29.9444252
        ]
      },
      "properties": {
        "School": "مركز براعم التحدي للرعاية النهارية",
        "Region": "منطقة الجـــوف",
        "City": "سكاكا",
        "Type": "مركز شامل",
        "Gender": "اناث",
        "MaleStudents": "0",
        "FemaleStudents": "82",
        "SchoolCapacity": "222",
        "place_name": "مركز براعم التحدي لذوي الاحتياجات الخاصة",
        "place_url": "https://www.google.com/maps/place/%D9%85%D8%B1%D9%83%D8%B2+%D8%A8%D8%B1%D8%A7%D8%B9%D9%85+%D8%A7%D9%84%D8%AA%D8%AD%D8%AF%D9%8A+%D9%84%D8%B0%D9%88%D9%8A+%D8%A7%D9%84%D8%A7%D8%AD%D8%AA%D9%8A%D8%A7%D8%AC%D8%A7%D8%AA+%D8%A7%D9%84%D8%AE%D8%A7%D8%B5%D8%A9%E2%80%AD/@29.9443642,40.1840138,17z/data=!4m10!1m2!2m1!1z2YXYsdmD2LIg2KjYsdin2LnZhSDYp9mE2KrYrdiv2Yog2YTZhNix2LnYp9mK2Kkg2KfZhNmG2YfYp9ix2YrYqSwg2LPZg9in2YPYpywg2YXZhti32YLYqSDYp9mE2KzZgNmA2YDZiNmB!3m6!1s0x1572b93c0859217d:0xc75f22f156eb02dc!8m2!3d29.9444252!4d40.1814065!15sCmnZhdix2YPYsiDYqNix2KfYudmFINin2YTYqtit2K_ZiiDZhNmE2LHYudin2YrYqSDYp9mE2YbZh9in2LHZitipLCDYs9mD2KfZg9inLCDZhdmG2LfZgtipINin2YTYrNmA2YDZgNmI2YGSAQhob3NwaXRhbOABAA!16s%2Fg%2F11g1km95wd?entry=ttu&g_ep=EgoyMDI2MDUxMy4wIKXMDSoASAFQAw%3D%3D",
        "place_category": "مستشفى",
        "place_address": "سكاكا 72345",
        "place_rating": 4.0,
        "place_review_count": 4
      }
    },
    {
      "type": "Feature",
      "geometry": {
        "type": "Point",
        "coordinates": [
          44.2101541,
          26.7706418
        ]
      },
      "properties": {
        "School": "مركزخطوات التواصل  للرعاية النهارية",
        "Region": "منطقة القصيـــم",
        "City": "محافظة الاسياح",
        "Type": "مركز شامل",
        "Gender": "اناث",
        "MaleStudents": "0",
        "FemaleStudents": "65",
        "SchoolCapacity": "197",
        "place_name": "شركة خطوات التواصل للرعاية النهارية",
        "place_url": "https://www.google.com/maps/place/%D8%B4%D8%B1%D9%83%D8%A9+%D8%AE%D8%B7%D9%88%D8%A7%D8%AA+%D8%A7%D9%84%D8%AA%D9%88%D8%A7%D8%B5%D9%84+%D9%84%D9%84%D8%B1%D8%B9%D8%A7%D9%8A%D8%A9+%D8%A7%D9%84%D9%86%D9%87%D8%A7%D8%B1%D9%8A%D8%A9%E2%80%AD/@26.7706418,44.7869363,10z/data=!4m10!1m2!2m1!1z2YXYsdmD2LLYrti32YjYp9iqINin2YTYqtmI2KfYtdmEICDZhNmE2LHYudin2YrYqSDYp9mE2YbZh9in2LHZitipLCDZhdit2KfZgdi42Kkg2KfZhNin2LPZitin2K0sINmF2YbYt9mC2Kkg2KfZhNmC2LXZitmA2YDZgNmF!3m6!1s0x157f1df5c3256e77:0x769ffeb39d44dded!8m2!3d26.7706418!4d44.2101541!15sCn7Zhdix2YPYstiu2LfZiNin2Kog2KfZhNiq2YjYp9i12YQgINmE2YTYsdi52KfZitipINin2YTZhtmH2KfYsdmK2KksINmF2K3Yp9mB2LjYqSDYp9mE2KfYs9mK2KfYrSwg2YXZhti32YLYqSDYp9mE2YLYtdmK2YDZgNmA2YWSARVzb2NpYWxfd2VsZmFyZV9jZW50ZXLgAQA!16s%2Fg%2F11lnlcn2jm?entry=ttu&g_ep=EgoyMDI2MDUxMy4wIKXMDSoASAFQAw%3D%3D",
        "place_category": "مركز رعاية اجتماعية",
        "place_address": "7011، عين ابن فهيد 52466",
        "place_rating": 4.2,
        "place_review_count": 4
      }
    },
    {
      "type": "Feature",
      "geometry": {
        "type": "Point",
        "coordinates": [
          47.3041763,
          24.159265
        ]
      },
      "properties": {
        "School": "مركز السيح للرعاية النهارية فرع - 2",
        "Region": "منطقة الريـــاض",
        "City": "محافظة الخرج",
        "Type": "مركز شامل",
        "Gender": "اناث",
        "MaleStudents": "0",
        "FemaleStudents": "79",
        "SchoolCapacity": "168",
        "place_name": "مركز السيح للرعاية النهارية",
        "place_url": "https://www.google.com/maps/place/%D9%85%D8%B1%D9%83%D8%B2+%D8%A7%D9%84%D8%B3%D9%8A%D8%AD+%D9%84%D9%84%D8%B1%D8%B9%D8%A7%D9%8A%D8%A9+%D8%A7%D9%84%D9%86%D9%87%D8%A7%D8%B1%D9%8A%D8%A9%E2%80%AD/@24.159265,47.3067512,17z/data=!3m1!4b1!4m6!3m5!1s0x3e254f7705a53843:0xc287e73584d089a6!8m2!3d24.159265!4d47.3041763!16s%2Fg%2F11g6bhplmf?entry=ttu&g_ep=EgoyMDI2MDUxMy4wIKXMDSoASAFQAw%3D%3D",
        "place_category": "مركز لرعاية الأطفال",
        "place_address": "7761، الخرج 16278",
        "place_rating": 4.6,
        "place_review_count": 58
      }
    },
    {
      "type": "Feature",
      "geometry": {
        "type": "Point",
        "coordinates": [
          39.1676164,
          21.5476473
        ]
      },
      "properties": {
        "School": "مركز وجد الأمل للرعاية النهارية",
        "Region": "منطقة مكة المكرمـة",
        "City": "محافظة جدة",
        "Type": "مركز شامل",
        "Gender": "اناث",
        "MaleStudents": "0",
        "FemaleStudents": "72",
        "SchoolCapacity": "146",
        "place_name": "وجد الامل للرعاية النهارية",
        "place_url": "https://www.google.com/maps/place/%D9%88%D8%AC%D8%AF+%D8%A7%D9%84%D8%A7%D9%85%D9%84+%D9%84%D9%84%D8%B1%D8%B9%D8%A7%D9%8A%D8%A9+%D8%A7%D9%84%D9%86%D9%87%D8%A7%D8%B1%D9%8A%D8%A9%E2%80%AD/@21.5476473,39.1701913,17z/data=!3m1!4b1!4m6!3m5!1s0x15c3d01c6287d4f5:0xeb32b42cdf3b898c!8m2!3d21.5476473!4d39.1676164!16s%2Fg%2F11c7sr5_d4?entry=ttu&g_ep=EgoyMDI2MDUxMy4wIKXMDSoASAFQAw%3D%3D",
        "place_category": "مركز رعاية الطفل",
        "place_address": "8680 محمود نصيف، الأندلس، 3527 محمود نصيف، حي، جدة 23326",
        "place_rating": 4.1,
        "place_review_count": 43
      }
    },
    {
      "type": "Feature",
      "geometry": {
        "type": "Point",
        "coordinates": [
          43.5439082,
          29.6305067
        ]
      },
      "properties": {
        "School": "مركز الأمير مشعل بن عبدالله بن مساعد للرعاية النهارية",
        "Region": "منطقة الحدود الشمالية",
        "City": "محافظة رفحاء",
        "Type": "",
        "Gender": "0",
        "MaleStudents": "0",
        "FemaleStudents": "0",
        "SchoolCapacity": "0",
        "place_name": "مركز أيادي نجد لرعاية النهارية",
        "place_url": "https://www.google.com/maps/place/%D9%85%D8%B1%D9%83%D8%B2+%D8%A3%D9%8A%D8%A7%D8%AF%D9%8A+%D9%86%D8%AC%D8%AF+%D9%84%D8%B1%D8%B9%D8%A7%D9%8A%D8%A9+%D8%A7%D9%84%D9%86%D9%87%D8%A7%D8%B1%D9%8A%D8%A9%E2%80%AD/@29.6305067,43.5619326,15z/data=!4m10!1m2!2m1!1z2YXYsdmD2LIg2KfZhNij2YXZitixINmF2LTYudmEINio2YYg2LnYqNiv2KfZhNmE2Ycg2KjZhiDZhdiz2KfYudivINmE2YTYsdi52KfZitipINin2YTZhtmH2KfYsdmK2KksINmF2K3Yp9mB2LjYqSDYsdmB2K3Yp9ihLCDZhdmG2LfZgtipINin2YTYrdiv2YjYryDYp9mE2LTZhdin2YTZitip!3m6!1s0x156467e195b6a9d9:0xff3f723154911201!8m2!3d29.6305067!4d43.5439082!15sCqUB2YXYsdmD2LIg2KfZhNij2YXZitixINmF2LTYudmEINio2YYg2LnYqNiv2KfZhNmE2Ycg2KjZhiDZhdiz2KfYudivINmE2YTYsdi52KfZitipINin2YTZhtmH2KfYsdmK2KksINmF2K3Yp9mB2LjYqSDYsdmB2K3Yp9ihLCDZhdmG2LfZgtipINin2YTYrdiv2YjYryDYp9mE2LTZhdin2YTZitipWqYBIqMB2YXYsdmD2LIg2KfZhNij2YXZitixINmF2LTYudmEINio2YYg2LnYqNiv2KfZhNmE2Ycg2KjZhiDZhdiz2KfYudivINmE2YTYsdi52KfZitipINin2YTZhtmH2KfYsdmK2Kkg2YXYrdin2YHYuNipINix2YHYrdin2KEg2YXZhti32YLYqSDYp9mE2K3Yr9mI2K8g2KfZhNi02YXYp9mE2YrYqZIBG2Fzc29jaWF0aW9uX29yX29yZ2FuaXphdGlvbpoBRENpOURRVWxSUVVOdlpFTm9kSGxqUmpsdlQyMWpla3hZYXpGa1ZURnVZekJXYm1KWVVuZFphM0JDWW1zNWFWVldSUkFC4AEA-gEECAAQHg!16s%2Fg%2F11vb121qqv?entry=ttu&g_ep=EgoyMDI2MDUxMy4wIKXMDSoASAFQAw%3D%3D",
        "place_category": "جمعية / منظمة",
        "place_address": "حي الجميماء، SRYB7893، 7893 شارع الامير عبدالله بن مساعد بن عبدالعزيز، 5386، رفحاء 76313",
        "place_rating": 4.6,
        "place_review_count": 4
      }
    },
    {
      "type": "Feature",
      "geometry": {
        "type": "Point",
        "coordinates": [
          40.4137827,
          21.2461955
        ]
      },
      "properties": {
        "School": "مركز المستقبل للرعاية النهارية",
        "Region": "منطقة مكة المكرمـة",
        "City": "محافظة الطائف",
        "Type": "مركز شامل",
        "Gender": "اناث",
        "MaleStudents": "0",
        "FemaleStudents": "180",
        "SchoolCapacity": "374",
        "place_name": "مركز المستقبل للرعاية النهارية",
        "place_url": "https://www.google.com/maps/place/%D9%85%D8%B1%D9%83%D8%B2+%D8%A7%D9%84%D9%85%D8%B3%D8%AA%D9%82%D8%A8%D9%84+%D9%84%D9%84%D8%B1%D8%B9%D8%A7%D9%8A%D8%A9+%D8%A7%D9%84%D9%86%D9%87%D8%A7%D8%B1%D9%8A%D8%A9%E2%80%AD/@21.324881,39.7049856,11z/data=!4m6!3m5!1s0x15e98fb01b9e7537:0xee2d3aa0799c896f!8m2!3d21.2461955!4d40.4137827!16s%2Fg%2F11glw_fbs_?entry=ttu&g_ep=EgoyMDI2MDUxMy4wIKXMDSoASAFQAw%3D%3D",
        "place_category": "مركز لرعاية الأطفال",
        "place_address": "6487 عبدالله بن عامر، شهار، الطائف 26513 2531",
        "place_rating": 4.5,
        "place_review_count": 128
      }
    },
    {
      "type": "Feature",
      "geometry": null,
      "properties": {
        "School": "مركز العربي الارتقائي للرعاية النهارية - فرع حي الجوهرة جنوب جدة",
        "Region": "منطقة مكة المكرمـة",
        "City": "محافظة جدة",
        "Type": "مركز شامل",
        "Gender": "ذكور",
        "MaleStudents": "98",
        "FemaleStudents": "0",
        "SchoolCapacity": "232"
      }
    },
    {
      "type": "Feature",
      "geometry": null,
      "properties": {
        "School": "مركز الندائية للرعاية النهارية",
        "Region": "منطقة الريـــاض",
        "City": "الرياض",
        "Type": "مركز شامل",
        "Gender": "اناث",
        "MaleStudents": "0",
        "FemaleStudents": "197",
        "SchoolCapacity": "300"
      }
    },
    {
      "type": "Feature",
      "geometry": null,
      "properties": {
        "School": "المركز السعودي لمتلازمة داون للرعاية النهارية - ذكور",
        "Region": "منطقة الريـــاض",
        "City": "الرياض",
        "Type": "مركز متلازمه داون",
        "Gender": "ذكور",
        "MaleStudents": "90",
        "FemaleStudents": "0",
        "SchoolCapacity": "180"
      }
    },
    {
      "type": "Feature",
      "geometry": {
        "type": "Point",
        "coordinates": [
          46.8034412,
          24.7894011
        ]
      },
      "properties": {
        "School": "مركز واحة للرعاية النهارية - فرع الرياض",
        "Region": "منطقة الريـــاض",
        "City": "الرياض",
        "Type": "مركز شامل",
        "Gender": "اناث",
        "MaleStudents": "0",
        "FemaleStudents": "160",
        "SchoolCapacity": "165",
        "place_name": "مركز واحة للرعاية النهارية",
        "place_url": "https://www.google.com/maps/place/%D9%85%D8%B1%D9%83%D8%B2+%D9%88%D8%A7%D8%AD%D8%A9+%D9%84%D9%84%D8%B1%D8%B9%D8%A7%D9%8A%D8%A9+%D8%A7%D9%84%D9%86%D9%87%D8%A7%D8%B1%D9%8A%D8%A9%E2%80%AD/@24.7894011,46.9476368,12z/data=!4m10!1m2!2m1!1z2YXYsdmD2LIg2YjYp9it2Kkg2YTZhNix2LnYp9mK2Kkg2KfZhNmG2YfYp9ix2YrYqSAtINmB2LHYuSDYp9mE2LHZitin2LYsINin2YTYsdmK2KfYtiwg2YXZhti32YLYqSDYp9mE2LHZitmA2YDZgNin2LY!3m6!1s0x3e2f002061d274f5:0xda331a134e45adeb!8m2!3d24.7894011!4d46.8034412!15sCnTZhdix2YPYsiDZiNin2K3YqSDZhNmE2LHYudin2YrYqSDYp9mE2YbZh9in2LHZitipIC0g2YHYsdi5INin2YTYsdmK2KfYtiwg2KfZhNix2YrYp9i2LCDZhdmG2LfZgtipINin2YTYsdmK2YDZgNmA2KfYtlpsImrZhdix2YPYsiDZiNin2K3YqSDZhNmE2LHYudin2YrYqSDYp9mE2YbZh9in2LHZitipINmB2LHYuSDYp9mE2LHZitin2LYg2KfZhNix2YrYp9i2INmF2YbYt9mC2Kkg2KfZhNix2YrYp9i2kgERY2hpbGRfY2FyZV9hZ2VuY3maASNDaFpEU1VoTk1HOW5TMFZKUTBGblNVUnlkSEpMVjA5UkVBReABAPoBBAgAEEY!16s%2Fg%2F11c1rtt0p8?entry=ttu&g_ep=EgoyMDI2MDUxMy4wIKXMDSoASAFQAw%3D%3D",
        "place_category": "مركز رعاية الطفل",
        "place_address": "6879 شارع بحر العرب، اشبيلية، الرياض 13226",
        "place_rating": 3.7,
        "place_review_count": 3
      }
    },
    {
      "type": "Feature",
      "geometry": {
        "type": "Point",
        "coordinates": [
          43.5387279,
          29.6415902
        ]
      },
      "properties": {
        "School": "أجيال عرعر للرعاية النهارية",
        "Region": "منطقة الحدود الشمالية",
        "City": "عرعر",
        "Type": "مركز شامل",
        "Gender": "اناث",
        "MaleStudents": "0",
        "FemaleStudents": "32",
        "SchoolCapacity": "49",
        "place_name": "مركز أجيال الشمال للرعاية النهارية في رفحاء",
        "place_url": "https://www.google.com/maps/place/%D9%85%D8%B1%D9%83%D8%B2+%D8%A3%D8%AC%D9%8A%D8%A7%D9%84+%D8%A7%D9%84%D8%B4%D9%85%D8%A7%D9%84+%D9%84%D9%84%D8%B1%D8%B9%D8%A7%D9%8A%D8%A9+%D8%A7%D9%84%D9%86%D9%87%D8%A7%D8%B1%D9%8A%D8%A9+%D9%81%D9%8A+%D8%B1%D9%81%D8%AD%D8%A7%D8%A1%E2%80%AD/@27.8703442,46.5266315,7z/data=!4m10!1m2!2m1!1z2KPYrNmK2KfZhCDYudix2LnYsSDZhNmE2LHYudin2YrYqSDYp9mE2YbZh9in2LHZitipLCDYudix2LnYsSwg2YXZhti32YLYqSDYp9mE2K3Yr9mI2K8g2KfZhNi02YXYp9mE2YrYqQ!3m6!1s0x156467860810069d:0x956ecc006ccc1174!8m2!3d29.6415902!4d43.5387279!15sCmfYo9is2YrYp9mEINi52LHYudixINmE2YTYsdi52KfZitipINin2YTZhtmH2KfYsdmK2KksINi52LHYudixLCDZhdmG2LfZgtipINin2YTYrdiv2YjYryDYp9mE2LTZhdin2YTZitipWmciZdij2KzZitin2YQg2LnYsdi52LEg2YTZhNix2LnYp9mK2Kkg2KfZhNmG2YfYp9ix2YrYqSDYudix2LnYsSDZhdmG2LfZgtipINin2YTYrdiv2YjYryDYp9mE2LTZhdin2YTZitipkgEPbGVhcm5pbmdfY2VudGVymgEjQ2haRFNVaE5NRzluUzBWS1dFUm9OSEpMYWxsdVVHUjNFQUXgAQD6AQQIABBM!16s%2Fg%2F11s2g48s_8?entry=ttu&g_ep=EgoyMDI2MDUxMy4wIKXMDSoASAFQAw%3D%3D",
        "place_category": "مركز تدريب",
        "place_address": "6812 شارع الامير عبدالله بن جلوي 2764،، رفحاء 76316",
        "place_rating": 5.0,
        "place_review_count": 5
      }
    },
    {
      "type": "Feature",
      "geometry": {
        "type": "Point",
        "coordinates": [
          42.048189,
          18.502106
        ]
      },
      "properties": {
        "School": "مركز عبور للرعاية النهارية - فرع محايل عسير",
        "Region": "منطقة عسيــر",
        "City": "محافظة محايل عسير",
        "Type": "مركز شامل",
        "Gender": "اناث",
        "MaleStudents": "0",
        "FemaleStudents": "138",
        "SchoolCapacity": "286",
        "place_name": "مركز روح الاصرار للرعاية النهارية فرع محايل",
        "place_url": "https://www.google.com/maps/place/%D9%85%D8%B1%D9%83%D8%B2+%D8%B1%D9%88%D8%AD+%D8%A7%D9%84%D8%A7%D8%B5%D8%B1%D8%A7%D8%B1+%D9%84%D9%84%D8%B1%D8%B9%D8%A7%D9%8A%D8%A9+%D8%A7%D9%84%D9%86%D9%87%D8%A7%D8%B1%D9%8A%D8%A9+%D9%81%D8%B1%D8%B9+%D9%85%D8%AD%D8%A7%D9%8A%D9%84%E2%80%AD/@18.3898302,42.4297018,11z/data=!4m10!1m2!2m1!1z2YXYsdmD2LIg2LnYqNmI2LEg2YTZhNix2LnYp9mK2Kkg2KfZhNmG2YfYp9ix2YrYqSAtINmB2LHYuSDZhdit2KfZitmEINi52LPZitixLCDZhdit2KfZgdi42Kkg2YXYrdin2YrZhCDYudiz2YrYsSwg2YXZhti32YLYqSDYudiz2YrZgNmA2LE!3m6!1s0x15e48538f568372f:0x99a2783e22fae664!8m2!3d18.502106!4d42.048189!15sCokB2YXYsdmD2LIg2LnYqNmI2LEg2YTZhNix2LnYp9mK2Kkg2KfZhNmG2YfYp9ix2YrYqSAtINmB2LHYuSDZhdit2KfZitmEINi52LPZitixLCDZhdit2KfZgdi42Kkg2YXYrdin2YrZhCDYudiz2YrYsSwg2YXZhti32YLYqSDYudiz2YrZgNmA2LFahAEigQHZhdix2YPYsiDYudio2YjYsSDZhNmE2LHYudin2YrYqSDYp9mE2YbZh9in2LHZitipINmB2LHYuSDZhdit2KfZitmEINi52LPZitixINmF2K3Yp9mB2LjYqSDZhdit2KfZitmEINi52LPZitixINmF2YbYt9mC2Kkg2LnYs9mK2LGSARJzcGVlY2hfcGF0aG9sb2dpc3SaASNDaFpEU1VoTk1HOW5TMFZKUTBGblNVTklPVTVsYkdWUkVBReABAPoBBAgAECg!16s%2Fg%2F11vcwlcwgh?entry=ttu&g_ep=EgoyMDI2MDUxMy4wIKXMDSoASAFQAw%3D%3D",
        "place_category": "أخصائي تخاطب",
        "place_address": "حي الحيلة الغربي، AHAB4065، 4065 معاذ بن اسد، 8456، محايل عسير 63312",
        "place_rating": 2.7,
        "place_review_count": 2
      }
    },
    {
      "type": "Feature",
      "geometry": {
        "type": "Point",
        "coordinates": [
          41.6933412,
          27.5482472
        ]
      },
      "properties": {
        "School": "مركز الرعاية والإبتكار للرعاية النهارية",
        "Region": "منطقة حائــــل",
        "City": "حائل",
        "Type": "مركز شامل",
        "Gender": "ذكور",
        "MaleStudents": "39",
        "FemaleStudents": "0",
        "SchoolCapacity": "50",
        "place_name": "مركز الرعاية والابتكار",
        "place_url": "https://www.google.com/maps/place/%D9%85%D8%B1%D9%83%D8%B2+%D8%A7%D9%84%D8%B1%D8%B9%D8%A7%D9%8A%D8%A9+%D9%88%D8%A7%D9%84%D8%A7%D8%A8%D8%AA%D9%83%D8%A7%D8%B1%E2%80%AD/@27.5482472,41.765439,13z/data=!4m10!1m2!2m1!1z2YXYsdmD2LIg2KfZhNix2LnYp9mK2Kkg2YjYp9mE2KXYqNiq2YPYp9ixINmE2YTYsdi52KfZitipINin2YTZhtmH2KfYsdmK2KksINit2KfYptmELCDZhdmG2LfZgtipINit2KfYptmA2YDZgNmA2YQ!3m6!1s0x157647d49ddd55f7:0xbe248cfce6b8ac2b!8m2!3d27.5482472!4d41.6933412!15sCnHZhdix2YPYsiDYp9mE2LHYudin2YrYqSDZiNin2YTYpdio2KrZg9in2LEg2YTZhNix2LnYp9mK2Kkg2KfZhNmG2YfYp9ix2YrYqSwg2K3Yp9im2YQsINmF2YbYt9mC2Kkg2K3Yp9im2YDZgNmA2YDZhJIBDXNjaG9vbF9jZW50ZXLgAQA!16s%2Fg%2F11gmy48q4n?entry=ttu&g_ep=EgoyMDI2MDUxMy4wIKXMDSoASAFQAw%3D%3D",
        "place_category": "مركز المدارس",
        "place_address": "4869 الامير سعد بن فهد، 4869، المنتزه الغربي، 7272، حائل 55427",
        "place_rating": 5.0,
        "place_review_count": 5
      }
    },
    {
      "type": "Feature",
      "geometry": {
        "type": "Point",
        "coordinates": [
          39.0304354,
          22.8296664
        ]
      },
      "properties": {
        "School": "مركز رابغ للرعاية النهارية",
        "Region": "منطقة مكة المكرمـة",
        "City": "محافظة جدة",
        "Type": "",
        "Gender": "0",
        "MaleStudents": "0",
        "FemaleStudents": "0",
        "SchoolCapacity": "0",
        "place_name": "مركز محافظة رابغ للتأهيل و الرعاية",
        "place_url": "https://www.google.com/maps/place/%D9%85%D8%B1%D9%83%D8%B2+%D9%85%D8%AD%D8%A7%D9%81%D8%B8%D8%A9+%D8%B1%D8%A7%D8%A8%D8%BA+%D9%84%D9%84%D8%AA%D8%A3%D9%87%D9%8A%D9%84+%D9%88+%D8%A7%D9%84%D8%B1%D8%B9%D8%A7%D9%8A%D8%A9%E2%80%AD/@22.8296664,40.1839999,9z/data=!4m10!1m2!2m1!1z2YXYsdmD2LIg2LHYp9io2Log2YTZhNix2LnYp9mK2Kkg2KfZhNmG2YfYp9ix2YrYqSwg2YXYrdin2YHYuNipINis2K_YqSwg2YXZhti32YLYqSDZhdmD2Kkg2KfZhNmF2YPYsdmF2YDYqQ!3m6!1s0x15c097e1b63eef29:0x249a4a22d707e377!8m2!3d22.8296664!4d39.0304354!15sCmrZhdix2YPYsiDYsdin2KjYuiDZhNmE2LHYudin2YrYqSDYp9mE2YbZh9in2LHZitipLCDZhdit2KfZgdi42Kkg2KzYr9ipLCDZhdmG2LfZgtipINmF2YPYqSDYp9mE2YXZg9ix2YXZgNipWmgiZtmF2LHZg9iyINix2KfYqNi6INmE2YTYsdi52KfZitipINin2YTZhtmH2KfYsdmK2Kkg2YXYrdin2YHYuNipINis2K_YqSDZhdmG2LfZgtipINmF2YPYqSDYp9mE2YXZg9ix2YXYqZIBEGVkdWNhdGlvbl9jZW50ZXKaASNDaFpEU1VoTk1HOW5TMFZKUTBGblNVTjFPV1YyT1dabkVBReABAPoBBAgAEBk!16s%2Fg%2F11pdxns1jj?entry=ttu&g_ep=EgoyMDI2MDUxMy4wIKXMDSoASAFQAw%3D%3D",
        "place_category": "المركز التعليمي",
        "place_address": "الصليب الشرقي،، الصليب الشرقي، رابغ 25754،",
        "place_rating": 3.3,
        "place_review_count": 3
      }
    },
    {
      "type": "Feature",
      "geometry": {
        "type": "Point",
        "coordinates": [
          39.204875,
          21.5758093
        ]
      },
      "properties": {
        "School": "مركزالسمات للرعاية النهارية",
        "Region": "منطقة مكة المكرمـة",
        "City": "محافظة جدة",
        "Type": "مركز شامل",
        "Gender": "اناث",
        "MaleStudents": "0",
        "FemaleStudents": "34",
        "SchoolCapacity": "124",
        "place_name": "مركز السمات للرعاية النهارية للصغار والكبار",
        "place_url": "https://www.google.com/maps/place/%D9%85%D8%B1%D9%83%D8%B2+%D8%A7%D9%84%D8%B3%D9%85%D8%A7%D8%AA+%D9%84%D9%84%D8%B1%D8%B9%D8%A7%D9%8A%D8%A9+%D8%A7%D9%84%D9%86%D9%87%D8%A7%D8%B1%D9%8A%D8%A9+%D9%84%D9%84%D8%B5%D8%BA%D8%A7%D8%B1+%D9%88%D8%A7%D9%84%D9%83%D8%A8%D8%A7%D8%B1%E2%80%AD/@21.323515,40.1996487,9z/data=!4m10!1m2!2m1!1z2YXYsdmD2LLYp9mE2LPZhdin2Kog2YTZhNix2LnYp9mK2Kkg2KfZhNmG2YfYp9ix2YrYqSwg2YXYrdin2YHYuNipINis2K_YqSwg2YXZhti32YLYqSDZhdmD2Kkg2KfZhNmF2YPYsdmF2YDYqQ!3m6!1s0x15c3d1cf5304c821:0x720572242f50039e!8m2!3d21.5758093!4d39.204875!15sCm3Zhdix2YPYstin2YTYs9mF2KfYqiDZhNmE2LHYudin2YrYqSDYp9mE2YbZh9in2LHZitipLCDZhdit2KfZgdi42Kkg2KzYr9ipLCDZhdmG2LfZgtipINmF2YPYqSDYp9mE2YXZg9ix2YXZgNipWmsiadmF2LHZg9iy2KfZhNiz2YXYp9iqINmE2YTYsdi52KfZitipINin2YTZhtmH2KfYsdmK2Kkg2YXYrdin2YHYuNipINis2K_YqSDZhdmG2LfZgtipINmF2YPYqSDYp9mE2YXZg9ix2YXYqZIBFWFkdWx0X2RheV9jYXJlX2NlbnRlcpoBI0NoWkRTVWhOTUc5blMwVk1ibG96WWxkUWFFMXVOVmxCRUFF4AEA-gEECAAQSA!16s%2Fg%2F11m6fxwn72?entry=ttu&g_ep=EgoyMDI2MDUxMy4wIKXMDSoASAFQAw%3D%3D",
        "place_category": "مركز رعاية نهارية للكبار",
        "place_address": "جبل الرئتين، محمد حسين زيدان، جدة 23451",
        "place_rating": 4.2,
        "place_review_count": 4
      }
    },
    {
      "type": "Feature",
      "geometry": null,
      "properties": {
        "School": "مركز إيفاء للرعاية النهارية",
        "Region": "المنطقة الشرقيـــة",
        "City": "الدمام",
        "Type": "مركز شامل",
        "Gender": "اناث",
        "MaleStudents": "0",
        "FemaleStudents": "146",
        "SchoolCapacity": "186"
      }
    },
    {
      "type": "Feature",
      "geometry": {
        "type": "Point",
        "coordinates": [
          46.7135667,
          24.7564041
        ]
      },
      "properties": {
        "School": "مركز مجال العناية للرعاية النهارية",
        "Region": "منطقة الريـــاض",
        "City": "الرياض",
        "Type": "مركز شامل",
        "Gender": "ذكور",
        "MaleStudents": "65",
        "FemaleStudents": "0",
        "SchoolCapacity": "134",
        "place_name": "مركز مجال العناية للرعاية النهارية",
        "place_url": "https://www.google.com/maps/place/%D9%85%D8%B1%D9%83%D8%B2+%D9%85%D8%AC%D8%A7%D9%84+%D8%A7%D9%84%D8%B9%D9%86%D8%A7%D9%8A%D8%A9+%D9%84%D9%84%D8%B1%D8%B9%D8%A7%D9%8A%D8%A9+%D8%A7%D9%84%D9%86%D9%87%D8%A7%D8%B1%D9%8A%D8%A9%E2%80%AD/@24.7564041,46.7161416,17z/data=!3m1!4b1!4m6!3m5!1s0x3e2f038f61669cbd:0xe18b3f0551950421!8m2!3d24.7564041!4d46.7135667!16s%2Fg%2F11yt2sjvk_?entry=ttu&g_ep=EgoyMDI2MDUxMy4wIKXMDSoASAFQAw%3D%3D",
        "place_category": "مركز إعادة التأهيل",
        "place_address": "سعد بن بيشان، النزهة، الرياض 12472",
        "place_rating": 4.2,
        "place_review_count": 15
      }
    },
    {
      "type": "Feature",
      "geometry": null,
      "properties": {
        "School": "مركز عبور للرعاية النهارية - فرع الرس",
        "Region": "منطقة القصيـــم",
        "City": "محافظة الرس",
        "Type": "مركز شامل",
        "Gender": "اناث",
        "MaleStudents": "0",
        "FemaleStudents": "127",
        "SchoolCapacity": "200"
      }
    },
    {
      "type": "Feature",
      "geometry": null,
      "properties": {
        "School": "مركز عبور للرعاية النهارية",
        "Region": "منطقة جــازان",
        "City": "جازان",
        "Type": "مركز شامل",
        "Gender": "اناث",
        "MaleStudents": "0",
        "FemaleStudents": "280",
        "SchoolCapacity": "400"
      }
    },
    {
      "type": "Feature",
      "geometry": null,
      "properties": {
        "School": "مركز التأهيل الخاص بالجبيل للرعاية النهارية",
        "Region": "المنطقة الشرقيـــة",
        "City": "محافظة الجبيل",
        "Type": "مركز شامل",
        "Gender": "اناث",
        "MaleStudents": "0",
        "FemaleStudents": "56",
        "SchoolCapacity": "101"
      }
    },
    {
      "type": "Feature",
      "geometry": {
        "type": "Point",
        "coordinates": [
          50.186737,
          26.406448
        ]
      },
      "properties": {
        "School": "مركز عبور للرعاية النهارية",
        "Region": "المنطقة الشرقيـــة",
        "City": "محافظة الخبر",
        "Type": "مركز شامل",
        "Gender": "اناث",
        "MaleStudents": "0",
        "FemaleStudents": "61",
        "SchoolCapacity": "126",
        "place_name": "مركز عبور للرعاية النهارية فرع الدمام",
        "place_url": "https://www.google.com/maps/place/%D9%85%D8%B1%D9%83%D8%B2+%D8%B9%D8%A8%D9%88%D8%B1+%D9%84%D9%84%D8%B1%D8%B9%D8%A7%D9%8A%D8%A9+%D8%A7%D9%84%D9%86%D9%87%D8%A7%D8%B1%D9%8A%D8%A9+%D9%81%D8%B1%D8%B9+%D8%A7%D9%84%D8%AF%D9%85%D8%A7%D9%85%E2%80%AD/@26.406448,59.4152526,6z/data=!4m10!1m2!2m1!1z2YXYsdmD2LIg2LnYqNmI2LEg2YTZhNix2LnYp9mK2Kkg2KfZhNmG2YfYp9ix2YrYqSwg2YXYrdin2YHYuNipINin2YTYrtio2LEsINin2YTZhdmG2LfZgtipINin2YTYtNix2YLZitmA2YDZgNip!3m6!1s0x3e49efb7bf11e87d:0x40fc60345856255b!8m2!3d26.406448!4d50.186737!15sCm_Zhdix2YPYsiDYudio2YjYsSDZhNmE2LHYudin2YrYqSDYp9mE2YbZh9in2LHZitipLCDZhdit2KfZgdi42Kkg2KfZhNiu2KjYsSwg2KfZhNmF2YbYt9mC2Kkg2KfZhNi02LHZgtmK2YDZgNmA2KlaaSJn2YXYsdmD2LIg2LnYqNmI2LEg2YTZhNix2LnYp9mK2Kkg2KfZhNmG2YfYp9ix2YrYqSDZhdit2KfZgdi42Kkg2KfZhNiu2KjYsSDYp9mE2YXZhti32YLYqSDYp9mE2LTYsdmC2YrYqZIBFWFkdWx0X2RheV9jYXJlX2NlbnRlcpoBRENpOURRVWxSUVVOdlpFTm9kSGxqUmpsdlQyNUdjbE16VWxkVldHeEVZVE5zTkZaSE5UVmlWWGhMVFVWR01sWldSUkFC4AEA-gEECAAQLg!16s%2Fg%2F11yvtp2h2t?entry=ttu&g_ep=EgoyMDI2MDUxMy4wIKXMDSoASAFQAw%3D%3D",
        "place_category": "مركز رعاية نهارية للكبار",
        "place_address": "4487 شارع الزهرة، النورس، الدمام 32214",
        "place_rating": 4.8,
        "place_review_count": 4
      }
    },
    {
      "type": "Feature",
      "geometry": {
        "type": "Point",
        "coordinates": [
          49.5566959,
          25.4201203
        ]
      },
      "properties": {
        "School": "مركز واحة للرعاية النهارية",
        "Region": "المنطقة الشرقيـــة",
        "City": "محافظة الاحساء",
        "Type": "مركز شامل",
        "Gender": "اناث",
        "MaleStudents": "0",
        "FemaleStudents": "192",
        "SchoolCapacity": "390",
        "place_name": "مركز واحة للرعاية النهارية",
        "place_url": "https://www.google.com/maps/place/%D9%85%D8%B1%D9%83%D8%B2+%D9%88%D8%A7%D8%AD%D8%A9+%D9%84%D9%84%D8%B1%D8%B9%D8%A7%D9%8A%D8%A9+%D8%A7%D9%84%D9%86%D9%87%D8%A7%D8%B1%D9%8A%D8%A9%E2%80%AD/@25.4201203,49.5592708,17z/data=!3m1!4b1!4m6!3m5!1s0x3e3797daf805ced1:0x13aee5e216f091a7!8m2!3d25.4201203!4d49.5566959!16s%2Fg%2F11cls_16ns?entry=ttu&g_ep=EgoyMDI2MDUxMy4wIKXMDSoASAFQAw%3D%3D",
        "place_category": "مركز لرعاية الأطفال",
        "place_address": "طريق مكة المكرمة، محاسن البلديه، المبرز 36423",
        "place_rating": 4.1,
        "place_review_count": 48
      }
    },
    {
      "type": "Feature",
      "geometry": {
        "type": "Point",
        "coordinates": [
          39.6816283,
          24.5199315
        ]
      },
      "properties": {
        "School": "مركز ارادة طفل للرعاية النهارية",
        "Region": "منطقة المدينة المنورة",
        "City": "المدينة المنورة",
        "Type": "مركز شامل",
        "Gender": "اناث",
        "MaleStudents": "0",
        "FemaleStudents": "84",
        "SchoolCapacity": "126",
        "place_name": "إرادة طفل مركز إرادة طفل للرعاية",
        "place_url": "https://www.google.com/maps/place/%D8%A5%D8%B1%D8%A7%D8%AF%D8%A9+%D8%B7%D9%81%D9%84+%D9%85%D8%B1%D9%83%D8%B2+%D8%A5%D8%B1%D8%A7%D8%AF%D8%A9+%D8%B7%D9%81%D9%84+%D9%84%D9%84%D8%B1%D8%B9%D8%A7%D9%8A%D8%A9%E2%80%AD/@24.5199315,39.6842032,17z/data=!3m1!4b1!4m6!3m5!1s0x15bd964fe85168e5:0x60fd44297d5a605f!8m2!3d24.5199315!4d39.6816283!16s%2Fg%2F11cs1c709c?entry=ttu&g_ep=EgoyMDI2MDUxMy4wIKXMDSoASAFQAw%3D%3D",
        "place_category": "مركز رعاية الطفل",
        "place_address": "2952 سليم بن جابر, الملك فهد، المدينة المنورة 42366",
        "place_rating": 4.4,
        "place_review_count": 64
      }
    },
    {
      "type": "Feature",
      "geometry": null,
      "properties": {
        "School": "مركز أجيال التخصصي للرعاية النهارية - حي البديعة",
        "Region": "منطقة الريـــاض",
        "City": "الرياض",
        "Type": "مركز شامل",
        "Gender": "اناث",
        "MaleStudents": "0",
        "FemaleStudents": "60",
        "SchoolCapacity": "64"
      }
    },
    {
      "type": "Feature",
      "geometry": {
        "type": "Point",
        "coordinates": [
          39.198928,
          21.5837024
        ]
      },
      "properties": {
        "School": "مركز معاً للرعاية النهارية",
        "Region": "منطقة مكة المكرمـة",
        "City": "محافظة جدة",
        "Type": "مركز شامل",
        "Gender": "ذكور",
        "MaleStudents": "100",
        "FemaleStudents": "0",
        "SchoolCapacity": "200",
        "place_name": "مركز معا للرعاية النهارية",
        "place_url": "https://www.google.com/maps/place/%D9%85%D8%B1%D9%83%D8%B2+%D9%85%D8%B9%D8%A7+%D9%84%D9%84%D8%B1%D8%B9%D8%A7%D9%8A%D8%A9+%D8%A7%D9%84%D9%86%D9%87%D8%A7%D8%B1%D9%8A%D8%A9%E2%80%AD/@21.5837024,39.2015029,17z/data=!3m1!4b1!4m6!3m5!1s0x15c3d12246d8672b:0xe55a36d6f688743b!8m2!3d21.5837024!4d39.198928!16s%2Fg%2F11l67wvw2v?entry=ttu&g_ep=EgoyMDI2MDUxMy4wIKXMDSoASAFQAw%3D%3D",
        "place_category": "المركز التعليمي",
        "place_address": "ابو محجن، الصفا، جدة 23452",
        "place_rating": 4.8,
        "place_review_count": 30
      }
    },
    {
      "type": "Feature",
      "geometry": {
        "type": "Point",
        "coordinates": [
          42.6849281,
          18.3171874
        ]
      },
      "properties": {
        "School": "مركز نمو الطفل لذوي الاعاقة فرع 1- اناث خميس مشيط",
        "Region": "منطقة عسيــر",
        "City": "محافظة خميس  مشيط",
        "Type": "مركز شامل",
        "Gender": "اناث",
        "MaleStudents": "0",
        "FemaleStudents": "84",
        "SchoolCapacity": "200",
        "place_name": "مركز نمو الطفل للرعاية النهارية",
        "place_url": "https://www.google.com/maps/place/%D9%85%D8%B1%D9%83%D8%B2+%D9%86%D9%85%D9%88+%D8%A7%D9%84%D8%B7%D9%81%D9%84+%D9%84%D9%84%D8%B1%D8%B9%D8%A7%D9%8A%D8%A9+%D8%A7%D9%84%D9%86%D9%87%D8%A7%D8%B1%D9%8A%D8%A9%E2%80%AD/@18.3249983,42.7648272,13z/data=!4m10!1m2!2m1!1z2YXYsdmD2LIg2YbZhdmIINin2YTYt9mB2YQg2YTYsNmI2Yog2KfZhNin2LnYp9mC2Kkg2YHYsdi5IDEtINin2YbYp9irINiu2YXZitizINmF2LTZiti3LCDZhdit2KfZgdi42Kkg2K7ZhdmK2LMgINmF2LTZiti3LCDZhdmG2LfZgtipINi52LPZitmA2YDYsQ!3m6!1s0x15fb50cae432e7c3:0x24dbd9a2ca33053c!8m2!3d18.3171874!4d42.6849281!15sCpEB2YXYsdmD2LIg2YbZhdmIINin2YTYt9mB2YQg2YTYsNmI2Yog2KfZhNin2LnYp9mC2Kkg2YHYsdi5IDEtINin2YbYp9irINiu2YXZitizINmF2LTZiti3LCDZhdit2KfZgdi42Kkg2K7ZhdmK2LMgINmF2LTZiti3LCDZhdmG2LfZgtipINi52LPZitmA2YDYsZIBF2ZhbWlseV9kYXlfY2FyZV9zZXJ2aWNl4AEA!16s%2Fg%2F11c1sj7fjh?entry=ttu&g_ep=EgoyMDI2MDUxMy4wIKXMDSoASAFQAw%3D%3D",
        "place_category": "خدمة رعاية الأسرة النهارية",
        "place_address": "حي، الربيع، خميس مشيط 62454",
        "place_rating": 4.1,
        "place_review_count": 4
      }
    },
    {
      "type": "Feature",
      "geometry": null,
      "properties": {
        "School": "مركز بسمة الدنيا لرعاية ذوي الاحتياجات الخاصة",
        "Region": "منطقة الريـــاض",
        "City": "الرياض",
        "Type": "مركز شامل",
        "Gender": "اناث",
        "MaleStudents": "0",
        "FemaleStudents": "92",
        "SchoolCapacity": "186"
      }
    },
    {
      "type": "Feature",
      "geometry": null,
      "properties": {
        "School": "مركزإرادة المتخصص للرعاية النهارية",
        "Region": "منطقة مكة المكرمـة",
        "City": "محافظة جدة",
        "Type": "مركز شامل",
        "Gender": "ذكور",
        "MaleStudents": "0",
        "FemaleStudents": "0",
        "SchoolCapacity": "180"
      }
    },
    {
      "type": "Feature",
      "geometry": {
        "type": "Point",
        "coordinates": [
          47.3417713,
          24.1642133
        ]
      },
      "properties": {
        "School": "مركز روح الإرادة للرعاية النهارية",
        "Region": "منطقة الريـــاض",
        "City": "محافظة الخرج",
        "Type": "مركز شامل",
        "Gender": "اناث",
        "MaleStudents": "0",
        "FemaleStudents": "124",
        "SchoolCapacity": "200",
        "place_name": "مركز روح الارادة للرعاية النهارية",
        "place_url": "https://www.google.com/maps/place/%D9%85%D8%B1%D9%83%D8%B2+%D8%B1%D9%88%D8%AD+%D8%A7%D9%84%D8%A7%D8%B1%D8%A7%D8%AF%D8%A9+%D9%84%D9%84%D8%B1%D8%B9%D8%A7%D9%8A%D8%A9+%D8%A7%D9%84%D9%86%D9%87%D8%A7%D8%B1%D9%8A%D8%A9%E2%80%AD/@24.1642133,47.3443462,17z/data=!3m1!4b1!4m6!3m5!1s0x3e254fa80d37481f:0x98b0d822f647e7df!8m2!3d24.1642133!4d47.3417713!16s%2Fg%2F11fb0_b9s2?entry=ttu&g_ep=EgoyMDI2MDUxMy4wIKXMDSoASAFQAw%3D%3D",
        "place_category": "مركز لرعاية الأطفال",
        "place_address": "587R+MPJ، النزهة، الخرج 16439",
        "place_rating": 4.8,
        "place_review_count": 48
      }
    },
    {
      "type": "Feature",
      "geometry": {
        "type": "Point",
        "coordinates": [
          50.1556872,
          26.3320112
        ]
      },
      "properties": {
        "School": "مركز التوحد للرعاية النهارية - فرع الظهران",
        "Region": "المنطقة الشرقيـــة",
        "City": "الدمام",
        "Type": "مركز توحد",
        "Gender": "اناث",
        "MaleStudents": "0",
        "FemaleStudents": "52",
        "SchoolCapacity": "57",
        "place_name": "الجمعية السعودية للتوحد",
        "place_url": "https://www.google.com/maps/place/%D8%A7%D9%84%D8%AC%D9%85%D8%B9%D9%8A%D8%A9+%D8%A7%D9%84%D8%B3%D8%B9%D9%88%D8%AF%D9%8A%D8%A9+%D9%84%D9%84%D8%AA%D9%88%D8%AD%D8%AF%E2%80%AD/@26.3320112,50.2998828,12z/data=!4m10!1m2!2m1!1z2YXYsdmD2LIg2KfZhNiq2YjYrdivINmE2YTYsdi52KfZitipINin2YTZhtmH2KfYsdmK2KkgLSDZgdix2Lkg2KfZhNi42YfYsdin2YYsINin2YTYr9mF2KfZhSwg2KfZhNmF2YbYt9mC2Kkg2KfZhNi02LHZgtmK2YDZgNmA2Kk!3m6!1s0x3e49e676453442b1:0xf3b20a38e4924c1c!8m2!3d26.3320112!4d50.1556872!15sCoAB2YXYsdmD2LIg2KfZhNiq2YjYrdivINmE2YTYsdi52KfZitipINin2YTZhtmH2KfYsdmK2KkgLSDZgdix2Lkg2KfZhNi42YfYsdin2YYsINin2YTYr9mF2KfZhSwg2KfZhNmF2YbYt9mC2Kkg2KfZhNi02LHZgtmK2YDZgNmA2KlaeCJ22YXYsdmD2LIg2KfZhNiq2YjYrdivINmE2YTYsdi52KfZitipINin2YTZhtmH2KfYsdmK2Kkg2YHYsdi5INin2YTYuNmH2LHYp9mGINin2YTYr9mF2KfZhSDYp9mE2YXZhti32YLYqSDYp9mE2LTYsdmC2YrYqZIBCWVkdWNhdGlvbpoBI0NoWkRTVWhOTUc5blMwVkpRMEZuU1VNeGIyOUhSMlJCRUFF4AEA-gEECAAQDw!16s%2Fg%2F11r915gph?entry=ttu&g_ep=EgoyMDI2MDUxMy4wIKXMDSoASAFQAw%3D%3D",
        "place_category": "تعليم",
        "place_address": "8065 طريق الأمير محمد بن فهد بن عبدالعزيز، الدوحة الجنوبية، الظهران 34452",
        "place_rating": 3.9,
        "place_review_count": 3
      }
    },
    {
      "type": "Feature",
      "geometry": {
        "type": "Point",
        "coordinates": [
          43.9182052,
          26.0907554
        ]
      },
      "properties": {
        "School": "مركز علي العبد الله التميمي",
        "Region": "منطقة القصيـــم",
        "City": "محافظة عنيزة",
        "Type": "مركز شامل",
        "Gender": "ذكور",
        "MaleStudents": "95",
        "FemaleStudents": "0",
        "SchoolCapacity": "200",
        "place_name": "مركز علي التميمي للتوحد",
        "place_url": "https://www.google.com/maps/place/%D9%85%D8%B1%D9%83%D8%B2+%D8%B9%D9%84%D9%8A+%D8%A7%D9%84%D8%AA%D9%85%D9%8A%D9%85%D9%8A+%D9%84%D9%84%D8%AA%D9%88%D8%AD%D8%AF%E2%80%AD/@26.0907554,43.9207801,17z/data=!3m1!4b1!4m6!3m5!1s0x1581f25b3af90b15:0xd523e6d25f7c193d!8m2!3d26.0907554!4d43.9182052!16s%2Fg%2F11c1r7t0gh?entry=ttu&g_ep=EgoyMDI2MDUxMy4wIKXMDSoASAFQAw%3D%3D",
        "place_category": "مركز رعاية نهارية للكبار",
        "place_address": "طريق المدينة المنورة، الحفيرة، عنيزة 56244",
        "place_rating": 3.9,
        "place_review_count": 54
      }
    },
    {
      "type": "Feature",
      "geometry": {
        "type": "Point",
        "coordinates": [
          50.1229468,
          26.3955619
        ]
      },
      "properties": {
        "School": "مركز ايفاء للرعاية النهارية",
        "Region": "المنطقة الشرقيـــة",
        "City": "الدمام",
        "Type": "مركز شامل",
        "Gender": "ذكور",
        "MaleStudents": "151",
        "FemaleStudents": "0",
        "SchoolCapacity": "192",
        "place_name": "مجمع الأمير سلطان للتأهيل",
        "place_url": "https://www.google.com/maps/place/%D9%85%D8%AC%D9%85%D8%B9+%D8%A7%D9%84%D8%A3%D9%85%D9%8A%D8%B1+%D8%B3%D9%84%D8%B7%D8%A7%D9%86+%D9%84%D9%84%D8%AA%D8%A3%D9%87%D9%8A%D9%84%E2%80%AD/@26.3955619,50.1255217,17z/data=!3m1!4b1!4m6!3m5!1s0x3e49e4c9bd8d5af5:0xdc2ccfa51c336568!8m2!3d26.3955619!4d50.1229468!16s%2Fg%2F1s04gxv2t?entry=ttu&g_ep=EgoyMDI2MDUxMy4wIKXMDSoASAFQAw%3D%3D",
        "place_category": "مركز إعادة التأهيل",
        "place_address": "البساتين، الدمام 32235",
        "place_rating": 4.5,
        "place_review_count": 211
      }
    },
    {
      "type": "Feature",
      "geometry": null,
      "properties": {
        "School": "مركز شموع الامل للرعاية النهارية",
        "Region": "المنطقة الشرقيـــة",
        "City": "الدمام",
        "Type": "مركز شامل",
        "Gender": "ذكور",
        "MaleStudents": "280",
        "FemaleStudents": "0",
        "SchoolCapacity": "285"
      }
    },
    {
      "type": "Feature",
      "geometry": null,
      "properties": {
        "School": "مركز امنياتي المحققة لرعاية ذوي الاحتياجات الخاصة",
        "Region": "منطقة مكة المكرمـة",
        "City": "محافظة جدة",
        "Type": "مركز شامل",
        "Gender": "اناث",
        "MaleStudents": "0",
        "FemaleStudents": "70",
        "SchoolCapacity": "77"
      }
    },
    {
      "type": "Feature",
      "geometry": {
        "type": "Point",
        "coordinates": [
          42.7594758,
          18.3350099
        ]
      },
      "properties": {
        "School": "تنمية انسان للرعاية النهارية فرع خميس مشيط",
        "Region": "منطقة عسيــر",
        "City": "محافظة خميس  مشيط",
        "Type": "مركز شامل",
        "Gender": "اناث",
        "MaleStudents": "0",
        "FemaleStudents": "109",
        "SchoolCapacity": "232",
        "place_name": "مركز التمكين الشامل للرعاية النهارية | فرع خميس مشيط",
        "place_url": "https://www.google.com/maps/place/%D9%85%D8%B1%D9%83%D8%B2+%D8%A7%D9%84%D8%AA%D9%85%D9%83%D9%8A%D9%86+%D8%A7%D9%84%D8%B4%D8%A7%D9%85%D9%84+%D9%84%D9%84%D8%B1%D8%B9%D8%A7%D9%8A%D8%A9+%D8%A7%D9%84%D9%86%D9%87%D8%A7%D8%B1%D9%8A%D8%A9+%7C+%D9%81%D8%B1%D8%B9+%D8%AE%D9%85%D9%8A%D8%B3+%D9%85%D8%B4%D9%8A%D8%B7%E2%80%AD/@18.3350099,42.8315736,13z/data=!4m10!1m2!2m1!1z2KrZhtmF2YrYqSDYp9mG2LPYp9mGINmE2YTYsdi52KfZitipINin2YTZhtmH2KfYsdmK2Kkg2YHYsdi5INiu2YXZitizINmF2LTZiti3LCDZhdit2KfZgdi42Kkg2K7ZhdmK2LMgINmF2LTZiti3LCDZhdmG2LfZgtipINi52LPZitmA2YDYsQ!3m6!1s0x15fb5bdb5cac64ef:0xdb47794679c1792b!8m2!3d18.3350099!4d42.7594758!15sCogB2KrZhtmF2YrYqSDYp9mG2LPYp9mGINmE2YTYsdi52KfZitipINin2YTZhtmH2KfYsdmK2Kkg2YHYsdi5INiu2YXZitizINmF2LTZiti3LCDZhdit2KfZgdi42Kkg2K7ZhdmK2LMgINmF2LTZiti3LCDZhdmG2LfZgtipINi52LPZitmA2YDYsVqEASKBAdiq2YbZhdmK2Kkg2KfZhtiz2KfZhiDZhNmE2LHYudin2YrYqSDYp9mE2YbZh9in2LHZitipINmB2LHYuSDYrtmF2YrYsyDZhdi02YrYtyDZhdit2KfZgdi42Kkg2K7ZhdmK2LMg2YXYtNmK2Lcg2YXZhti32YLYqSDYudiz2YrYsZIBFXNvY2lhbF93ZWxmYXJlX2NlbnRlcpoBRENpOURRVWxSUVVOdlpFTm9kSGxqUmpsdlQyc3hVRk14UW1sU1NFMHpWMVZvZUZsWFp6QmhiR3h2V0RCd1YxRXhSUkFC4AEA-gEECAAQNg!16s%2Fg%2F11xp3vnkjk?entry=ttu&g_ep=EgoyMDI2MDUxMy4wIKXMDSoASAFQAw%3D%3D",
        "place_category": "مركز رعاية اجتماعية",
        "place_address": "اصيل الهذلي، حي اليرموك، خميس مشيط 61961",
        "place_rating": 4.7,
        "place_review_count": 4
      }
    },
    {
      "type": "Feature",
      "geometry": {
        "type": "Point",
        "coordinates": [
          39.9730595,
          21.4603495
        ]
      },
      "properties": {
        "School": "مركز تفاؤل وأمل لرعاية ذوي الاحتياجات الخاصة",
        "Region": "منطقة مكة المكرمـة",
        "City": "مكة المكرمة",
        "Type": "مركز شامل",
        "Gender": "اناث",
        "MaleStudents": "0",
        "FemaleStudents": "57",
        "SchoolCapacity": "56",
        "place_name": "مركز تفاؤل وأمل",
        "place_url": "https://www.google.com/maps/place/%D9%85%D8%B1%D9%83%D8%B2+%D8%AA%D9%81%D8%A7%D8%A4%D9%84+%D9%88%D8%A3%D9%85%D9%84%E2%80%AD/@21.4603495,39.9756344,17z/data=!3m1!4b1!4m6!3m5!1s0x15c2000e76a0b189:0x9a326469134f8710!8m2!3d21.4603495!4d39.9730595!16s%2Fg%2F11cnrjlf7r?entry=ttu&g_ep=EgoyMDI2MDUxMy4wIKXMDSoASAFQAw%3D%3D",
        "place_category": "مركز إعادة التأهيل",
        "place_address": "8623، الراشدية، 4578, مكة 24268",
        "place_rating": 3.2,
        "place_review_count": 4
      }
    },
    {
      "type": "Feature",
      "geometry": {
        "type": "Point",
        "coordinates": [
          49.5938262,
          25.4150309
        ]
      },
      "properties": {
        "School": "مركز تنمية انسان للرعاية النهارية",
        "Region": "المنطقة الشرقيـــة",
        "City": "محافظة الاحساء",
        "Type": "مركز شامل",
        "Gender": "اناث",
        "MaleStudents": "0",
        "FemaleStudents": "314",
        "SchoolCapacity": "748",
        "place_name": "مركز التمكين الشامل للرعاية النهارية ( المبرز)",
        "place_url": "https://www.google.com/maps/place/%D9%85%D8%B1%D9%83%D8%B2+%D8%A7%D9%84%D8%AA%D9%85%D9%83%D9%8A%D9%86+%D8%A7%D9%84%D8%B4%D8%A7%D9%85%D9%84+%D9%84%D9%84%D8%B1%D8%B9%D8%A7%D9%8A%D8%A9+%D8%A7%D9%84%D9%86%D9%87%D8%A7%D8%B1%D9%8A%D8%A9+(+%D8%A7%D9%84%D9%85%D8%A8%D8%B1%D8%B2)%E2%80%AD/@25.4150309,58.8223418,6z/data=!4m10!1m2!2m1!1z2YXYsdmD2LIg2KrZhtmF2YrYqSDYp9mG2LPYp9mGINmE2YTYsdi52KfZitipINin2YTZhtmH2KfYsdmK2KksINmF2K3Yp9mB2LjYqSDYp9mE2KfYrdiz2KfYoSwg2KfZhNmF2YbYt9mC2Kkg2KfZhNi02LHZgtmK2YDZgNmA2Kk!3m6!1s0x3e37970077da8875:0xade48203e2da0bb1!8m2!3d25.4150309!4d49.5938262!15sCoAB2YXYsdmD2LIg2KrZhtmF2YrYqSDYp9mG2LPYp9mGINmE2YTYsdi52KfZitipINin2YTZhtmH2KfYsdmK2KksINmF2K3Yp9mB2LjYqSDYp9mE2KfYrdiz2KfYoSwg2KfZhNmF2YbYt9mC2Kkg2KfZhNi02LHZgtmK2YDZgNmA2KlaeiJ42YXYsdmD2LIg2KrZhtmF2YrYqSDYp9mG2LPYp9mGINmE2YTYsdi52KfZitipINin2YTZhtmH2KfYsdmK2Kkg2YXYrdin2YHYuNipINin2YTYp9it2LPYp9ihINin2YTZhdmG2LfZgtipINin2YTYtNix2YLZitipkgEQZWR1Y2F0aW9uX2NlbnRlcpoBRENpOURRVWxSUVVOdlpFTm9kSGxqUmpsdlQyczFkMVJZVm1wTlZUbFhXVEZHUldGWVpESlVWemw2VXpBMWIyUXhSUkFC4AEA-gEECAAQPw!16s%2Fg%2F11y7d6bbvb?entry=ttu&g_ep=EgoyMDI2MDUxMy4wIKXMDSoASAFQAw%3D%3D",
        "place_category": "المركز التعليمي",
        "place_address": "القديمات، الهفوف 36341",
        "place_rating": 4.9,
        "place_review_count": 4
      }
    },
    {
      "type": "Feature",
      "geometry": {
        "type": "Point",
        "coordinates": [
          39.6850714,
          24.5369007
        ]
      },
      "properties": {
        "School": "مركز شعاع الأمل للرعاية النهارية",
        "Region": "منطقة المدينة المنورة",
        "City": "المدينة المنورة",
        "Type": "مركز شامل",
        "Gender": "اناث",
        "MaleStudents": "0",
        "FemaleStudents": "63",
        "SchoolCapacity": "96",
        "place_name": "مركز شعاع الأمل للرعاية النهارية",
        "place_url": "https://www.google.com/maps/place/%D9%85%D8%B1%D9%83%D8%B2+%D8%B4%D8%B9%D8%A7%D8%B9+%D8%A7%D9%84%D8%A3%D9%85%D9%84+%D9%84%D9%84%D8%B1%D8%B9%D8%A7%D9%8A%D8%A9+%D8%A7%D9%84%D9%86%D9%87%D8%A7%D8%B1%D9%8A%D8%A9%E2%80%AD/@24.5369007,39.6876463,17z/data=!3m1!4b1!4m6!3m5!1s0x15bd97af9f2b7c8b:0x1762e628ede1d466!8m2!3d24.5369007!4d39.6850714!16s%2Fg%2F11c5g9vr1h?entry=ttu&g_ep=EgoyMDI2MDUxMy4wIKXMDSoASAFQAw%3D%3D",
        "place_category": "مدرسة تعليم خاص",
        "place_address": "محمد بن إبراهيم البشكري، المطار، المدينة المنورة 42341",
        "place_rating": 4.9,
        "place_review_count": 4
      }
    },
    {
      "type": "Feature",
      "geometry": {
        "type": "Point",
        "coordinates": [
          39.6660505,
          24.4427202
        ]
      },
      "properties": {
        "School": "مركز طيبة التخصصي لرعاية ذوي الاحتياجات الخاصة",
        "Region": "منطقة المدينة المنورة",
        "City": "المدينة المنورة",
        "Type": "مركز شامل",
        "Gender": "اناث",
        "MaleStudents": "0",
        "FemaleStudents": "48",
        "SchoolCapacity": "49",
        "place_name": "مركز طيبة التخصصي للتأهيل الشامل و العلاج المكثف",
        "place_url": "https://www.google.com/maps/place/%D9%85%D8%B1%D9%83%D8%B2+%D8%B7%D9%8A%D8%A8%D8%A9+%D8%A7%D9%84%D8%AA%D8%AE%D8%B5%D8%B5%D9%8A+%D9%84%D9%84%D8%AA%D8%A3%D9%87%D9%8A%D9%84+%D8%A7%D9%84%D8%B4%D8%A7%D9%85%D9%84+%D9%88+%D8%A7%D9%84%D8%B9%D9%84%D8%A7%D8%AC+%D8%A7%D9%84%D9%85%D9%83%D8%AB%D9%81%E2%80%AD/@24.4427202,39.8102461,12z/data=!4m10!1m2!2m1!1z2YXYsdmD2LIg2LfZitio2Kkg2KfZhNiq2K7Ytdi12Yog2YTYsdi52KfZitipINiw2YjZiiDYp9mE2KfYrdiq2YrYp9is2KfYqiDYp9mE2K7Yp9i12KksINin2YTZhdiv2YrZhtipINin2YTZhdmG2YjYsdipLCDZhdmG2LfZgtipINin2YTZhdiv2YrZhtipINin2YTZhdmG2YjYsdip!3m6!1s0x15bd956e674e07db:0xbc08360da4a5ab5d!8m2!3d24.4427202!4d39.6660505!15sCp8B2YXYsdmD2LIg2LfZitio2Kkg2KfZhNiq2K7Ytdi12Yog2YTYsdi52KfZitipINiw2YjZiiDYp9mE2KfYrdiq2YrYp9is2KfYqiDYp9mE2K7Yp9i12KksINin2YTZhdiv2YrZhtipINin2YTZhdmG2YjYsdipLCDZhdmG2LfZgtipINin2YTZhdiv2YrZhtipINin2YTZhdmG2YjYsdipWqABIp0B2YXYsdmD2LIg2LfZitio2Kkg2KfZhNiq2K7Ytdi12Yog2YTYsdi52KfZitipINiw2YjZiiDYp9mE2KfYrdiq2YrYp9is2KfYqiDYp9mE2K7Yp9i12Kkg2KfZhNmF2K_ZitmG2Kkg2KfZhNmF2YbZiNix2Kkg2YXZhti32YLYqSDYp9mE2YXYr9mK2YbYqSDYp9mE2YXZhtmI2LHYqZIBFHBoeXNpb3RoZXJhcHlfY2VudGVymgEkQ2hkRFNVaE5NRzluUzBWSlEwRm5UVVJuY0V3M00xOUJSUkFC4AEA-gEECAAQLg!16s%2Fg%2F11cn5np0wf?entry=ttu&g_ep=EgoyMDI2MDUxMy4wIKXMDSoASAFQAw%3D%3D",
        "place_category": "عيادة علاج طبيعي",
        "place_address": "طريق الملك عبدالله الفرعي، مذينب، المدينة المنورة 42364",
        "place_rating": 4.7,
        "place_review_count": 4
      }
    },
    {
      "type": "Feature",
      "geometry": {
        "type": "Point",
        "coordinates": [
          46.7448936,
          24.6906966
        ]
      },
      "properties": {
        "School": "مركز التميز الشامل للرعاية النهارية",
        "Region": "منطقة الريـــاض",
        "City": "الرياض",
        "Type": "مركز شامل",
        "Gender": "اناث",
        "MaleStudents": "0",
        "FemaleStudents": "99",
        "SchoolCapacity": "199",
        "place_name": "مركز التميز الشامل للرعاية النهارية",
        "place_url": "https://www.google.com/maps/place/%D9%85%D8%B1%D9%83%D8%B2+%D8%A7%D9%84%D8%AA%D9%85%D9%8A%D8%B2+%D8%A7%D9%84%D8%B4%D8%A7%D9%85%D9%84+%D9%84%D9%84%D8%B1%D8%B9%D8%A7%D9%8A%D8%A9+%D8%A7%D9%84%D9%86%D9%87%D8%A7%D8%B1%D9%8A%D8%A9%E2%80%AD/@24.6906966,46.7474685,17z/data=!3m1!4b1!4m6!3m5!1s0x3e2f040102a25263:0x672bc822d4c1cd72!8m2!3d24.6906966!4d46.7448936!16s%2Fg%2F11gd1wt87p?entry=ttu&g_ep=EgoyMDI2MDUxMy4wIKXMDSoASAFQAw%3D%3D",
        "place_category": "منظمة خدمات ودعم الإعاقة",
        "place_address": "شارع المؤرخ بن بشر، الربوة، الرياض 12816",
        "place_rating": 4.2,
        "place_review_count": 100
      }
    },
    {
      "type": "Feature",
      "geometry": {
        "type": "Point",
        "coordinates": [
          46.654876,
          24.5399268
        ]
      },
      "properties": {
        "School": "مركز الأنامل الحانية للرعاية النهارية",
        "Region": "منطقة الريـــاض",
        "City": "الرياض",
        "Type": "مركز شامل",
        "Gender": "اناث",
        "MaleStudents": "0",
        "FemaleStudents": "107",
        "SchoolCapacity": "108",
        "place_name": "مركز الأنامل الحانية",
        "place_url": "https://www.google.com/maps/place/%D9%85%D8%B1%D9%83%D8%B2+%D8%A7%D9%84%D8%A3%D9%86%D8%A7%D9%85%D9%84+%D8%A7%D9%84%D8%AD%D8%A7%D9%86%D9%8A%D8%A9%E2%80%AD/@24.5399268,46.6574509,17z/data=!3m1!4b1!4m6!3m5!1s0x3e2f1139fcb48f1f:0xf3d8a524d5a4fc1b!8m2!3d24.5399268!4d46.654876!16s%2Fg%2F11g4crmjqw?entry=ttu&g_ep=EgoyMDI2MDUxMy4wIKXMDSoASAFQAw%3D%3D",
        "place_category": "مدرسة تعليم خاص",
        "place_address": "4173 المضمار، الحزم، 6744، الرياض 14964",
        "place_rating": 4.3,
        "place_review_count": 4
      }
    },
    {
      "type": "Feature",
      "geometry": {
        "type": "Point",
        "coordinates": [
          50.2056224,
          26.3525456
        ]
      },
      "properties": {
        "School": "مركز غصون المستقبل لرعاية ذوي الاحتياجات الخاصة",
        "Region": "المنطقة الشرقيـــة",
        "City": "محافظة الخبر",
        "Type": "مركز شامل",
        "Gender": "اناث",
        "MaleStudents": "0",
        "FemaleStudents": "168",
        "SchoolCapacity": "170",
        "place_name": "مركز غصون المستقبل للرعاية النهارية",
        "place_url": "https://www.google.com/maps/place/%D9%85%D8%B1%D9%83%D8%B2+%D8%BA%D8%B5%D9%88%D9%86+%D8%A7%D9%84%D9%85%D8%B3%D8%AA%D9%82%D8%A8%D9%84+%D9%84%D9%84%D8%B1%D8%B9%D8%A7%D9%8A%D8%A9+%D8%A7%D9%84%D9%86%D9%87%D8%A7%D8%B1%D9%8A%D8%A9%E2%80%AD/@26.3525456,50.2416713,14z/data=!4m10!1m2!2m1!1z2YXYsdmD2LIg2LrYtdmI2YYg2KfZhNmF2LPYqtmC2KjZhCDZhNix2LnYp9mK2Kkg2LDZiNmKINin2YTYp9it2KrZitin2KzYp9iqINin2YTYrtin2LXYqSwg2YXYrdin2YHYuNipINin2YTYrtio2LEsINin2YTZhdmG2LfZgtipINin2YTYtNix2YLZitmA2YDZgNip!3m6!1s0x3e49e87c753baea9:0x79a7240f634d84e5!8m2!3d26.3525456!4d50.2056224!15sCpYB2YXYsdmD2LIg2LrYtdmI2YYg2KfZhNmF2LPYqtmC2KjZhCDZhNix2LnYp9mK2Kkg2LDZiNmKINin2YTYp9it2KrZitin2KzYp9iqINin2YTYrtin2LXYqSwg2YXYrdin2YHYuNipINin2YTYrtio2LEsINin2YTZhdmG2LfZgtipINin2YTYtNix2YLZitmA2YDZgNipWpEBIo4B2YXYsdmD2LIg2LrYtdmI2YYg2KfZhNmF2LPYqtmC2KjZhCDZhNix2LnYp9mK2Kkg2LDZiNmKINin2YTYp9it2KrZitin2KzYp9iqINin2YTYrtin2LXYqSDZhdit2KfZgdi42Kkg2KfZhNiu2KjYsSDYp9mE2YXZhti32YLYqSDYp9mE2LTYsdmC2YrYqZIBD2RheV9jYXJlX2NlbnRlcpoBJENoZERTVWhOTUc5blMwVkpRMEZuU1VOYWJqZEhTR3RCUlJBQuABAPoBBAgAEDk!16s%2Fg%2F11f1w6q73l?entry=ttu&g_ep=EgoyMDI2MDUxMy4wIKXMDSoASAFQAw%3D%3D",
        "place_category": "مركز لرعاية الأطفال",
        "place_address": "الراكة الجنوبية، الخبر 34227",
        "place_rating": 3.9,
        "place_review_count": 3
      }
    },
    {
      "type": "Feature",
      "geometry": {
        "type": "Point",
        "coordinates": [
          44.7625673,
          20.4653922
        ]
      },
      "properties": {
        "School": "مركز بصمة عطاء للرعاية النهارية",
        "Region": "منطقة الريـــاض",
        "City": "محافظة وادي الدواسر",
        "Type": "مركز شامل",
        "Gender": "اناث",
        "MaleStudents": "0",
        "FemaleStudents": "64",
        "SchoolCapacity": "80",
        "place_name": "بصمة عطاء وادي الدواسر",
        "place_url": "https://www.google.com/maps/place/%D8%A8%D8%B5%D9%85%D8%A9+%D8%B9%D8%B7%D8%A7%D8%A1+%D9%88%D8%A7%D8%AF%D9%8A+%D8%A7%D9%84%D8%AF%D9%88%D8%A7%D8%B3%D8%B1%E2%80%AD/@20.4653922,44.7651422,17z/data=!3m1!4b1!4m6!3m5!1s0x15f597d5f7d6861d:0xda741ef01c5d6e3d!8m2!3d20.4653922!4d44.7625673!16s%2Fg%2F11rwsbz6js?entry=ttu&g_ep=EgoyMDI2MDUxMy4wIKXMDSoASAFQAw%3D%3D",
        "place_category": "المركز التعليمي",
        "place_address": "FQ87+524، وادي الدواسر 11991",
        "place_rating": 4.6,
        "place_review_count": 4
      }
    },
    {
      "type": "Feature",
      "geometry": {
        "type": "Point",
        "coordinates": [
          49.6343744,
          25.434441
        ]
      },
      "properties": {
        "School": "مركز اتقان للرعاية النهارية",
        "Region": "المنطقة الشرقيـــة",
        "City": "محافظة الاحساء",
        "Type": "مركز شامل",
        "Gender": "اناث",
        "MaleStudents": "0",
        "FemaleStudents": "53",
        "SchoolCapacity": "132",
        "place_name": "مركز إتقان للرعاية النهارية",
        "place_url": "https://www.google.com/maps/place/%D9%85%D8%B1%D9%83%D8%B2+%D8%A5%D8%AA%D9%82%D8%A7%D9%86+%D9%84%D9%84%D8%B1%D8%B9%D8%A7%D9%8A%D8%A9+%D8%A7%D9%84%D9%86%D9%87%D8%A7%D8%B1%D9%8A%D8%A9%E2%80%AD/@25.434441,49.6369493,17z/data=!3m1!4b1!4m6!3m5!1s0x3e379595e60261d9:0x6f59d5c28214ee45!8m2!3d25.434441!4d49.6343744!16s%2Fg%2F11cn0vdj5n?entry=ttu&g_ep=EgoyMDI2MDUxMy4wIKXMDSoASAFQAw%3D%3D",
        "place_category": "مركز لرعاية الأطفال",
        "place_address": "CJMM+QPH، البطالية 36344",
        "place_rating": 3.7,
        "place_review_count": 16
      }
    },
    {
      "type": "Feature",
      "geometry": {
        "type": "Point",
        "coordinates": [
          47.0921415,
          17.4847843
        ]
      },
      "properties": {
        "School": "مركز همة شرورة للرعاية النهارية",
        "Region": "منطقة نجـــران",
        "City": "محافظة شرورة",
        "Type": "مركز شامل",
        "Gender": "اناث",
        "MaleStudents": "0",
        "FemaleStudents": "37",
        "SchoolCapacity": "200",
        "place_name": "مركز همة شرورة",
        "place_url": "https://www.google.com/maps/place/%D9%85%D8%B1%D9%83%D8%B2+%D9%87%D9%85%D8%A9+%D8%B4%D8%B1%D9%88%D8%B1%D8%A9%E2%80%AD/@17.4847843,47.0947164,17z/data=!3m1!4b1!4m6!3m5!1s0x3e07b7fc3f755785:0x63b10abd264f8eb0!8m2!3d17.4847843!4d47.0921415!16s%2Fg%2F11pd7gjl5b?entry=ttu&g_ep=EgoyMDI2MDUxMy4wIKXMDSoASAFQAw%3D%3D",
        "place_category": "خدمة رعاية الأسرة النهارية",
        "place_address": "نايف بن عبدالعزيز، مخطط ا، شرورة 68372",
        "place_rating": 4.7,
        "place_review_count": 14
      }
    },
    {
      "type": "Feature",
      "geometry": null,
      "properties": {
        "School": "مركز شعاع الأمل للرعاية النهارية- فرع العلا",
        "Region": "منطقة المدينة المنورة",
        "City": "محافظة العلا",
        "Type": "مركز شامل",
        "Gender": "اناث",
        "MaleStudents": "0",
        "FemaleStudents": "38",
        "SchoolCapacity": "116"
      }
    },
    {
      "type": "Feature",
      "geometry": {
        "type": "Point",
        "coordinates": [
          38.6450678,
          31.6630658
        ]
      },
      "properties": {
        "School": "مركزايادي نجد للرعاية النهارية (فرع طريف)",
        "Region": "منطقة الحدود الشمالية",
        "City": "محافظة طريف",
        "Type": "مركز شامل",
        "Gender": "اناث",
        "MaleStudents": "0",
        "FemaleStudents": "55",
        "SchoolCapacity": "139",
        "place_name": "مركز ايادي نجد للرعاية النهارية بنين - بنات",
        "place_url": "https://www.google.com/maps/place/%D9%85%D8%B1%D9%83%D8%B2+%D8%A7%D9%8A%D8%A7%D8%AF%D9%8A+%D9%86%D8%AC%D8%AF+%D9%84%D9%84%D8%B1%D8%B9%D8%A7%D9%8A%D8%A9+%D8%A7%D9%84%D9%86%D9%87%D8%A7%D8%B1%D9%8A%D8%A9+%D8%A8%D9%86%D9%8A%D9%86+-+%D8%A8%D9%86%D8%A7%D8%AA%E2%80%AD/@31.6630658,38.6476427,17z/data=!3m1!4b1!4m6!3m5!1s0x151161e304f7a6d1:0xd13a23ebbde2a8c8!8m2!3d31.6630658!4d38.6450678!16s%2Fg%2F11t6mlhmy5?entry=ttu&g_ep=EgoyMDI2MDUxMy4wIKXMDSoASAFQAw%3D%3D",
        "place_category": null,
        "place_address": "SCJA4569، 4569 شارع كعب بن مالك رضي الله عنه، 6162، حي الروابي،, طريف 75212",
        "place_rating": 3.0,
        "place_review_count": null
      }
    },
    {
      "type": "Feature",
      "geometry": null,
      "properties": {
        "School": "مركز عبور النعيرية للرعاية النهارية",
        "Region": "المنطقة الشرقيـــة",
        "City": "محافظة النعيرية",
        "Type": "مركز شامل",
        "Gender": "اناث",
        "MaleStudents": "0",
        "FemaleStudents": "77",
        "SchoolCapacity": "106"
      }
    },
    {
      "type": "Feature",
      "geometry": null,
      "properties": {
        "School": "مركز الرسالة للرعاية النهارية",
        "Region": "المنطقة الشرقيـــة",
        "City": "محافظة حفر الباطن",
        "Type": "مركز شامل",
        "Gender": "ذكور",
        "MaleStudents": "59",
        "FemaleStudents": "0",
        "SchoolCapacity": "66"
      }
    },
    {
      "type": "Feature",
      "geometry": {
        "type": "Point",
        "coordinates": [
          43.9168905,
          26.0906285
        ]
      },
      "properties": {
        "School": "مركز السعدي للرعاية النهارية",
        "Region": "منطقة القصيـــم",
        "City": "محافظة عنيزة",
        "Type": "مركز شامل",
        "Gender": "اناث",
        "MaleStudents": "0",
        "FemaleStudents": "131",
        "SchoolCapacity": "200",
        "place_name": "مركز السعدي للطفولة والتدخل المبكر",
        "place_url": "https://www.google.com/maps/place/%D9%85%D8%B1%D9%83%D8%B2+%D8%A7%D9%84%D8%B3%D8%B9%D8%AF%D9%8A+%D9%84%D9%84%D8%B7%D9%81%D9%88%D9%84%D8%A9+%D9%88%D8%A7%D9%84%D8%AA%D8%AF%D8%AE%D9%84+%D8%A7%D9%84%D9%85%D8%A8%D9%83%D8%B1%E2%80%AD/@26.0906285,43.9194654,17z/data=!3m1!4b1!4m6!3m5!1s0x1581f25addb95b17:0x55ca20e517ce9a32!8m2!3d26.0906285!4d43.9168905!16s%2Fg%2F11c1rfpgwn?entry=ttu&g_ep=EgoyMDI2MDUxMy4wIKXMDSoASAFQAw%3D%3D",
        "place_category": "مركز إعادة التأهيل",
        "place_address": "طريق المدينة المنورة، الحفيرة، عنيزة 56244",
        "place_rating": 3.6,
        "place_review_count": 3
      }
    },
    {
      "type": "Feature",
      "geometry": {
        "type": "Point",
        "coordinates": [
          43.93104,
          26.3634601
        ]
      },
      "properties": {
        "School": "مركز قدراتي للرعاية النهارية ( قسم الذكور فوق 12 سنة )",
        "Region": "منطقة القصيـــم",
        "City": "بريدة",
        "Type": "مركز شامل",
        "Gender": "ذكور",
        "MaleStudents": "149",
        "FemaleStudents": "0",
        "SchoolCapacity": "400",
        "place_name": "قدراتي",
        "place_url": "https://www.google.com/maps/place/%D9%82%D8%AF%D8%B1%D8%A7%D8%AA%D9%8A%E2%80%AD/@26.3634601,43.9670889,14z/data=!4m10!1m2!2m1!1z2YXYsdmD2LIg2YLYr9ix2KfYqtmKINmE2YTYsdi52KfZitipINin2YTZhtmH2KfYsdmK2KkgKCDZgtiz2YUg2KfZhNiw2YPZiNixINmB2YjZgiAxMiDYs9mG2KkgKSwg2KjYsdmK2K_YqSwg2YXZhti32YLYqSDYp9mE2YLYtdmK2YDZgNmA2YU!3m6!1s0x157f5793c7ceffdd:0x52e1eec133f8ae13!8m2!3d26.3634601!4d43.93104!15sCokB2YXYsdmD2LIg2YLYr9ix2KfYqtmKINmE2YTYsdi52KfZitipINin2YTZhtmH2KfYsdmK2KkgKCDZgtiz2YUg2KfZhNiw2YPZiNixINmB2YjZgiAxMiDYs9mG2KkgKSwg2KjYsdmK2K_YqSwg2YXZhti32YLYqSDYp9mE2YLYtdmK2YDZgNmA2YVafyJ92YXYsdmD2LIg2YLYr9ix2KfYqtmKINmE2YTYsdi52KfZitipINin2YTZhtmH2KfYsdmK2Kkg2YLYs9mFINin2YTYsNmD2YjYsSDZgdmI2YIgMTIg2LPZhtipINio2LHZitiv2Kkg2YXZhti32YLYqSDYp9mE2YLYtdmK2YWSARFjaGlsZF9jYXJlX2FnZW5jeZoBJENoZERTVWhOTUc5blMwVkpRMEZuU1VOYU5XWlhlV3BuUlJBQuABAPoBBAgAEEw!16s%2Fg%2F11b75g5wsn?entry=ttu&g_ep=EgoyMDI2MDUxMy4wIKXMDSoASAFQAw%3D%3D",
        "place_category": "مركز رعاية الطفل",
        "place_address": "العبدالله العطيشان، شارع تركي العطيشان، المنتزه الغربي، بريدة 52381",
        "place_rating": 4.6,
        "place_review_count": 4
      }
    },
    {
      "type": "Feature",
      "geometry": {
        "type": "Point",
        "coordinates": [
          39.6791197,
          24.5114654
        ]
      },
      "properties": {
        "School": "الأمير سلطان للأطفال المعاقين",
        "Region": "منطقة المدينة المنورة",
        "City": "المدينة المنورة",
        "Type": "",
        "Gender": "0",
        "MaleStudents": "0",
        "FemaleStudents": "0",
        "SchoolCapacity": "0",
        "place_name": "جمعية الأطفال ذوي الإعاقة - مركز الأمير سلطان بن عبدالعزيز",
        "place_url": "https://www.google.com/maps/place/%D8%AC%D9%85%D8%B9%D9%8A%D8%A9+%D8%A7%D9%84%D8%A3%D8%B7%D9%81%D8%A7%D9%84+%D8%B0%D9%88%D9%8A+%D8%A7%D9%84%D8%A5%D8%B9%D8%A7%D9%82%D8%A9+-+%D9%85%D8%B1%D9%83%D8%B2+%D8%A7%D9%84%D8%A3%D9%85%D9%8A%D8%B1+%D8%B3%D9%84%D8%B7%D8%A7%D9%86+%D8%A8%D9%86+%D8%B9%D8%A8%D8%AF%D8%A7%D9%84%D8%B9%D8%B2%D9%8A%D8%B2%E2%80%AD/@24.5114654,39.6816946,17z/data=!3m1!4b1!4m6!3m5!1s0x15bd96423ae0bb79:0x1fc0ecdd1f783d84!8m2!3d24.5114654!4d39.6791197!16s%2Fg%2F11bw3fdsf5?entry=ttu&g_ep=EgoyMDI2MDUxMy4wIKXMDSoASAFQAw%3D%3D",
        "place_category": "جمعية / منظمة",
        "place_address": "طريق الأمير نايف بن عبدالعزيز، الدويخلة، المدينة المنورة 42365",
        "place_rating": 4.4,
        "place_review_count": 300
      }
    },
    {
      "type": "Feature",
      "geometry": {
        "type": "Point",
        "coordinates": [
          46.6910047,
          24.6404714
        ]
      },
      "properties": {
        "School": "مركز التميز للتوحد",
        "Region": "منطقة الريـــاض",
        "City": "الرياض",
        "Type": "مركز توحد",
        "Gender": "اناث",
        "MaleStudents": "0",
        "FemaleStudents": "247",
        "SchoolCapacity": "367",
        "place_name": "مركز التميز للتوحد",
        "place_url": "https://www.google.com/maps/place/%D9%85%D8%B1%D9%83%D8%B2+%D8%A7%D9%84%D8%AA%D9%85%D9%8A%D8%B2+%D9%84%D9%84%D8%AA%D9%88%D8%AD%D8%AF%E2%80%AD/@24.6404714,46.6935796,17z/data=!3m1!4b1!4m6!3m5!1s0x3e2f054cf3fc058d:0x9ccf777b90b6f556!8m2!3d24.6404714!4d46.6910047!16s%2Fg%2F11m0tb__tr?entry=ttu&g_ep=EgoyMDI2MDUxMy4wIKXMDSoASAFQAw%3D%3D",
        "place_category": "مؤسسة غير ربحية",
        "place_address": "شارع عمرو بن العاص، عليشة، الرياض 12742",
        "place_rating": 4.3,
        "place_review_count": 372
      }
    },
    {
      "type": "Feature",
      "geometry": null,
      "properties": {
        "School": "مركز شعاع الأمل للرعاية النهارية - فرع خيبر",
        "Region": "منطقة المدينة المنورة",
        "City": "محافظة خيبر",
        "Type": "مركز شامل",
        "Gender": "اناث",
        "MaleStudents": "0",
        "FemaleStudents": "40",
        "SchoolCapacity": "150"
      }
    },
    {
      "type": "Feature",
      "geometry": null,
      "properties": {
        "School": "مركز فهد لرعاية ذوي الاحتياجات الخاصة",
        "Region": "منطقة الريـــاض",
        "City": "الرياض",
        "Type": "مركز شامل",
        "Gender": "اناث",
        "MaleStudents": "0",
        "FemaleStudents": "71",
        "SchoolCapacity": "107"
      }
    },
    {
      "type": "Feature",
      "geometry": null,
      "properties": {
        "School": "مركز بناء للرعاية النهارية",
        "Region": "منطقة عسيــر",
        "City": "محافظة رجال ألمع",
        "Type": "مركز شامل",
        "Gender": "اناث",
        "MaleStudents": "0",
        "FemaleStudents": "49",
        "SchoolCapacity": "88"
      }
    },
    {
      "type": "Feature",
      "geometry": null,
      "properties": {
        "School": "مركز تمكن الشامل لرعاية ذوي الاحتياجات الخاصة",
        "Region": "منطقة المدينة المنورة",
        "City": "المدينة المنورة",
        "Type": "مركز شامل",
        "Gender": "اناث",
        "MaleStudents": "0",
        "FemaleStudents": "279",
        "SchoolCapacity": "280"
      }
    },
    {
      "type": "Feature",
      "geometry": {
        "type": "Point",
        "coordinates": [
          42.5633202,
          16.9230266
        ]
      },
      "properties": {
        "School": "مركز عبدالله سالم سعيد بادغيش لرعاية ذوي الاحتياجات الخاصة",
        "Region": "منطقة جــازان",
        "City": "جازان",
        "Type": "مركز شامل",
        "Gender": "ذكور",
        "MaleStudents": "91",
        "FemaleStudents": "0",
        "SchoolCapacity": "215",
        "place_name": "مركز بادغيش للرعاية و التأهيل",
        "place_url": "https://www.google.com/maps/place/%D9%85%D8%B1%D9%83%D8%B2+%D8%A8%D8%A7%D8%AF%D8%BA%D9%8A%D8%B4+%D9%84%D9%84%D8%B1%D8%B9%D8%A7%D9%8A%D8%A9+%D9%88+%D8%A7%D9%84%D8%AA%D8%A3%D9%87%D9%8A%D9%84%E2%80%AD/@16.9230266,47.177578,7z/data=!4m10!1m2!2m1!1z2YXYsdmD2LIg2LnYqNiv2KfZhNmE2Ycg2LPYp9mE2YUg2LPYudmK2K8g2KjYp9iv2LrZiti0INmE2LHYudin2YrYqSDYsNmI2Yog2KfZhNin2K3YqtmK2KfYrNin2Kog2KfZhNiu2KfYtdipLCDYrNin2LLYp9mGLCDZhdmG2LfZgtipINis2YDZgNin2LLYp9mG!3m6!1s0x1607fd3d516809e7:0xa5756058bfda6d19!8m2!3d16.9230266!4d42.5633202!15sCpMB2YXYsdmD2LIg2LnYqNiv2KfZhNmE2Ycg2LPYp9mE2YUg2LPYudmK2K8g2KjYp9iv2LrZiti0INmE2LHYudin2YrYqSDYsNmI2Yog2KfZhNin2K3YqtmK2KfYrNin2Kog2KfZhNiu2KfYtdipLCDYrNin2LLYp9mGLCDZhdmG2LfZgtipINis2YDZgNin2LLYp9mGWpABIo0B2YXYsdmD2LIg2LnYqNiv2KfZhNmE2Ycg2LPYp9mE2YUg2LPYudmK2K8g2KjYp9iv2LrZiti0INmE2LHYudin2YrYqSDYsNmI2Yog2KfZhNin2K3YqtmK2KfYrNin2Kog2KfZhNiu2KfYtdipINis2KfYstin2YYg2YXZhti32YLYqSDYrNin2LLYp9mGkgEVc29jaWFsX3dlbGZhcmVfY2VudGVymgEkQ2hkRFNVaE5NRzluUzBWSlEwRm5TVVF4TTBwSFJXaDNSUkFC4AEA-gEECAAQGA!16s%2Fg%2F11rsvc4hvb?entry=ttu&g_ep=EgoyMDI2MDUxMy4wIKXMDSoASAFQAw%3D%3D",
        "place_category": "مركز رعاية اجتماعية",
        "place_address": "حي، الشاطئ، جازان 82727",
        "place_rating": 4.6,
        "place_review_count": 4
      }
    },
    {
      "type": "Feature",
      "geometry": {
        "type": "Point",
        "coordinates": [
          39.4949742,
          24.4533526
        ]
      },
      "properties": {
        "School": "مركز الكيان للرعاية النهارية",
        "Region": "منطقة المدينة المنورة",
        "City": "المدينة المنورة",
        "Type": "مركز شامل",
        "Gender": "اناث",
        "MaleStudents": "0",
        "FemaleStudents": "53",
        "SchoolCapacity": "89",
        "place_name": "مركز الكيان للرعاية النهارية",
        "place_url": "https://www.google.com/maps/place/%D9%85%D8%B1%D9%83%D8%B2+%D8%A7%D9%84%D9%83%D9%8A%D8%A7%D9%86+%D9%84%D9%84%D8%B1%D8%B9%D8%A7%D9%8A%D8%A9+%D8%A7%D9%84%D9%86%D9%87%D8%A7%D8%B1%D9%8A%D8%A9%E2%80%AD/@24.4533526,39.4975491,17z/data=!3m1!4b1!4m6!3m5!1s0x15bdc7df9cadabdf:0x9dc8cecb268dbc34!8m2!3d24.4533526!4d39.4949742!16s%2Fg%2F11qh2qs53n?entry=ttu&g_ep=EgoyMDI2MDUxMy4wIKXMDSoASAFQAw%3D%3D",
        "place_category": "المركز التعليمي",
        "place_address": "ابراهيم الحنبلي، السكة الحديد، المدينة المنورة 42378",
        "place_rating": 3.6,
        "place_review_count": 20
      }
    },
    {
      "type": "Feature",
      "geometry": null,
      "properties": {
        "School": "مركز الرعاية المتقدمة للرعاية النهارية",
        "Region": "منطقة مكة المكرمـة",
        "City": "مكة المكرمة",
        "Type": "مركز شامل",
        "Gender": "ذكور",
        "MaleStudents": "132",
        "FemaleStudents": "0",
        "SchoolCapacity": "200"
      }
    },
    {
      "type": "Feature",
      "geometry": {
        "type": "Point",
        "coordinates": [
          39.1814192,
          21.5128357
        ]
      },
      "properties": {
        "School": "مركز جده لذوي الاحتياجات الخاصه",
        "Region": "منطقة مكة المكرمـة",
        "City": "محافظة جدة",
        "Type": "مركز شامل",
        "Gender": "اناث",
        "MaleStudents": "0",
        "FemaleStudents": "50",
        "SchoolCapacity": "200",
        "place_name": "مركز جدة لذوي الاحتياجات الخاصة",
        "place_url": "https://www.google.com/maps/place/%D9%85%D8%B1%D9%83%D8%B2+%D8%AC%D8%AF%D8%A9+%D9%84%D8%B0%D9%88%D9%8A+%D8%A7%D9%84%D8%A7%D8%AD%D8%AA%D9%8A%D8%A7%D8%AC%D8%A7%D8%AA+%D8%A7%D9%84%D8%AE%D8%A7%D8%B5%D8%A9%E2%80%AD/@21.5128357,39.1839941,17z/data=!3m1!4b1!4m6!3m5!1s0x15c3cfdd483f3ee5:0x51fc1812efcbf3c7!8m2!3d21.5128357!4d39.1814192!16s%2Fg%2F11c59sd80l?entry=ttu&g_ep=EgoyMDI2MDUxMy4wIKXMDSoASAFQAw%3D%3D",
        "place_category": "مركز تدريب",
        "place_address": "امير الشعراء، الرويس، امير الشعراء ٤٧٩١، جدة 23215",
        "place_rating": 3.6,
        "place_review_count": 32
      }
    },
    {
      "type": "Feature",
      "geometry": null,
      "properties": {
        "School": "مركز خطوات التواصل",
        "Region": "منطقة الريـــاض",
        "City": "الرياض",
        "Type": "مركز شامل",
        "Gender": "اناث",
        "MaleStudents": "0",
        "FemaleStudents": "28",
        "SchoolCapacity": "72"
      }
    },
    {
      "type": "Feature",
      "geometry": {
        "type": "Point",
        "coordinates": [
          50.1940023,
          26.2161271
        ]
      },
      "properties": {
        "School": "مركز الطفل الصغير للرعاية النهارية",
        "Region": "المنطقة الشرقيـــة",
        "City": "محافظة الخبر",
        "Type": "مركز شامل",
        "Gender": "اناث",
        "MaleStudents": "0",
        "FemaleStudents": "39",
        "SchoolCapacity": "48",
        "place_name": "Little Castle kids center",
        "place_url": "https://www.google.com/maps/place/Little+Castle+kids+center/@26.2161271,50.4823934,11z/data=!4m10!1m2!2m1!1z2YXYsdmD2LIg2KfZhNi32YHZhCDYp9mE2LXYutmK2LEg2YTZhNix2LnYp9mK2Kkg2KfZhNmG2YfYp9ix2YrYqSwg2YXYrdin2YHYuNipINin2YTYrtio2LEsINin2YTZhdmG2LfZgtipINin2YTYtNix2YLZitmA2YDZgNip!3m6!1s0x3e49c39c2a000c55:0x4cf32964309feb93!8m2!3d26.2161271!4d50.1940023!15sCn7Zhdix2YPYsiDYp9mE2LfZgdmEINin2YTYtdi62YrYsSDZhNmE2LHYudin2YrYqSDYp9mE2YbZh9in2LHZitipLCDZhdit2KfZgdi42Kkg2KfZhNiu2KjYsSwg2KfZhNmF2YbYt9mC2Kkg2KfZhNi02LHZgtmK2YDZgNmA2KlaeCJ22YXYsdmD2LIg2KfZhNi32YHZhCDYp9mE2LXYutmK2LEg2YTZhNix2LnYp9mK2Kkg2KfZhNmG2YfYp9ix2YrYqSDZhdit2KfZgdi42Kkg2KfZhNiu2KjYsSDYp9mE2YXZhti32YLYqSDYp9mE2LTYsdmC2YrYqZIBDGtpbmRlcmdhcnRlbpoBJENoZERTVWhOTUc5blMwVkpRMEZuU1VRdE16Z3lURzluUlJBQuABAPoBBAgAEEs!16s%2Fg%2F11t34q0s9c?entry=ttu&g_ep=EgoyMDI2MDUxMy4wIKXMDSoASAFQAw%3D%3D",
        "place_category": "حضانة أطفال",
        "place_address": "حي, عبدالله بن ذهلان، الخزامى، الخبر 34718",
        "place_rating": 4.7,
        "place_review_count": 4
      }
    },
    {
      "type": "Feature",
      "geometry": {
        "type": "Point",
        "coordinates": [
          44.2257165,
          17.5682726
        ]
      },
      "properties": {
        "School": "مركز مهارات المستقبل للرعاية النهارية",
        "Region": "منطقة نجـــران",
        "City": "نجران",
        "Type": "مركز شامل",
        "Gender": "اناث",
        "MaleStudents": "0",
        "FemaleStudents": "88",
        "SchoolCapacity": "200",
        "place_name": "مركز مهارات المستقبل للرعاية النهارية",
        "place_url": "https://www.google.com/maps/place/%D9%85%D8%B1%D9%83%D8%B2+%D9%85%D9%87%D8%A7%D8%B1%D8%A7%D8%AA+%D8%A7%D9%84%D9%85%D8%B3%D8%AA%D9%82%D8%A8%D9%84+%D9%84%D9%84%D8%B1%D8%B9%D8%A7%D9%8A%D8%A9+%D8%A7%D9%84%D9%86%D9%87%D8%A7%D8%B1%D9%8A%D8%A9%E2%80%AD/@17.5682726,44.2282914,17z/data=!3m1!4b1!4m6!3m5!1s0x15fec326f0eb2d97:0x639710e2a81e2e98!8m2!3d17.5682726!4d44.2257165!16s%2Fg%2F11fn4b2t3b?entry=ttu&g_ep=EgoyMDI2MDUxMy4wIKXMDSoASAFQAw%3D%3D",
        "place_category": "مركز لرعاية الأطفال",
        "place_address": "7384، نجران 66252 4934،",
        "place_rating": 4.1,
        "place_review_count": 19
      }
    },
    {
      "type": "Feature",
      "geometry": {
        "type": "Point",
        "coordinates": [
          42.5629211,
          16.8849391
        ]
      },
      "properties": {
        "School": "مركز أفياء للرعاية النهارية",
        "Region": "منطقة جــازان",
        "City": "جازان",
        "Type": "مركز شامل",
        "Gender": "اناث",
        "MaleStudents": "0",
        "FemaleStudents": "33",
        "SchoolCapacity": "57",
        "place_name": "مركز أفياء للرعاية النهارية",
        "place_url": "https://www.google.com/maps/place/%D9%85%D8%B1%D9%83%D8%B2+%D8%A3%D9%81%D9%8A%D8%A7%D8%A1+%D9%84%D9%84%D8%B1%D8%B9%D8%A7%D9%8A%D8%A9+%D8%A7%D9%84%D9%86%D9%87%D8%A7%D8%B1%D9%8A%D8%A9%E2%80%AD/@16.886087,42.5813324,15z/data=!4m10!1m2!2m1!1z2YXYsdmD2LIg2KPZgdmK2KfYoSDZhNmE2LHYudin2YrYqSDYp9mE2YbZh9in2LHZitipLCDYrNin2LLYp9mGLCDZhdmG2LfZgtipINis2YDZgNin2LLYp9mG!3m6!1s0x1607e2908f43706f:0x95651fbd569560a7!8m2!3d16.8849391!4d42.5629211!15sClrZhdix2YPYsiDYo9mB2YrYp9ihINmE2YTYsdi52KfZitipINin2YTZhtmH2KfYsdmK2KksINis2KfYstin2YYsINmF2YbYt9mC2Kkg2KzZgNmA2KfYstin2YaSAQ9kYXlfY2FyZV9jZW50ZXLgAQA!16s%2Fg%2F11c6fgzkn8?entry=ttu&g_ep=EgoyMDI2MDUxMy4wIKXMDSoASAFQAw%3D%3D",
        "place_category": "مركز لرعاية الأطفال",
        "place_address": "VHM7+X5F، الصفا، جازان 82721",
        "place_rating": 2.6,
        "place_review_count": 2
      }
    },
    {
      "type": "Feature",
      "geometry": {
        "type": "Point",
        "coordinates": [
          39.1319148,
          21.6430267
        ]
      },
      "properties": {
        "School": "مركز الناشئ الصغير للرعاية النهارية",
        "Region": "منطقة مكة المكرمـة",
        "City": "محافظة جدة",
        "Type": "مركز شامل",
        "Gender": "اناث",
        "MaleStudents": "0",
        "FemaleStudents": "73",
        "SchoolCapacity": "146",
        "place_name": "مركز الناشئ الصغير",
        "place_url": "https://www.google.com/maps/place/%D9%85%D8%B1%D9%83%D8%B2+%D8%A7%D9%84%D9%86%D8%A7%D8%B4%D8%A6+%D8%A7%D9%84%D8%B5%D8%BA%D9%8A%D8%B1%E2%80%AD/@21.6430267,39.1344897,17z/data=!3m1!4b1!4m6!3m5!1s0x15c3d9d3d408b3f9:0x10fddfb7197e1300!8m2!3d21.6430267!4d39.1319148!16s%2Fg%2F11gz8gcjg9?entry=ttu&g_ep=EgoyMDI2MDUxMy4wIKXMDSoASAFQAw%3D%3D",
        "place_category": "مؤسسة تعليمية",
        "place_address": "8242 حى 2628, المحمدية، جدة 23623",
        "place_rating": 4.6,
        "place_review_count": 121
      }
    },
    {
      "type": "Feature",
      "geometry": null,
      "properties": {
        "School": "مركز السيح للرعاية النهارية - فرع - 1",
        "Region": "منطقة الريـــاض",
        "City": "محافظة الخرج",
        "Type": "مركز شامل",
        "Gender": "ذكور",
        "MaleStudents": "35",
        "FemaleStudents": "0",
        "SchoolCapacity": "84"
      }
    },
    {
      "type": "Feature",
      "geometry": {
        "type": "Point",
        "coordinates": [
          39.5820476,
          24.4931659
        ]
      },
      "properties": {
        "School": " مركز شعاع الأمل للرعاية النهارية - فرع الذكور",
        "Region": "منطقة المدينة المنورة",
        "City": "المدينة المنورة",
        "Type": "مركز شامل",
        "Gender": "ذكور",
        "MaleStudents": "163",
        "FemaleStudents": "0",
        "SchoolCapacity": "166",
        "place_name": "مركز شعاع الأمل",
        "place_url": "https://www.google.com/maps/place/%D9%85%D8%B1%D9%83%D8%B2+%D8%B4%D8%B9%D8%A7%D8%B9+%D8%A7%D9%84%D8%A3%D9%85%D9%84%E2%80%AD/@24.5030808,39.7034858,12z/data=!4m10!1m2!2m1!1z2YXYsdmD2LIg2LTYudin2Lkg2KfZhNij2YXZhCDZhNmE2LHYudin2YrYqSDYp9mE2YbZh9in2LHZitipIC0g2YHYsdi5INin2YTYsNmD2YjYsSwg2KfZhNmF2K_ZitmG2Kkg2KfZhNmF2YbZiNix2KksINmF2YbYt9mC2Kkg2KfZhNmF2K_ZitmG2Kkg2KfZhNmF2YbZiNix2Kk!3m6!1s0x15bdbf2798c9ec05:0x23b9d6be5742934e!8m2!3d24.4931659!4d39.5820476!15sCpsB2YXYsdmD2LIg2LTYudin2Lkg2KfZhNij2YXZhCDZhNmE2LHYudin2YrYqSDYp9mE2YbZh9in2LHZitipIC0g2YHYsdi5INin2YTYsNmD2YjYsSwg2KfZhNmF2K_ZitmG2Kkg2KfZhNmF2YbZiNix2KksINmF2YbYt9mC2Kkg2KfZhNmF2K_ZitmG2Kkg2KfZhNmF2YbZiNix2KlamgEilwHZhdix2YPYsiDYtNi52KfYuSDYp9mE2KPZhdmEINmE2YTYsdi52KfZitipINin2YTZhtmH2KfYsdmK2Kkg2YHYsdi5INin2YTYsNmD2YjYsSDYp9mE2YXYr9mK2YbYqSDYp9mE2YXZhtmI2LHYqSDZhdmG2LfZgtipINin2YTZhdiv2YrZhtipINin2YTZhdmG2YjYsdipkgEQZWR1Y2F0aW9uX2NlbnRlcpoBJENoZERTVWhOTUc5blMwVkpRMEZuU1VOc2MwOUhXblZuUlJBQuABAPoBBAgAED4!16s%2Fg%2F11tdp0xb54?entry=ttu&g_ep=EgoyMDI2MDUxMy4wIKXMDSoASAFQAw%3D%3D",
        "place_category": "المركز التعليمي",
        "place_address": "طريق سلطانة، بئر عثمان، المدينة المنورة 42331",
        "place_rating": 4.9,
        "place_review_count": 4
      }
    },
    {
      "type": "Feature",
      "geometry": null,
      "properties": {
        "School": "مركز شذى للرعاية النهارية",
        "Region": "المنطقة الشرقيـــة",
        "City": "محافظة الاحساء",
        "Type": "",
        "Gender": "اناث",
        "MaleStudents": "0",
        "FemaleStudents": "0",
        "SchoolCapacity": "0"
      }
    },
    {
      "type": "Feature",
      "geometry": {
        "type": "Point",
        "coordinates": [
          43.9201285,
          26.0904708
        ]
      },
      "properties": {
        "School": "مركز علي عبدالله الجفالي للرعاية النهارية",
        "Region": "منطقة القصيـــم",
        "City": "محافظة عنيزة",
        "Type": "مركز شامل",
        "Gender": "ذكور",
        "MaleStudents": "126",
        "FemaleStudents": "0",
        "SchoolCapacity": "200",
        "place_name": "مجمع الجفالي للرعاية والتأهيل",
        "place_url": "https://www.google.com/maps/place/%D9%85%D8%AC%D9%85%D8%B9+%D8%A7%D9%84%D8%AC%D9%81%D8%A7%D9%84%D9%8A+%D9%84%D9%84%D8%B1%D8%B9%D8%A7%D9%8A%D8%A9+%D9%88%D8%A7%D9%84%D8%AA%D8%A3%D9%87%D9%8A%D9%84%E2%80%AD/@26.0904708,43.9227034,17z/data=!3m1!4b1!4m6!3m5!1s0x1581f2435149efe7:0xb72b826d13c6b0ca!8m2!3d26.0904708!4d43.9201285!16s%2Fg%2F11gz71rhr?entry=ttu&g_ep=EgoyMDI2MDUxMy4wIKXMDSoASAFQAw%3D%3D",
        "place_category": "مركز إعادة التأهيل",
        "place_address": "414, العونية، عنيزة - طريق البدائع 56244",
        "place_rating": 3.4,
        "place_review_count": 95
      }
    },
    {
      "type": "Feature",
      "geometry": null,
      "properties": {
        "School": "مركز علي عبدالله الجفالي للرعاية النهارية",
        "Region": "منطقة القصيـــم",
        "City": "محافظة عنيزة",
        "Type": "مركز شامل",
        "Gender": "اناث",
        "MaleStudents": "0",
        "FemaleStudents": "195",
        "SchoolCapacity": "200"
      }
    },
    {
      "type": "Feature",
      "geometry": {
        "type": "Point",
        "coordinates": [
          50.0133996,
          26.5632658
        ]
      },
      "properties": {
        "School": "مركز تواصل للرعاية النهارية",
        "Region": "المنطقة الشرقيـــة",
        "City": "محافظة القطيف",
        "Type": "مركز شامل",
        "Gender": "اناث",
        "MaleStudents": "0",
        "FemaleStudents": "65",
        "SchoolCapacity": "67",
        "place_name": "مركز تواصل للرعاية النهارية",
        "place_url": "https://www.google.com/maps/place/%D9%85%D8%B1%D9%83%D8%B2+%D8%AA%D9%88%D8%A7%D8%B5%D9%84+%D9%84%D9%84%D8%B1%D8%B9%D8%A7%D9%8A%D8%A9+%D8%A7%D9%84%D9%86%D9%87%D8%A7%D8%B1%D9%8A%D8%A9%E2%80%AD/@26.5632658,50.0159745,17z/data=!3m1!4b1!4m6!3m5!1s0x3e35ff78b2951a73:0xbb5e0851f5c4486e!8m2!3d26.5632658!4d50.0133996!16s%2Fg%2F11f4pnsphx?entry=ttu&g_ep=EgoyMDI2MDUxMy4wIKXMDSoASAFQAw%3D%3D",
        "place_category": "طبيب",
        "place_address": "7907 شارع بديل بن كلثوم، الخزامى، 3699، القطيف 32633",
        "place_rating": 5.0,
        "place_review_count": 4
      }
    },
    {
      "type": "Feature",
      "geometry": {
        "type": "Point",
        "coordinates": [
          37.3545469,
          31.3255875
        ]
      },
      "properties": {
        "School": "مركز الوفاء لذوي الاحتياجات الخاصة",
        "Region": "منطقة الجـــوف",
        "City": "محافظة القريات",
        "Type": "مركز شامل",
        "Gender": "اناث",
        "MaleStudents": "0",
        "FemaleStudents": "48",
        "SchoolCapacity": "70",
        "place_name": "مركز الوفاء لذوي الاحتياجات الخاصة",
        "place_url": "https://www.google.com/maps/place/%D9%85%D8%B1%D9%83%D8%B2+%D8%A7%D9%84%D9%88%D9%81%D8%A7%D8%A1+%D9%84%D8%B0%D9%88%D9%8A+%D8%A7%D9%84%D8%A7%D8%AD%D8%AA%D9%8A%D8%A7%D8%AC%D8%A7%D8%AA+%D8%A7%D9%84%D8%AE%D8%A7%D8%B5%D8%A9%E2%80%AD/@31.3255875,37.3571218,17z/data=!3m1!4b1!4m6!3m5!1s0x15100721e16ec9f3:0x514fcdccbaaa05c!8m2!3d31.3255875!4d37.3545469!16s%2Fg%2F11gmfydtml?entry=ttu&g_ep=EgoyMDI2MDUxMy4wIKXMDSoASAFQAw%3D%3D",
        "place_category": "مدرسة تعليم خاص",
        "place_address": "89G3+6RM، الحميدية، القريات 77453",
        "place_rating": 4.4,
        "place_review_count": 4
      }
    },
    {
      "type": "Feature",
      "geometry": null,
      "properties": {
        "School": "مركز السادة للرعاية النهارية",
        "Region": "منطقة القصيـــم",
        "City": "بريدة",
        "Type": "مركز شامل",
        "Gender": "اناث",
        "MaleStudents": "0",
        "FemaleStudents": "80",
        "SchoolCapacity": "148"
      }
    },
    {
      "type": "Feature",
      "geometry": null,
      "properties": {
        "School": "مركز دار نورة للرعاية النهارية",
        "Region": "منطقة مكة المكرمـة",
        "City": "محافظة جدة",
        "Type": "مركز شامل",
        "Gender": "اناث",
        "MaleStudents": "0",
        "FemaleStudents": "64",
        "SchoolCapacity": "64"
      }
    },
    {
      "type": "Feature",
      "geometry": {
        "type": "Point",
        "coordinates": [
          46.6224467,
          24.785248
        ]
      },
      "properties": {
        "School": "مركز دار الألفه للتدريب والتأهيل",
        "Region": "منطقة الريـــاض",
        "City": "الرياض",
        "Type": "مركز شامل",
        "Gender": "اناث",
        "MaleStudents": "0",
        "FemaleStudents": "2",
        "SchoolCapacity": "116",
        "place_name": "مركز دار الألفة للرعاية النهارية",
        "place_url": "https://www.google.com/maps/place/%D9%85%D8%B1%D9%83%D8%B2+%D8%AF%D8%A7%D8%B1+%D8%A7%D9%84%D8%A3%D9%84%D9%81%D8%A9+%D9%84%D9%84%D8%B1%D8%B9%D8%A7%D9%8A%D8%A9+%D8%A7%D9%84%D9%86%D9%87%D8%A7%D8%B1%D9%8A%D8%A9%E2%80%AD/@24.785248,46.6250216,17z/data=!3m1!4b1!4m6!3m5!1s0x3e2ee399d4726c21:0xf88b720ad5137c6f!8m2!3d24.785248!4d46.6224467!16s%2Fg%2F11cmhcyjq4?entry=ttu&g_ep=EgoyMDI2MDUxMy4wIKXMDSoASAFQAw%3D%3D",
        "place_category": "مركز لرعاية الأطفال",
        "place_address": "7706 عبدالله بن شهوين، 2990، العقيق, 2990، الرياض 13515",
        "place_rating": 3.8,
        "place_review_count": 57
      }
    },
    {
      "type": "Feature",
      "geometry": {
        "type": "Point",
        "coordinates": [
          49.5922294,
          25.430782
        ]
      },
      "properties": {
        "School": "مركز الشرق الأوسط للرعاية النهارية - فرع (3)",
        "Region": "المنطقة الشرقيـــة",
        "City": "محافظة الاحساء",
        "Type": "مركز شامل",
        "Gender": "اناث",
        "MaleStudents": "0",
        "FemaleStudents": "99",
        "SchoolCapacity": "400",
        "place_name": "مركز الشرق الأوسط للرعاية النهارية",
        "place_url": "https://www.google.com/maps/place/%D9%85%D8%B1%D9%83%D8%B2+%D8%A7%D9%84%D8%B4%D8%B1%D9%82+%D8%A7%D9%84%D8%A3%D9%88%D8%B3%D8%B7+%D9%84%D9%84%D8%B1%D8%B9%D8%A7%D9%8A%D8%A9+%D8%A7%D9%84%D9%86%D9%87%D8%A7%D8%B1%D9%8A%D8%A9%E2%80%AD/@25.430782,49.6643272,13z/data=!4m10!1m2!2m1!1z2YXYsdmD2LIg2KfZhNi02LHZgiDYp9mE2KPZiNiz2Lcg2YTZhNix2LnYp9mK2Kkg2KfZhNmG2YfYp9ix2YrYqSAtINmB2LHYuSAoMyksINmF2K3Yp9mB2LjYqSDYp9mE2KfYrdiz2KfYoSwg2KfZhNmF2YbYt9mC2Kkg2KfZhNi02LHZgtmK2YDZgNmA2Kk!3m6!1s0x3e379619b7028131:0x3b145b72e29e9309!8m2!3d25.430782!4d49.5922294!15sCo8B2YXYsdmD2LIg2KfZhNi02LHZgiDYp9mE2KPZiNiz2Lcg2YTZhNix2LnYp9mK2Kkg2KfZhNmG2YfYp9ix2YrYqSAtINmB2LHYuSAoMyksINmF2K3Yp9mB2LjYqSDYp9mE2KfYrdiz2KfYoSwg2KfZhNmF2YbYt9mC2Kkg2KfZhNi02LHZgtmK2YDZgNmA2KlahgEigwHZhdix2YPYsiDYp9mE2LTYsdmCINin2YTYo9mI2LPYtyDZhNmE2LHYudin2YrYqSDYp9mE2YbZh9in2LHZitipINmB2LHYuSAzINmF2K3Yp9mB2LjYqSDYp9mE2KfYrdiz2KfYoSDYp9mE2YXZhti32YLYqSDYp9mE2LTYsdmC2YrYqZIBEGVkdWNhdGlvbl9jZW50ZXKaAURDaTlEUVVsUlFVTnZaRU5vZEhsalJqbHZUMjVrYTFwVVNsQlBTR2d3WlVWU1NsWXliRk5PZWtwVlZrVndVRlJWUlJBQuABAPoBBAgAEDM!16s%2Fg%2F11c1tbdf_g?entry=ttu&g_ep=EgoyMDI2MDUxMy4wIKXMDSoASAFQAw%3D%3D",
        "place_category": "المركز التعليمي",
        "place_address": "7187 طريق الأمير طلال، حي الراشدية، المبرز 36342",
        "place_rating": 4.8,
        "place_review_count": 4
      }
    },
    {
      "type": "Feature",
      "geometry": {
        "type": "Point",
        "coordinates": [
          50.0413722,
          26.406932
        ]
      },
      "properties": {
        "School": "مركز القمة التخصصي للرعاية النهارية",
        "Region": "المنطقة الشرقيـــة",
        "City": "الدمام",
        "Type": "مركز شامل",
        "Gender": "اناث",
        "MaleStudents": "0",
        "FemaleStudents": "59",
        "SchoolCapacity": "117",
        "place_name": "مركز القمة التخصصي للرعاية النهاريه",
        "place_url": "https://www.google.com/maps/place/%D9%85%D8%B1%D9%83%D8%B2+%D8%A7%D9%84%D9%82%D9%85%D8%A9+%D8%A7%D9%84%D8%AA%D8%AE%D8%B5%D8%B5%D9%8A+%D9%84%D9%84%D8%B1%D8%B9%D8%A7%D9%8A%D8%A9+%D8%A7%D9%84%D9%86%D9%87%D8%A7%D8%B1%D9%8A%D9%87%E2%80%AD/@26.406932,50.0439471,17z/data=!3m1!4b1!4m6!3m5!1s0x3e49fdb2da159c33:0xba9ea510d31f8961!8m2!3d26.406932!4d50.0413722!16s%2Fg%2F11v6fkwxlf?entry=ttu&g_ep=EgoyMDI2MDUxMy4wIKXMDSoASAFQAw%3D%3D",
        "place_category": "المركز التعليمي",
        "place_address": "شارع الإمام الترمذي، أحد، الدمام 32263",
        "place_rating": 4.3,
        "place_review_count": 50
      }
    },
    {
      "type": "Feature",
      "geometry": {
        "type": "Point",
        "coordinates": [
          39.6534941,
          24.4126982
        ]
      },
      "properties": {
        "School": "غادة المدينة للرعاية النهارية  فرع 2",
        "Region": "منطقة المدينة المنورة",
        "City": "المدينة المنورة",
        "Type": "مركز شامل",
        "Gender": "ذكور",
        "MaleStudents": "54",
        "FemaleStudents": "0",
        "SchoolCapacity": "68",
        "place_name": "مركز غادة المدينة للرعاية النهارية ✨",
        "place_url": "https://www.google.com/maps/place/%D9%85%D8%B1%D9%83%D8%B2+%D8%BA%D8%A7%D8%AF%D8%A9+%D8%A7%D9%84%D9%85%D8%AF%D9%8A%D9%86%D8%A9+%D9%84%D9%84%D8%B1%D8%B9%D8%A7%D9%8A%D8%A9+%D8%A7%D9%84%D9%86%D9%87%D8%A7%D8%B1%D9%8A%D8%A9+%E2%9C%A8%E2%80%AD/@24.4126982,39.656069,17z/data=!3m1!4b1!4m6!3m5!1s0x15bdeb96022e53c9:0x65b188d524c121c3!8m2!3d24.4126982!4d39.6534941!16s%2Fg%2F11j0jj1nxk?entry=ttu&g_ep=EgoyMDI2MDUxMy4wIKXMDSoASAFQAw%3D%3D",
        "place_category": "مركز لرعاية الأطفال",
        "place_address": "الروابي، المدينة المنورة 42382",
        "place_rating": 4.4,
        "place_review_count": 4
      }
    },
    {
      "type": "Feature",
      "geometry": {
        "type": "Point",
        "coordinates": [
          45.3890515,
          25.8988865
        ]
      },
      "properties": {
        "School": "مركز عبور للرعاية النهارية - فرع المجمعة",
        "Region": "منطقة الريـــاض",
        "City": "محافظة المجمعة",
        "Type": "مركز شامل",
        "Gender": "اناث",
        "MaleStudents": "0",
        "FemaleStudents": "121",
        "SchoolCapacity": "200",
        "place_name": "مركز عبور للرعاية النهارية فرع المجمعة",
        "place_url": "https://www.google.com/maps/place/%D9%85%D8%B1%D9%83%D8%B2+%D8%B9%D8%A8%D9%88%D8%B1+%D9%84%D9%84%D8%B1%D8%B9%D8%A7%D9%8A%D8%A9+%D8%A7%D9%84%D9%86%D9%87%D8%A7%D8%B1%D9%8A%D8%A9+%D9%81%D8%B1%D8%B9+%D8%A7%D9%84%D9%85%D8%AC%D9%85%D8%B9%D8%A9%E2%80%AD/@25.8988865,45.3916264,17z/data=!3m1!4b1!4m6!3m5!1s0x3e2ac51953b3e579:0x2f5861ca5292744a!8m2!3d25.8988865!4d45.3890515!16s%2Fg%2F11z0yl41pz?entry=ttu&g_ep=EgoyMDI2MDUxMy4wIKXMDSoASAFQAw%3D%3D",
        "place_category": "مركز رعاية نهارية للكبار",
        "place_address": "6106 شارع الأمير ثنيان بن سعود، الملك عبدالله، المجمعة 15365",
        "place_rating": 5.0,
        "place_review_count": null
      }
    },
    {
      "type": "Feature",
      "geometry": {
        "type": "Point",
        "coordinates": [
          41.6931353,
          27.5138756
        ]
      },
      "properties": {
        "School": "مركز تمكين الرابع للرعاية النهارية",
        "Region": "منطقة حائــــل",
        "City": "حائل",
        "Type": "مركز شامل",
        "Gender": "اناث",
        "MaleStudents": "0",
        "FemaleStudents": "69",
        "SchoolCapacity": "73",
        "place_name": "مركز التمكين الشامل للرعاية النهارية حائل",
        "place_url": "https://www.google.com/maps/place/%D9%85%D8%B1%D9%83%D8%B2+%D8%A7%D9%84%D8%AA%D9%85%D9%83%D9%8A%D9%86+%D8%A7%D9%84%D8%B4%D8%A7%D9%85%D9%84+%D9%84%D9%84%D8%B1%D8%B9%D8%A7%D9%8A%D8%A9+%D8%A7%D9%84%D9%86%D9%87%D8%A7%D8%B1%D9%8A%D8%A9+%D8%AD%D8%A7%D8%A6%D9%84%E2%80%AD/@27.5138756,41.7111597,15z/data=!4m10!1m2!2m1!1z2YXYsdmD2LIg2KrZhdmD2YrZhiDYp9mE2LHYp9io2Lkg2YTZhNix2LnYp9mK2Kkg2KfZhNmG2YfYp9ix2YrYqSwg2K3Yp9im2YQsINmF2YbYt9mC2Kkg2K3Yp9im2YDZgNmA2YDZhA!3m6!1s0x157647a9b6022d77:0xc89e79a1a65dacd!8m2!3d27.5138756!4d41.6931353!15sCmfZhdix2YPYsiDYqtmF2YPZitmGINin2YTYsdin2KjYuSDZhNmE2LHYudin2YrYqSDYp9mE2YbZh9in2LHZitipLCDYrdin2KbZhCwg2YXZhti32YLYqSDYrdin2KbZgNmA2YDZgNmEWl8iXdmF2LHZg9iyINiq2YXZg9mK2YYg2KfZhNix2KfYqNi5INmE2YTYsdi52KfZitipINin2YTZhtmH2KfYsdmK2Kkg2K3Yp9im2YQg2YXZhti32YLYqSDYrdin2KbZhJIBEGVkdWNhdGlvbl9jZW50ZXKaAURDaTlEUVVsUlFVTnZaRU5vZEhsalJqbHZUMnRPVmxOVlpFMVpWazVUVWtaQ01Gb3dPVTFsVmxKeFpGaEdORTFyUlJBQuABAPoBBQiXARBI!16s%2Fg%2F11ypgbjlx7?entry=ttu&g_ep=EgoyMDI2MDUxMy4wIKXMDSoASAFQAw%3D%3D",
        "place_category": "المركز التعليمي",
        "place_address": "ابن خلدون، المحطة، حائل 55421",
        "place_rating": 5.0,
        "place_review_count": 5
      }
    },
    {
      "type": "Feature",
      "geometry": {
        "type": "Point",
        "coordinates": [
          39.8814375,
          21.3669375
        ]
      },
      "properties": {
        "School": "مركز مستقبل الرواد للرعاية النهارية",
        "Region": "منطقة مكة المكرمـة",
        "City": "مكة المكرمة",
        "Type": "مركز شامل",
        "Gender": "اناث",
        "MaleStudents": "0",
        "FemaleStudents": "151",
        "SchoolCapacity": "200",
        "place_name": "مركز مستقبل الرواد للرعاية النهارية",
        "place_url": "https://www.google.com/maps/place/%D9%85%D8%B1%D9%83%D8%B2+%D9%85%D8%B3%D8%AA%D9%82%D8%A8%D9%84+%D8%A7%D9%84%D8%B1%D9%88%D8%A7%D8%AF+%D9%84%D9%84%D8%B1%D8%B9%D8%A7%D9%8A%D8%A9+%D8%A7%D9%84%D9%86%D9%87%D8%A7%D8%B1%D9%8A%D8%A9%E2%80%AD/@21.324881,39.7049856,11z/data=!4m6!3m5!1s0x15c20613ca3b7123:0x13f05b9bc028cc9f!8m2!3d21.3669375!4d39.8814375!16s%2Fg%2F11dxc20y82?entry=ttu&g_ep=EgoyMDI2MDUxMy4wIKXMDSoASAFQAw%3D%3D",
        "place_category": "مدرسة تعليم خاص",
        "place_address": "9V8J+QH7، العباس بن عبدالمطلب، النسيم، مكة 24245",
        "place_rating": 4.1,
        "place_review_count": 4
      }
    },
    {
      "type": "Feature",
      "geometry": {
        "type": "Point",
        "coordinates": [
          40.9987584,
          30.9857597
        ]
      },
      "properties": {
        "School": "مركز أيادي نجد للرعاية النهارية - عرعر",
        "Region": "منطقة الحدود الشمالية",
        "City": "عرعر",
        "Type": "مركز شامل",
        "Gender": "اناث",
        "MaleStudents": "0",
        "FemaleStudents": "52",
        "SchoolCapacity": "75",
        "place_name": "مركز ايادي نجد للرعاية النهارية بنين - بنات",
        "place_url": "https://www.google.com/maps/place/%D9%85%D8%B1%D9%83%D8%B2+%D8%A7%D9%8A%D8%A7%D8%AF%D9%8A+%D9%86%D8%AC%D8%AF+%D9%84%D9%84%D8%B1%D8%B9%D8%A7%D9%8A%D8%A9+%D8%A7%D9%84%D9%86%D9%87%D8%A7%D8%B1%D9%8A%D8%A9+%D8%A8%D9%86%D9%8A%D9%86+-+%D8%A8%D9%86%D8%A7%D8%AA%E2%80%AD/@30.9850265,41.0038207,17z/data=!4m10!1m2!2m1!1z2YXYsdmD2LIg2KPZitin2K_ZiiDZhtis2K8g2YTZhNix2LnYp9mK2Kkg2KfZhNmG2YfYp9ix2YrYqSAtINi52LHYudixLCDYudix2LnYsSwg2YXZhti32YLYqSDYp9mE2K3Yr9mI2K8g2KfZhNi02YXYp9mE2YrYqQ!3m6!1s0x156c0df492e23a17:0x280b03fedb7ccaaf!8m2!3d30.9857597!4d40.9987584!15sCnnZhdix2YPYsiDYo9mK2KfYr9mKINmG2KzYryDZhNmE2LHYudin2YrYqSDYp9mE2YbZh9in2LHZitipIC0g2LnYsdi52LEsINi52LHYudixLCDZhdmG2LfZgtipINin2YTYrdiv2YjYryDYp9mE2LTZhdin2YTZitipkgEsZGlzYWJpbGl0eV9zZXJ2aWNlc19hbmRfc3VwcG9ydF9vcmdhbml6YXRpb27gAQA!16s%2Fg%2F11t649ds_d?entry=ttu&g_ep=EgoyMDI2MDUxMy4wIKXMDSoASAFQAw%3D%3D",
        "place_category": "منظمة خدمات ودعم الإعاقة",
        "place_address": "7667 عبدالرحمن بن عبدالعزيز، المطار, 4593، عرعر 73312",
        "place_rating": 4.0,
        "place_review_count": 4
      }
    },
    {
      "type": "Feature",
      "geometry": {
        "type": "Point",
        "coordinates": [
          41.4732794,
          20.0263209
        ]
      },
      "properties": {
        "School": "مركز تعاطف للرعاية النهارية",
        "Region": "منطقة الباحــة",
        "City": "الباحة",
        "Type": "مركز شامل",
        "Gender": "اناث",
        "MaleStudents": "0",
        "FemaleStudents": "48",
        "SchoolCapacity": "149",
        "place_name": "مركز تعاطف للرعاية النهارية",
        "place_url": "https://www.google.com/maps/place/%D9%85%D8%B1%D9%83%D8%B2+%D8%AA%D8%B9%D8%A7%D8%B7%D9%81+%D9%84%D9%84%D8%B1%D8%B9%D8%A7%D9%8A%D8%A9+%D8%A7%D9%84%D9%86%D9%87%D8%A7%D8%B1%D9%8A%D8%A9%E2%80%AD/@20.0263209,41.4758543,17z/data=!3m1!4b1!4m6!3m5!1s0x15ef45d72e791091:0xdcbd4cc04f09b348!8m2!3d20.0263209!4d41.4732794!16s%2Fg%2F11cnc1t57l?entry=ttu&g_ep=EgoyMDI2MDUxMy4wIKXMDSoASAFQAw%3D%3D",
        "place_category": "مركز رعاية اجتماعية",
        "place_address": "6095 4772 الباحة Saudi Arabia 65721",
        "place_rating": 4.2,
        "place_review_count": 55
      }
    },
    {
      "type": "Feature",
      "geometry": null,
      "properties": {
        "School": "مركز مهارات التفوق للرعاية النهارية",
        "Region": "منطقة مكة المكرمـة",
        "City": "محافظة جدة",
        "Type": "مركز شامل",
        "Gender": "اناث",
        "MaleStudents": "0",
        "FemaleStudents": "83",
        "SchoolCapacity": "166"
      }
    },
    {
      "type": "Feature",
      "geometry": {
        "type": "Point",
        "coordinates": [
          50.1851346,
          26.2955613
        ]
      },
      "properties": {
        "School": "مركز دراية الحديث لرعاية ذوي الاحتياجات الخاصة",
        "Region": "المنطقة الشرقيـــة",
        "City": "محافظة الخبر",
        "Type": "مركز شامل",
        "Gender": "اناث",
        "MaleStudents": "0",
        "FemaleStudents": "33",
        "SchoolCapacity": "71",
        "place_name": "مركز دراية الحديث",
        "place_url": "https://www.google.com/maps/place/%D9%85%D8%B1%D9%83%D8%B2+%D8%AF%D8%B1%D8%A7%D9%8A%D8%A9+%D8%A7%D9%84%D8%AD%D8%AF%D9%8A%D8%AB%E2%80%AD/@26.2955613,50.1877095,17z/data=!3m1!4b1!4m6!3m5!1s0x3e49e878478882b1:0xda0f4b2f6980f902!8m2!3d26.2955613!4d50.1851346!16s%2Fg%2F11dylw9fzl?entry=ttu&g_ep=EgoyMDI2MDUxMy4wIKXMDSoASAFQAw%3D%3D",
        "place_category": "مركز إعادة التأهيل",
        "place_address": "شارع مكة المكرمة، الاخباريه، العليا، الخبر 34445",
        "place_rating": 4.7,
        "place_review_count": 19
      }
    },
    {
      "type": "Feature",
      "geometry": {
        "type": "Point",
        "coordinates": [
          46.6325705,
          24.5519149
        ]
      },
      "properties": {
        "School": "مركز عبور للرعاية النهارية - فرع نجم الدين",
        "Region": "منطقة الريـــاض",
        "City": "الرياض",
        "Type": "مركز شامل",
        "Gender": "اناث",
        "MaleStudents": "0",
        "FemaleStudents": "118",
        "SchoolCapacity": "236",
        "place_name": "مركز عبور للرعاية النهاريه فرع نمار",
        "place_url": "https://www.google.com/maps/place/%D9%85%D8%B1%D9%83%D8%B2+%D8%B9%D8%A8%D9%88%D8%B1+%D9%84%D9%84%D8%B1%D8%B9%D8%A7%D9%8A%D8%A9+%D8%A7%D9%84%D9%86%D9%87%D8%A7%D8%B1%D9%8A%D9%87+%D9%81%D8%B1%D8%B9+%D9%86%D9%85%D8%A7%D8%B1%E2%80%AD/@24.5519149,46.6351454,17z/data=!3m1!4b1!4m6!3m5!1s0x3e2f11e8d45958c3:0xa8f533744c41d1df!8m2!3d24.5519149!4d46.6325705!16s%2Fg%2F11t2t107cv?entry=ttu&g_ep=EgoyMDI2MDUxMy4wIKXMDSoASAFQAw%3D%3D",
        "place_category": "مركز إعادة التأهيل",
        "place_address": "HJ2M+Q28، طريق نجم الدين الأيوبي الفرعي، العوالي، الرياض 14965",
        "place_rating": 3.9,
        "place_review_count": 60
      }
    },
    {
      "type": "Feature",
      "geometry": null,
      "properties": {
        "School": "مركز الوفاء للرعاية النهارية",
        "Region": "منطقة مكة المكرمـة",
        "City": "محافظة القنفذة",
        "Type": "مركز شامل",
        "Gender": "اناث",
        "MaleStudents": "0",
        "FemaleStudents": "80",
        "SchoolCapacity": "184"
      }
    },
    {
      "type": "Feature",
      "geometry": {
        "type": "Point",
        "coordinates": [
          50.0748394,
          26.4118322
        ]
      },
      "properties": {
        "School": "مركز جود للرعاية النهارية",
        "Region": "المنطقة الشرقيـــة",
        "City": "الدمام",
        "Type": "مركز شامل",
        "Gender": "اناث",
        "MaleStudents": "0",
        "FemaleStudents": "62",
        "SchoolCapacity": "65",
        "place_name": "مركز جود للرعاية النهارية",
        "place_url": "https://www.google.com/maps/place/%D9%85%D8%B1%D9%83%D8%B2+%D8%AC%D9%88%D8%AF+%D9%84%D9%84%D8%B1%D8%B9%D8%A7%D9%8A%D8%A9+%D8%A7%D9%84%D9%86%D9%87%D8%A7%D8%B1%D9%8A%D8%A9%E2%80%AD/@26.4118322,50.0774143,17z/data=!3m1!4b1!4m6!3m5!1s0x3e49fd0073ab3785:0x8350ea580722eb28!8m2!3d26.4118322!4d50.0748394!16s%2Fg%2F11yswc67fr?entry=ttu&g_ep=EgoyMDI2MDUxMy4wIKXMDSoASAFQAw%3D%3D",
        "place_category": "جمعية / منظمة",
        "place_address": "حي، الروضة، الدمام 32257",
        "place_rating": 5.0,
        "place_review_count": null
      }
    },
    {
      "type": "Feature",
      "geometry": {
        "type": "Point",
        "coordinates": [
          42.5934363,
          16.8805839
        ]
      },
      "properties": {
        "School": "مركز جازان للرعاية النهارية",
        "Region": "منطقة جــازان",
        "City": "جازان",
        "Type": "",
        "Gender": "0",
        "MaleStudents": "0",
        "FemaleStudents": "0",
        "SchoolCapacity": "0",
        "place_name": "مركز عبور للرعاية النهارية فرع جازان",
        "place_url": "https://www.google.com/maps/place/%D9%85%D8%B1%D9%83%D8%B2+%D8%B9%D8%A8%D9%88%D8%B1+%D9%84%D9%84%D8%B1%D8%B9%D8%A7%D9%8A%D8%A9+%D8%A7%D9%84%D9%86%D9%87%D8%A7%D8%B1%D9%8A%D8%A9+%D9%81%D8%B1%D8%B9+%D8%AC%D8%A7%D8%B2%D8%A7%D9%86%E2%80%AD/@16.8805839,42.6294852,14z/data=!4m10!1m2!2m1!1z2YXYsdmD2LIg2KzYp9iy2KfZhiDZhNmE2LHYudin2YrYqSDYp9mE2YbZh9in2LHZitipLCDYrNin2LLYp9mGLCDZhdmG2LfZgtipINis2YDZgNin2LLYp9mG!3m6!1s0x1607e3b45271091d:0x66f44341cd58d9c6!8m2!3d16.8805839!4d42.5934363!15sClrZhdix2YPYsiDYrNin2LLYp9mGINmE2YTYsdi52KfZitipINin2YTZhtmH2KfYsdmK2KksINis2KfYstin2YYsINmF2YbYt9mC2Kkg2KzZgNmA2KfYstin2YaSARVhZHVsdF9kYXlfY2FyZV9jZW50ZXLgAQA!16s%2Fg%2F11zbd0ly89?entry=ttu&g_ep=EgoyMDI2MDUxMy4wIKXMDSoASAFQAw%3D%3D",
        "place_category": "مركز رعاية نهارية للكبار",
        "place_address": "8963 بشر النصيبي، السويس، جيزان 82617",
        "place_rating": 5.0,
        "place_review_count": 5
      }
    },
    {
      "type": "Feature",
      "geometry": null,
      "properties": {
        "School": "مركز شروق نجد لذوي الاحتياجات الخاصه - فرع المزاحمية",
        "Region": "منطقة الريـــاض",
        "City": "محافظة المزاحمية",
        "Type": "مركز شامل",
        "Gender": "اناث",
        "MaleStudents": "0",
        "FemaleStudents": "68",
        "SchoolCapacity": "107"
      }
    },
    {
      "type": "Feature",
      "geometry": {
        "type": "Point",
        "coordinates": [
          44.2257165,
          17.5682726
        ]
      },
      "properties": {
        "School": "مركز مهارات المستقبل للرعاية النهارية - فرع( 2 )",
        "Region": "منطقة نجـــران",
        "City": "نجران",
        "Type": "مركز شامل",
        "Gender": "اناث",
        "MaleStudents": "0",
        "FemaleStudents": "17",
        "SchoolCapacity": "107",
        "place_name": "مركز مهارات المستقبل للرعاية النهارية",
        "place_url": "https://www.google.com/maps/place/%D9%85%D8%B1%D9%83%D8%B2+%D9%85%D9%87%D8%A7%D8%B1%D8%A7%D8%AA+%D8%A7%D9%84%D9%85%D8%B3%D8%AA%D9%82%D8%A8%D9%84+%D9%84%D9%84%D8%B1%D8%B9%D8%A7%D9%8A%D8%A9+%D8%A7%D9%84%D9%86%D9%87%D8%A7%D8%B1%D9%8A%D8%A9%E2%80%AD/@17.5987715,44.5224861,11z/data=!4m10!1m2!2m1!1z2YXYsdmD2LIg2YXZh9in2LHYp9iqINin2YTZhdiz2KrZgtio2YQg2YTZhNix2LnYp9mK2Kkg2KfZhNmG2YfYp9ix2YrYqSAtINmB2LHYuSggMiApLCDZhtis2LHYp9mGLCDZhdmG2LfZgtipINmG2KzZgNmA2YDYsdin2YY!3m6!1s0x15fec326f0eb2d97:0x639710e2a81e2e98!8m2!3d17.5682726!4d44.2257165!15sCn3Zhdix2YPYsiDZhdmH2KfYsdin2Kog2KfZhNmF2LPYqtmC2KjZhCDZhNmE2LHYudin2YrYqSDYp9mE2YbZh9in2LHZitipIC0g2YHYsdi5KCAyICksINmG2KzYsdin2YYsINmF2YbYt9mC2Kkg2YbYrNmA2YDZgNix2KfZhlpyInDZhdix2YPYsiDZhdmH2KfYsdin2Kog2KfZhNmF2LPYqtmC2KjZhCDZhNmE2LHYudin2YrYqSDYp9mE2YbZh9in2LHZitipINmB2LHYuSAyINmG2KzYsdin2YYg2YXZhti32YLYqSDZhtis2LHYp9mGkgEPZGF5X2NhcmVfY2VudGVymgFEQ2k5RFFVbFJRVU52WkVOb2RIbGpSamx2VDIwd01sUXdVa0paYWtFMFRGVjRVMVpxYkhOU1JrNVFaR3hXZUUxdFl4QULgAQD6AQQIABAr!16s%2Fg%2F11fn4b2t3b?entry=ttu&g_ep=EgoyMDI2MDUxMy4wIKXMDSoASAFQAw%3D%3D",
        "place_category": "مركز لرعاية الأطفال",
        "place_address": "7384، نجران 66252 4934،",
        "place_rating": 4.1,
        "place_review_count": 4
      }
    },
    {
      "type": "Feature",
      "geometry": {
        "type": "Point",
        "coordinates": [
          50.0413722,
          26.406932
        ]
      },
      "properties": {
        "School": "مركز القمة التخصصي للرعاية النهارية",
        "Region": "المنطقة الشرقيـــة",
        "City": "محافظة الخبر",
        "Type": "مركز شامل",
        "Gender": "اناث",
        "MaleStudents": "0",
        "FemaleStudents": "32",
        "SchoolCapacity": "78",
        "place_name": "مركز القمة التخصصي للرعاية النهاريه",
        "place_url": "https://www.google.com/maps/place/%D9%85%D8%B1%D9%83%D8%B2+%D8%A7%D9%84%D9%82%D9%85%D8%A9+%D8%A7%D9%84%D8%AA%D8%AE%D8%B5%D8%B5%D9%8A+%D9%84%D9%84%D8%B1%D8%B9%D8%A7%D9%8A%D8%A9+%D8%A7%D9%84%D9%86%D9%87%D8%A7%D8%B1%D9%8A%D9%87%E2%80%AD/@26.406932,50.0439471,17z/data=!3m1!4b1!4m6!3m5!1s0x3e49fdb2da159c33:0xba9ea510d31f8961!8m2!3d26.406932!4d50.0413722!16s%2Fg%2F11v6fkwxlf?entry=ttu&g_ep=EgoyMDI2MDUxMy4wIKXMDSoASAFQAw%3D%3D",
        "place_category": "المركز التعليمي",
        "place_address": "شارع الإمام الترمذي، أحد، الدمام 32263",
        "place_rating": 4.3,
        "place_review_count": 50
      }
    },
    {
      "type": "Feature",
      "geometry": {
        "type": "Point",
        "coordinates": [
          44.4205426,
          24.5230371
        ]
      },
      "properties": {
        "School": "مركز التمكين الشامل للرعاية النهارية",
        "Region": "منطقة الريـــاض",
        "City": "محافظة الدوادمي",
        "Type": "مركز شامل",
        "Gender": "اناث",
        "MaleStudents": "0",
        "FemaleStudents": "75",
        "SchoolCapacity": "105",
        "place_name": "مركز التمكين الشامل للرعاية النهارية بالدوادمي",
        "place_url": "https://www.google.com/maps/place/%D9%85%D8%B1%D9%83%D8%B2+%D8%A7%D9%84%D8%AA%D9%85%D9%83%D9%8A%D9%86+%D8%A7%D9%84%D8%B4%D8%A7%D9%85%D9%84+%D9%84%D9%84%D8%B1%D8%B9%D8%A7%D9%8A%D8%A9+%D8%A7%D9%84%D9%86%D9%87%D8%A7%D8%B1%D9%8A%D8%A9+%D8%A8%D8%A7%D9%84%D8%AF%D9%88%D8%A7%D8%AF%D9%85%D9%8A%E2%80%AD/@24.5230371,44.4231175,17z/data=!3m1!4b1!4m6!3m5!1s0x15871d0014f5a8a9:0xf705bde504d69613!8m2!3d24.5230371!4d44.4205426!16s%2Fg%2F11ldxl9ny4?entry=ttu&g_ep=EgoyMDI2MDUxMy4wIKXMDSoASAFQAw%3D%3D",
        "place_category": "مركز لرعاية الأطفال",
        "place_address": "4594 طريق الملك عبدالعزيز، النهضة، LDMF7301، 7301، الدوادمي 17452",
        "place_rating": 4.8,
        "place_review_count": 64
      }
    },
    {
      "type": "Feature",
      "geometry": {
        "type": "Point",
        "coordinates": [
          50.0700678,
          26.4286945
        ]
      },
      "properties": {
        "School": "مركز التمكين الشامل للرعاية النهارية",
        "Region": "المنطقة الشرقيـــة",
        "City": "الدمام",
        "Type": "مركز شامل",
        "Gender": "اناث",
        "MaleStudents": "0",
        "FemaleStudents": "88",
        "SchoolCapacity": "197",
        "place_name": "مركز التمكين الشامل للرعاية النهارية",
        "place_url": "https://www.google.com/maps/place/%D9%85%D8%B1%D9%83%D8%B2+%D8%A7%D9%84%D8%AA%D9%85%D9%83%D9%8A%D9%86+%D8%A7%D9%84%D8%B4%D8%A7%D9%85%D9%84+%D9%84%D9%84%D8%B1%D8%B9%D8%A7%D9%8A%D8%A9+%D8%A7%D9%84%D9%86%D9%87%D8%A7%D8%B1%D9%8A%D8%A9%E2%80%AD/@26.4286945,50.0726427,17z/data=!3m1!4b1!4m6!3m5!1s0x3e49fd00347c06a1:0x4351b31fec69090e!8m2!3d26.4286945!4d50.0700678!16s%2Fg%2F11vxcm5m67?entry=ttu&g_ep=EgoyMDI2MDUxMy4wIKXMDSoASAFQAw%3D%3D",
        "place_category": "المركز التعليمي",
        "place_address": "حي الجلوية، EDJA8041، 8041 26د، 3994، الدمام 32246",
        "place_rating": 4.2,
        "place_review_count": 32
      }
    },
    {
      "type": "Feature",
      "geometry": {
        "type": "Point",
        "coordinates": [
          41.0383387,
          30.9598276
        ]
      },
      "properties": {
        "School": "مركز التمكين الشامل للرعاية النهارية",
        "Region": "منطقة الحدود الشمالية",
        "City": "عرعر",
        "Type": "مركز شامل",
        "Gender": "اناث",
        "MaleStudents": "0",
        "FemaleStudents": "65",
        "SchoolCapacity": "161",
        "place_name": "مركز التمكين الشامل للرعاية النهارية",
        "place_url": "https://www.google.com/maps/place/%D9%85%D8%B1%D9%83%D8%B2+%D8%A7%D9%84%D8%AA%D9%85%D9%83%D9%8A%D9%86+%D8%A7%D9%84%D8%B4%D8%A7%D9%85%D9%84+%D9%84%D9%84%D8%B1%D8%B9%D8%A7%D9%8A%D8%A9+%D8%A7%D9%84%D9%86%D9%87%D8%A7%D8%B1%D9%8A%D8%A9%E2%80%AD/@30.9598276,41.0409136,17z/data=!3m1!4b1!4m6!3m5!1s0x156c0d0068d16a6b:0x6a8be17727e1e34a!8m2!3d30.9598276!4d41.0383387!16s%2Fg%2F11y4h1nc8g?entry=ttu&g_ep=EgoyMDI2MDUxMy4wIKXMDSoASAFQAw%3D%3D",
        "place_category": "المركز التعليمي",
        "place_address": "SMJE6897، 3240 شارع ابن ماجه، حي الناصرية، 6897، عرعر 73241",
        "place_rating": 4.8,
        "place_review_count": 77
      }
    },
    {
      "type": "Feature",
      "geometry": null,
      "properties": {
        "School": "مركز أصحاب الهمم للرعاية النهارية",
        "Region": "منطقة مكة المكرمـة",
        "City": "محافظة الطائف",
        "Type": "مركز شامل",
        "Gender": "اناث",
        "MaleStudents": "0",
        "FemaleStudents": "43",
        "SchoolCapacity": "57"
      }
    },
    {
      "type": "Feature",
      "geometry": {
        "type": "Point",
        "coordinates": [
          39.6014237,
          24.4135641
        ]
      },
      "properties": {
        "School": "مركز قمة الهمم لرعاية ذوي الاحتياجات الخاصة",
        "Region": "منطقة المدينة المنورة",
        "City": "المدينة المنورة",
        "Type": "مركز شامل",
        "Gender": "اناث",
        "MaleStudents": "0",
        "FemaleStudents": "76",
        "SchoolCapacity": "108",
        "place_name": "مركز قمة الهمم",
        "place_url": "https://www.google.com/maps/place/%D9%85%D8%B1%D9%83%D8%B2+%D9%82%D9%85%D8%A9+%D8%A7%D9%84%D9%87%D9%85%D9%85%E2%80%AD/@24.4135641,39.6039986,17z/data=!3m1!4b1!4m6!3m5!1s0x15bdc10054946143:0xa4353a7bf1589095!8m2!3d24.4135641!4d39.6014237!16s%2Fg%2F11lns26gn1?entry=ttu&g_ep=EgoyMDI2MDUxMy4wIKXMDSoASAFQAw%3D%3D",
        "place_category": "عيادة علاج طبيعي",
        "place_address": "حي الرانوناء، DMWA4942، 4942 سعيد بن احمد بن محمد، 8574، المدينة المنورة 42392",
        "place_rating": 4.4,
        "place_review_count": 59
      }
    },
    {
      "type": "Feature",
      "geometry": {
        "type": "Point",
        "coordinates": [
          41.7125317,
          27.4803413
        ]
      },
      "properties": {
        "School": "مركز حياتي الثالث للرعاية النهارية",
        "Region": "منطقة حائــــل",
        "City": "حائل",
        "Type": "مركز شامل",
        "Gender": "ذكور",
        "MaleStudents": "48",
        "FemaleStudents": "0",
        "SchoolCapacity": "75",
        "place_name": "مركز حياتي الثالث للرعاية النهارية",
        "place_url": "https://www.google.com/maps/place/%D9%85%D8%B1%D9%83%D8%B2+%D8%AD%D9%8A%D8%A7%D8%AA%D9%8A+%D8%A7%D9%84%D8%AB%D8%A7%D9%84%D8%AB+%D9%84%D9%84%D8%B1%D8%B9%D8%A7%D9%8A%D8%A9+%D8%A7%D9%84%D9%86%D9%87%D8%A7%D8%B1%D9%8A%D8%A9%E2%80%AD/@27.4803413,41.7151066,17z/data=!3m1!4b1!4m6!3m5!1s0x1576470056edd973:0x865dca5af24d4245!8m2!3d27.4803413!4d41.7125317!16s%2Fg%2F11w8nh3x3x?entry=ttu&g_ep=EgoyMDI2MDUxMy4wIKXMDSoASAFQAw%3D%3D",
        "place_category": "المركز التعليمي",
        "place_address": "FPJ7+42M، الخماشية، حائل 55422",
        "place_rating": 5.0,
        "place_review_count": null
      }
    },
    {
      "type": "Feature",
      "geometry": {
        "type": "Point",
        "coordinates": [
          46.7792027,
          24.5958417
        ]
      },
      "properties": {
        "School": "مركز عبور للرعاية النهارية",
        "Region": "منطقة الريـــاض",
        "City": "الرياض",
        "Type": "مركز شامل",
        "Gender": "اناث",
        "MaleStudents": "0",
        "FemaleStudents": "105",
        "SchoolCapacity": "200",
        "place_name": "مركز عبور للرعاية النهارية فرع العزيزية",
        "place_url": "https://www.google.com/maps/place/%D9%85%D8%B1%D9%83%D8%B2+%D8%B9%D8%A8%D9%88%D8%B1+%D9%84%D9%84%D8%B1%D8%B9%D8%A7%D9%8A%D8%A9+%D8%A7%D9%84%D9%86%D9%87%D8%A7%D8%B1%D9%8A%D8%A9+%D9%81%D8%B1%D8%B9+%D8%A7%D9%84%D8%B9%D8%B2%D9%8A%D8%B2%D9%8A%D8%A9%E2%80%AD/@24.5958417,46.9233983,12z/data=!4m10!1m2!2m1!1z2YXYsdmD2LIg2LnYqNmI2LEg2YTZhNix2LnYp9mK2Kkg2KfZhNmG2YfYp9ix2YrYqSwg2KfZhNix2YrYp9i2LCDZhdmG2LfZgtipINin2YTYsdmK2YDZgNmA2KfYtg!3m6!1s0x3e2f09657b5cfc25:0x522a6384a0678e3f!8m2!3d24.5958417!4d46.7792027!15sCl7Zhdix2YPYsiDYudio2YjYsSDZhNmE2LHYudin2YrYqSDYp9mE2YbZh9in2LHZitipLCDYp9mE2LHZitin2LYsINmF2YbYt9mC2Kkg2KfZhNix2YrZgNmA2YDYp9i2kgEVcmVoYWJpbGl0YXRpb25fY2VudGVy4AEA!16s%2Fg%2F11pz4ymrtl?entry=ttu&g_ep=EgoyMDI2MDUxMy4wIKXMDSoASAFQAw%3D%3D",
        "place_category": "مركز إعادة التأهيل",
        "place_address": "4212 طريق النصر، حي العزيزية، الرياض 14511 6962،، الرياض 14511",
        "place_rating": 4.1,
        "place_review_count": 4
      }
    },
    {
      "type": "Feature",
      "geometry": {
        "type": "Point",
        "coordinates": [
          41.3636323,
          18.7736905
        ]
      },
      "properties": {
        "School": "مركز النماء الدائم  للرعاية النهارية",
        "Region": "منطقة مكة المكرمـة",
        "City": "محافظة القنفذة",
        "Type": "مركز شامل",
        "Gender": "ذكور",
        "MaleStudents": "43",
        "FemaleStudents": "0",
        "SchoolCapacity": "83",
        "place_name": "مركز النماء الدائم للرعاية النهارية",
        "place_url": "https://www.google.com/maps/place/%D9%85%D8%B1%D9%83%D8%B2+%D8%A7%D9%84%D9%86%D9%85%D8%A7%D8%A1+%D8%A7%D9%84%D8%AF%D8%A7%D8%A6%D9%85+%D9%84%D9%84%D8%B1%D8%B9%D8%A7%D9%8A%D8%A9+%D8%A7%D9%84%D9%86%D9%87%D8%A7%D8%B1%D9%8A%D8%A9%E2%80%AD/@18.7736905,41.6520234,11z/data=!4m10!1m2!2m1!1z2YXYsdmD2LIg2KfZhNmG2YXYp9ihINin2YTYr9in2KbZhSAg2YTZhNix2LnYp9mK2Kkg2KfZhNmG2YfYp9ix2YrYqSwg2YXYrdin2YHYuNipINin2YTZgtmG2YHYsNipLCDZhdmG2LfZgtipINmF2YPYqSDYp9mE2YXZg9ix2YXZgNip!3m6!1s0x15e41b002e352e99:0x8f634ed278bc8a0a!8m2!3d18.7736905!4d41.3636323!15sCoQB2YXYsdmD2LIg2KfZhNmG2YXYp9ihINin2YTYr9in2KbZhSAg2YTZhNix2LnYp9mK2Kkg2KfZhNmG2YfYp9ix2YrYqSwg2YXYrdin2YHYuNipINin2YTZgtmG2YHYsNipLCDZhdmG2LfZgtipINmF2YPYqSDYp9mE2YXZg9ix2YXZgNipkgEbYXNzb2NpYXRpb25fb3Jfb3JnYW5pemF0aW9u4AEA!16s%2Fg%2F11y50p_j32?entry=ttu&g_ep=EgoyMDI2MDUxMy4wIKXMDSoASAFQAw%3D%3D",
        "place_category": "جمعية / منظمة",
        "place_address": "حلي 28939",
        "place_rating": 4.4,
        "place_review_count": 4
      }
    },
    {
      "type": "Feature",
      "geometry": null,
      "properties": {
        "School": "مركز جمعية المدينة المنورة لمتلازمة داون للرعاية النهاريه",
        "Region": "منطقة المدينة المنورة",
        "City": "المدينة المنورة",
        "Type": "مركز متلازمه داون",
        "Gender": "اناث",
        "MaleStudents": "0",
        "FemaleStudents": "69",
        "SchoolCapacity": "70"
      }
    },
    {
      "type": "Feature",
      "geometry": {
        "type": "Point",
        "coordinates": [
          42.6568125,
          17.1524485
        ]
      },
      "properties": {
        "School": "مركز التمكين الشامل للرعاية النهارية",
        "Region": "منطقة جــازان",
        "City": "محافظة صبياء",
        "Type": "مركز شامل",
        "Gender": "اناث",
        "MaleStudents": "0",
        "FemaleStudents": "19",
        "SchoolCapacity": "200",
        "place_name": "مركز التمكين الشامل للرعاية النهارية صبيا",
        "place_url": "https://www.google.com/maps/place/%D9%85%D8%B1%D9%83%D8%B2+%D8%A7%D9%84%D8%AA%D9%85%D9%83%D9%8A%D9%86+%D8%A7%D9%84%D8%B4%D8%A7%D9%85%D9%84+%D9%84%D9%84%D8%B1%D8%B9%D8%A7%D9%8A%D8%A9+%D8%A7%D9%84%D9%86%D9%87%D8%A7%D8%B1%D9%8A%D8%A9+%D8%B5%D8%A8%D9%8A%D8%A7%E2%80%AD/@17.1524485,42.6593874,17z/data=!3m1!4b1!4m6!3m5!1s0x15fd5100417b3917:0xf9aed490b8e007c7!8m2!3d17.1524485!4d42.6568125!16s%2Fg%2F11mm7_vgx4?entry=ttu&g_ep=EgoyMDI2MDUxMy4wIKXMDSoASAFQAw%3D%3D",
        "place_category": "مركز رعاية الطفل",
        "place_address": "الصفاء، صبيا 85534",
        "place_rating": 5.0,
        "place_review_count": 22
      }
    },
    {
      "type": "Feature",
      "geometry": {
        "type": "Point",
        "coordinates": [
          42.5562287,
          16.9284625
        ]
      },
      "properties": {
        "School": "شركة مركز التمكين الشامل للرعاية النهارية",
        "Region": "منطقة جــازان",
        "City": "جازان",
        "Type": "مركز شامل",
        "Gender": "ذكور",
        "MaleStudents": "20",
        "FemaleStudents": "0",
        "SchoolCapacity": "93",
        "place_name": "مركز التمكين الشامل للرعاية النهارية",
        "place_url": "https://www.google.com/maps/place/%D9%85%D8%B1%D9%83%D8%B2+%D8%A7%D9%84%D8%AA%D9%85%D9%83%D9%8A%D9%86+%D8%A7%D9%84%D8%B4%D8%A7%D9%85%D9%84+%D9%84%D9%84%D8%B1%D8%B9%D8%A7%D9%8A%D8%A9+%D8%A7%D9%84%D9%86%D9%87%D8%A7%D8%B1%D9%8A%D8%A9%E2%80%AD/@16.9284625,42.5588036,17z/data=!3m1!4b1!4m6!3m5!1s0x1607fd24c27ed4fb:0xf3d905744238bec9!8m2!3d16.9284625!4d42.5562287!16s%2Fg%2F11xmc_hzv7?entry=ttu&g_ep=EgoyMDI2MDUxMy4wIKXMDSoASAFQAw%3D%3D",
        "place_category": "مركز رعاية نهارية للكبار",
        "place_address": "شارع عروة بن الزبير، الشاطئ، جازان 82811",
        "place_rating": 5.0,
        "place_review_count": 16
      }
    },
    {
      "type": "Feature",
      "geometry": {
        "type": "Point",
        "coordinates": [
          40.9987584,
          30.9857597
        ]
      },
      "properties": {
        "School": "مؤسسة مركز سعود فهد محمد العنزي للرعاية النهارية",
        "Region": "منطقة الحدود الشمالية",
        "City": "عرعر",
        "Type": "مركز شامل",
        "Gender": "اناث",
        "MaleStudents": "0",
        "FemaleStudents": "23",
        "SchoolCapacity": "63",
        "place_name": "مركز ايادي نجد للرعاية النهارية بنين - بنات",
        "place_url": "https://www.google.com/maps/place/%D9%85%D8%B1%D9%83%D8%B2+%D8%A7%D9%8A%D8%A7%D8%AF%D9%8A+%D9%86%D8%AC%D8%AF+%D9%84%D9%84%D8%B1%D8%B9%D8%A7%D9%8A%D8%A9+%D8%A7%D9%84%D9%86%D9%87%D8%A7%D8%B1%D9%8A%D8%A9+%D8%A8%D9%86%D9%8A%D9%86+-+%D8%A8%D9%86%D8%A7%D8%AA%E2%80%AD/@30.9839492,41.0489484,14z/data=!4m10!1m2!2m1!1z2YXYpNiz2LPYqSDZhdix2YPYsiDYs9i52YjYryDZgdmH2K8g2YXYrdmF2K8g2KfZhNi52YbYstmKINmE2YTYsdi52KfZitipINin2YTZhtmH2KfYsdmK2KksINi52LHYudixLCDZhdmG2LfZgtipINin2YTYrdiv2YjYryDYp9mE2LTZhdin2YTZitip!3m6!1s0x156c0df492e23a17:0x280b03fedb7ccaaf!8m2!3d30.9857597!4d40.9987584!15sCo0B2YXYpNiz2LPYqSDZhdix2YPYsiDYs9i52YjYryDZgdmH2K8g2YXYrdmF2K8g2KfZhNi52YbYstmKINmE2YTYsdi52KfZitipINin2YTZhtmH2KfYsdmK2KksINi52LHYudixLCDZhdmG2LfZgtipINin2YTYrdiv2YjYryDYp9mE2LTZhdin2YTZitipkgEsZGlzYWJpbGl0eV9zZXJ2aWNlc19hbmRfc3VwcG9ydF9vcmdhbml6YXRpb27gAQA!16s%2Fg%2F11t649ds_d?entry=ttu&g_ep=EgoyMDI2MDUxMy4wIKXMDSoASAFQAw%3D%3D",
        "place_category": "منظمة خدمات ودعم الإعاقة",
        "place_address": "7667 عبدالرحمن بن عبدالعزيز، المطار, 4593، عرعر 73312",
        "place_rating": 4.0,
        "place_review_count": 4
      }
    },
    {
      "type": "Feature",
      "geometry": {
        "type": "Point",
        "coordinates": [
          39.5359444,
          24.4525278
        ]
      },
      "properties": {
        "School": "شركة أثر الامل",
        "Region": "منطقة المدينة المنورة",
        "City": "المدينة المنورة",
        "Type": "مركز شامل",
        "Gender": "اناث",
        "MaleStudents": "0",
        "FemaleStudents": "6",
        "SchoolCapacity": "79",
        "place_name": "أثر الأمل للرعاية النهارية والتكامل الحسي",
        "place_url": "https://www.google.com/maps/place/%D8%A3%D8%AB%D8%B1+%D8%A7%D9%84%D8%A3%D9%85%D9%84+%D9%84%D9%84%D8%B1%D8%B9%D8%A7%D9%8A%D8%A9+%D8%A7%D9%84%D9%86%D9%87%D8%A7%D8%B1%D9%8A%D8%A9+%D9%88%D8%A7%D9%84%D8%AA%D9%83%D8%A7%D9%85%D9%84+%D8%A7%D9%84%D8%AD%D8%B3%D9%8A%E2%80%AD/@24.4525278,39.5385193,17z/data=!3m1!4b1!4m6!3m5!1s0x15bdc700293ea1c5:0x7425a028fbbae79e!8m2!3d24.4525278!4d39.5359444!16s%2Fg%2F11ygj_zj94?entry=ttu&g_ep=EgoyMDI2MDUxMy4wIKXMDSoASAFQAw%3D%3D",
        "place_category": "خدمة رعاية الأسرة النهارية",
        "place_address": "6678 الربيع الأنصاري، حي الدفاع، DMSC3962، 3962، المدينة المنورة 42374",
        "place_rating": 4.8,
        "place_review_count": 16
      }
    },
    {
      "type": "Feature",
      "geometry": null,
      "properties": {
        "School": "مركز شركة الامان الشامل للرعاية الاجتماعية",
        "Region": "منطقة المدينة المنورة",
        "City": "المدينة المنورة",
        "Type": "مركز شامل",
        "Gender": "ذكور",
        "MaleStudents": "3",
        "FemaleStudents": "0",
        "SchoolCapacity": "87"
      }
    },
    {
      "type": "Feature",
      "geometry": {
        "type": "Point",
        "coordinates": [
          42.7057834,
          16.8072237
        ]
      },
      "properties": {
        "School": "مركز ارادتي للرعاية النهارية",
        "Region": "منطقة جــازان",
        "City": "جازان",
        "Type": "مركز شامل",
        "Gender": "اناث",
        "MaleStudents": "0",
        "FemaleStudents": "6",
        "SchoolCapacity": "64",
        "place_name": "مركز إرادتي للرعاية النهارية -بالحكامية",
        "place_url": "https://www.google.com/maps/place/%D9%85%D8%B1%D9%83%D8%B2+%D8%A5%D8%B1%D8%A7%D8%AF%D8%AA%D9%8A+%D9%84%D9%84%D8%B1%D8%B9%D8%A7%D9%8A%D8%A9+%D8%A7%D9%84%D9%86%D9%87%D8%A7%D8%B1%D9%8A%D8%A9+-%D8%A8%D8%A7%D9%84%D8%AD%D9%83%D8%A7%D9%85%D9%8A%D8%A9%E2%80%AD/@16.8072237,42.7083583,17z/data=!3m1!4b1!4m6!3m5!1s0x1607e5330e34b7f7:0x4cbe3d57bc42a5d0!8m2!3d16.8072237!4d42.7057834!16s%2Fg%2F11ys1gxb69?entry=ttu&g_ep=EgoyMDI2MDUxMy4wIKXMDSoASAFQAw%3D%3D",
        "place_category": "مؤسسة تعليمية",
        "place_address": "GAMA7366، طريق عثمان بن عفان، جازان، الوحلة 82528",
        "place_rating": 5.0,
        "place_review_count": null
      }
    },
    {
      "type": "Feature",
      "geometry": {
        "type": "Point",
        "coordinates": [
          38.1014744,
          24.0832492
        ]
      },
      "properties": {
        "School": "مركز جيل واعد للرعاية النهارية",
        "Region": "منطقة المدينة المنورة",
        "City": "محافظة ينبع",
        "Type": "مركز شامل",
        "Gender": "اناث",
        "MaleStudents": "0",
        "FemaleStudents": "61",
        "SchoolCapacity": "85",
        "place_name": "مركز جيل واعد للرعاية النهارية",
        "place_url": "https://www.google.com/maps/place/%D9%85%D8%B1%D9%83%D8%B2+%D8%AC%D9%8A%D9%84+%D9%88%D8%A7%D8%B9%D8%AF+%D9%84%D9%84%D8%B1%D8%B9%D8%A7%D9%8A%D8%A9+%D8%A7%D9%84%D9%86%D9%87%D8%A7%D8%B1%D9%8A%D8%A9%E2%80%AD/@24.0832492,38.1040493,17z/data=!3m1!4b1!4m6!3m5!1s0x15b905b57be9878b:0x57c8ce7944474dd7!8m2!3d24.0832492!4d38.1014744!16s%2Fg%2F11kqkwwbgr?entry=ttu&g_ep=EgoyMDI2MDUxMy4wIKXMDSoASAFQAw%3D%3D",
        "place_category": "مركز إعادة التأهيل",
        "place_address": "حي النسيم، YADA6771، 6771 ربيعة ابن خويلد، 5557، ينبع 46429",
        "place_rating": 5.0,
        "place_review_count": 22
      }
    },
    {
      "type": "Feature",
      "geometry": null,
      "properties": {
        "School": "مركز روح الإصرار للرعاية النهارية",
        "Region": "منطقة جــازان",
        "City": "جازان",
        "Type": "مركز شامل",
        "Gender": "اناث",
        "MaleStudents": "0",
        "FemaleStudents": "71",
        "SchoolCapacity": "71"
      }
    },
    {
      "type": "Feature",
      "geometry": {
        "type": "Point",
        "coordinates": [
          42.048189,
          18.502106
        ]
      },
      "properties": {
        "School": "مركز روح الإصرار للرعاية النهارية - للذكور",
        "Region": "منطقة عسيــر",
        "City": "محافظة محايل عسير",
        "Type": "مركز شامل",
        "Gender": "ذكور",
        "MaleStudents": "0",
        "FemaleStudents": "0",
        "SchoolCapacity": "143",
        "place_name": "مركز روح الاصرار للرعاية النهارية فرع محايل",
        "place_url": "https://www.google.com/maps/place/%D9%85%D8%B1%D9%83%D8%B2+%D8%B1%D9%88%D8%AD+%D8%A7%D9%84%D8%A7%D8%B5%D8%B1%D8%A7%D8%B1+%D9%84%D9%84%D8%B1%D8%B9%D8%A7%D9%8A%D8%A9+%D8%A7%D9%84%D9%86%D9%87%D8%A7%D8%B1%D9%8A%D8%A9+%D9%81%D8%B1%D8%B9+%D9%85%D8%AD%D8%A7%D9%8A%D9%84%E2%80%AD/@18.502106,42.0507639,17z/data=!3m1!4b1!4m6!3m5!1s0x15e48538f568372f:0x99a2783e22fae664!8m2!3d18.502106!4d42.048189!16s%2Fg%2F11vcwlcwgh?entry=ttu&g_ep=EgoyMDI2MDUxMy4wIKXMDSoASAFQAw%3D%3D",
        "place_category": "أخصائي تخاطب",
        "place_address": "حي الحيلة الغربي، AHAB4065، 4065 معاذ بن اسد، 8456، محايل عسير 63312",
        "place_rating": 2.7,
        "place_review_count": 12
      }
    },
    {
      "type": "Feature",
      "geometry": {
        "type": "Point",
        "coordinates": [
          49.5629444,
          27.1495833
        ]
      },
      "properties": {
        "School": "مركز عبور للرعاية النهارية (فرع الجبيل )",
        "Region": "المنطقة الشرقيـــة",
        "City": "محافظة الجبيل",
        "Type": "مركز شامل",
        "Gender": "اناث",
        "MaleStudents": "0",
        "FemaleStudents": "68",
        "SchoolCapacity": "168",
        "place_name": "مركز عبور للرعاية النهارية فرع الجبيل",
        "place_url": "https://www.google.com/maps/place/%D9%85%D8%B1%D9%83%D8%B2+%D8%B9%D8%A8%D9%88%D8%B1+%D9%84%D9%84%D8%B1%D8%B9%D8%A7%D9%8A%D8%A9+%D8%A7%D9%84%D9%86%D9%87%D8%A7%D8%B1%D9%8A%D8%A9+%D9%81%D8%B1%D8%B9+%D8%A7%D9%84%D8%AC%D8%A8%D9%8A%D9%84%E2%80%AD/@27.1495833,49.5655193,17z/data=!3m1!4b1!4m6!3m5!1s0x3e350f37aa21fc07:0x9ad689fe771b670d!8m2!3d27.1495833!4d49.5629444!16s%2Fg%2F11vkhm949_?entry=ttu&g_ep=EgoyMDI2MDUxMy4wIKXMDSoASAFQAw%3D%3D",
        "place_category": "مركز إعادة التأهيل",
        "place_address": "2 الدمام 25، الفناتير، الجبيل 35814",
        "place_rating": 4.7,
        "place_review_count": 47
      }
    },
    {
      "type": "Feature",
      "geometry": {
        "type": "Point",
        "coordinates": [
          46.7474143,
          24.8277069
        ]
      },
      "properties": {
        "School": "مركز افادة للرعاية النهارية",
        "Region": "منطقة الريـــاض",
        "City": "الرياض",
        "Type": "مركز شامل",
        "Gender": "ذكور",
        "MaleStudents": "88",
        "FemaleStudents": "0",
        "SchoolCapacity": "186",
        "place_name": "مركز إفادة للرعاية النهارية",
        "place_url": "https://www.google.com/maps/place/%D9%85%D8%B1%D9%83%D8%B2+%D8%A5%D9%81%D8%A7%D8%AF%D8%A9+%D9%84%D9%84%D8%B1%D8%B9%D8%A7%D9%8A%D8%A9+%D8%A7%D9%84%D9%86%D9%87%D8%A7%D8%B1%D9%8A%D8%A9%E2%80%AD/@24.8322361,46.7583883,16z/data=!4m10!1m2!2m1!1z2YXYsdmD2LIg2KfZgdin2K_YqSDZhNmE2LHYudin2YrYqSDYp9mE2YbZh9in2LHZitipLCDYp9mE2LHZitin2LYsINmF2YbYt9mC2Kkg2KfZhNix2YrZgNmA2YDYp9i2!3m6!1s0x3e2efd0c39515741:0x77bb10756749be9f!8m2!3d24.8277069!4d46.7474143!15sCmDZhdix2YPYsiDYp9mB2KfYr9ipINmE2YTYsdi52KfZitipINin2YTZhtmH2KfYsdmK2KksINin2YTYsdmK2KfYtiwg2YXZhti32YLYqSDYp9mE2LHZitmA2YDZgNin2LZaWiJY2YXYsdmD2LIg2KfZgdin2K_YqSDZhNmE2LHYudin2YrYqSDYp9mE2YbZh9in2LHZitipINin2YTYsdmK2KfYtiDZhdmG2LfZgtipINin2YTYsdmK2KfYtpIBD2RheV9jYXJlX2NlbnRlcuABAA!16s%2Fg%2F11bw2f_mly?entry=ttu&g_ep=EgoyMDI2MDUxMy4wIKXMDSoASAFQAw%3D%3D",
        "place_category": "مركز لرعاية الأطفال",
        "place_address": "طريق الشيخ حسن بن حسين بن علي الفرعي، 7246، قرطبة، الرياض 7246",
        "place_rating": 4.3,
        "place_review_count": 4
      }
    },
    {
      "type": "Feature",
      "geometry": {
        "type": "Point",
        "coordinates": [
          38.195107,
          30.4964801
        ]
      },
      "properties": {
        "School": "مركز ايادي نجد للرعاية النهارية( بنين )",
        "Region": "منطقة الجـــوف",
        "City": "محافظة طبرجل",
        "Type": "مركز شامل",
        "Gender": "ذكور",
        "MaleStudents": "0",
        "FemaleStudents": "0",
        "SchoolCapacity": "94",
        "place_name": "مركز ايادي نجد للرعاية النهارية",
        "place_url": "https://www.google.com/maps/place/%D9%85%D8%B1%D9%83%D8%B2+%D8%A7%D9%8A%D8%A7%D8%AF%D9%8A+%D9%86%D8%AC%D8%AF+%D9%84%D9%84%D8%B1%D8%B9%D8%A7%D9%8A%D8%A9+%D8%A7%D9%84%D9%86%D9%87%D8%A7%D8%B1%D9%8A%D8%A9%E2%80%AD/@30.4964801,38.1976819,17z/data=!3m1!4b1!4m6!3m5!1s0x150e454fb66af985:0xf067f00ac0d965c!8m2!3d30.4964801!4d38.195107!16s%2Fg%2F11l245v6zy?entry=ttu&g_ep=EgoyMDI2MDUxMy4wIKXMDSoASAFQAw%3D%3D",
        "place_category": "حضانة أطفال",
        "place_address": "F5WW+H2X، حي الورود، طبرجل 74766",
        "place_rating": 5.0,
        "place_review_count": 5
      }
    },
    {
      "type": "Feature",
      "geometry": {
        "type": "Point",
        "coordinates": [
          41.6693126,
          27.5226344
        ]
      },
      "properties": {
        "School": "مركز كيان المتكامل للرعاية النهارية",
        "Region": "منطقة حائــــل",
        "City": "حائل",
        "Type": "مركز شامل",
        "Gender": "اناث",
        "MaleStudents": "0",
        "FemaleStudents": "49",
        "SchoolCapacity": "80",
        "place_name": "مركز كيان المتكامل للرعاية النهاريه",
        "place_url": "https://www.google.com/maps/place/%D9%85%D8%B1%D9%83%D8%B2+%D9%83%D9%8A%D8%A7%D9%86+%D8%A7%D9%84%D9%85%D8%AA%D9%83%D8%A7%D9%85%D9%84+%D9%84%D9%84%D8%B1%D8%B9%D8%A7%D9%8A%D8%A9+%D8%A7%D9%84%D9%86%D9%87%D8%A7%D8%B1%D9%8A%D9%87%E2%80%AD/@27.5226344,41.6718875,17z/data=!3m1!4b1!4m6!3m5!1s0x157641e826817a89:0x60081402cd529ea0!8m2!3d27.5226344!4d41.6693126!16s%2Fg%2F11v3tp7v3_?entry=ttu&g_ep=EgoyMDI2MDUxMy4wIKXMDSoASAFQAw%3D%3D",
        "place_category": "المركز التعليمي",
        "place_address": "حي HADE3158، 3158 بريدة، 7668، حائل 55424",
        "place_rating": 4.3,
        "place_review_count": 11
      }
    },
    {
      "type": "Feature",
      "geometry": {
        "type": "Point",
        "coordinates": [
          44.2101541,
          26.7706418
        ]
      },
      "properties": {
        "School": "شركة خطوات التواصل للرعاية النهارية",
        "Region": "منطقة القصيـــم",
        "City": "محافظة الاسياح",
        "Type": "مركز شامل",
        "Gender": "ذكور",
        "MaleStudents": "0",
        "FemaleStudents": "0",
        "SchoolCapacity": "196",
        "place_name": "شركة خطوات التواصل للرعاية النهارية",
        "place_url": "https://www.google.com/maps/place/%D8%B4%D8%B1%D9%83%D8%A9+%D8%AE%D8%B7%D9%88%D8%A7%D8%AA+%D8%A7%D9%84%D8%AA%D9%88%D8%A7%D8%B5%D9%84+%D9%84%D9%84%D8%B1%D8%B9%D8%A7%D9%8A%D8%A9+%D8%A7%D9%84%D9%86%D9%87%D8%A7%D8%B1%D9%8A%D8%A9%E2%80%AD/@26.7706418,44.212729,17z/data=!3m1!4b1!4m6!3m5!1s0x157f1df5c3256e77:0x769ffeb39d44dded!8m2!3d26.7706418!4d44.2101541!16s%2Fg%2F11lnlcn2jm?entry=ttu&g_ep=EgoyMDI2MDUxMy4wIKXMDSoASAFQAw%3D%3D",
        "place_category": "مركز رعاية اجتماعية",
        "place_address": "7011، عين ابن فهيد 52466",
        "place_rating": 4.2,
        "place_review_count": 11
      }
    },
    {
      "type": "Feature",
      "geometry": {
        "type": "Point",
        "coordinates": [
          38.5509515,
          27.6157627
        ]
      },
      "properties": {
        "School": "مؤسسة بسمة تيماء لرعاية ذوي الاحتياجات الخاصة",
        "Region": "منطقة تبـــوك",
        "City": "محافظة تيماء",
        "Type": "مركز شامل",
        "Gender": "ذكور",
        "MaleStudents": "0",
        "FemaleStudents": "0",
        "SchoolCapacity": "75",
        "place_name": "مركز بسمة تيماء للاحتياجات الخاصه",
        "place_url": "https://www.google.com/maps/place/%D9%85%D8%B1%D9%83%D8%B2+%D8%A8%D8%B3%D9%85%D8%A9+%D8%AA%D9%8A%D9%85%D8%A7%D8%A1+%D9%84%D9%84%D8%A7%D8%AD%D8%AA%D9%8A%D8%A7%D8%AC%D8%A7%D8%AA+%D8%A7%D9%84%D8%AE%D8%A7%D8%B5%D9%87%E2%80%AD/@27.6157627,38.5535264,17z/data=!3m1!4b1!4m6!3m5!1s0x15a6d647f951dd6f:0xbce33d7732678d7b!8m2!3d27.6157627!4d38.5509515!16s%2Fg%2F11c56qtdhp?entry=ttu&g_ep=EgoyMDI2MDUxMy4wIKXMDSoASAFQAw%3D%3D",
        "place_category": "مركز المدارس",
        "place_address": "JH82+894، المنتزة، تيماء 45911",
        "place_rating": 3.6,
        "place_review_count": null
      }
    },
    {
      "type": "Feature",
      "geometry": {
        "type": "Point",
        "coordinates": [
          42.907624,
          16.6415
        ]
      },
      "properties": {
        "School": "مركز الأنامل الحانية للرعاية النهارية",
        "Region": "منطقة جــازان",
        "City": "محافظة صامطة",
        "Type": "مركز شامل",
        "Gender": "ذكور",
        "MaleStudents": "37",
        "FemaleStudents": "0",
        "SchoolCapacity": "73",
        "place_name": "مركز الأنامل الحانية صامطة",
        "place_url": "https://www.google.com/maps/place/%D9%85%D8%B1%D9%83%D8%B2+%D8%A7%D9%84%D8%A3%D9%86%D8%A7%D9%85%D9%84+%D8%A7%D9%84%D8%AD%D8%A7%D9%86%D9%8A%D8%A9+%D8%B5%D8%A7%D9%85%D8%B7%D8%A9%E2%80%AD/@16.6415,42.9101989,17z/data=!3m1!4b1!4m6!3m5!1s0x1607bf95797037d5:0x2e7c86ffcbc4602b!8m2!3d16.6415!4d42.907624!16s%2Fg%2F11kqw4lk9s?entry=ttu&g_ep=EgoyMDI2MDUxMy4wIKXMDSoASAFQAw%3D%3D",
        "place_category": null,
        "place_address": "JWR5+J2، الزاوية 86383",
        "place_rating": 4.3,
        "place_review_count": 36
      }
    },
    {
      "type": "Feature",
      "geometry": {
        "type": "Point",
        "coordinates": [
          42.907624,
          16.6415
        ]
      },
      "properties": {
        "School": "مركز الأنامل الحانية للرعاية النهارية - إناث",
        "Region": "منطقة جــازان",
        "City": "محافظة صامطة",
        "Type": "مركز شامل",
        "Gender": "اناث",
        "MaleStudents": "0",
        "FemaleStudents": "100",
        "SchoolCapacity": "136",
        "place_name": "مركز الأنامل الحانية صامطة",
        "place_url": "https://www.google.com/maps/place/%D9%85%D8%B1%D9%83%D8%B2+%D8%A7%D9%84%D8%A3%D9%86%D8%A7%D9%85%D9%84+%D8%A7%D9%84%D8%AD%D8%A7%D9%86%D9%8A%D8%A9+%D8%B5%D8%A7%D9%85%D8%B7%D8%A9%E2%80%AD/@16.6415,42.9101989,17z/data=!3m1!4b1!4m6!3m5!1s0x1607bf95797037d5:0x2e7c86ffcbc4602b!8m2!3d16.6415!4d42.907624!16s%2Fg%2F11kqw4lk9s?entry=ttu&g_ep=EgoyMDI2MDUxMy4wIKXMDSoASAFQAw%3D%3D",
        "place_category": null,
        "place_address": "JWR5+J2، الزاوية 86383",
        "place_rating": 4.3,
        "place_review_count": 36
      }
    },
    {
      "type": "Feature",
      "geometry": {
        "type": "Point",
        "coordinates": [
          44.8183594,
          26.3214625
        ]
      },
      "properties": {
        "School": "مركز رواد التأهيل للرعاية النهارية - ذكور",
        "Region": "منطقة الريـــاض",
        "City": "محافظة الزلفي",
        "Type": "مركز شامل",
        "Gender": "ذكور",
        "MaleStudents": "60",
        "FemaleStudents": "0",
        "SchoolCapacity": "98",
        "place_name": "مركز رواد التأهيل للرعاية النهارية (قسم البنين) بمحافظة الزلفي",
        "place_url": "https://www.google.com/maps/place/%D9%85%D8%B1%D9%83%D8%B2+%D8%B1%D9%88%D8%A7%D8%AF+%D8%A7%D9%84%D8%AA%D8%A3%D9%87%D9%8A%D9%84+%D9%84%D9%84%D8%B1%D8%B9%D8%A7%D9%8A%D8%A9+%D8%A7%D9%84%D9%86%D9%87%D8%A7%D8%B1%D9%8A%D8%A9+(%D9%82%D8%B3%D9%85+%D8%A7%D9%84%D8%A8%D9%86%D9%8A%D9%86)+%D8%A8%D9%85%D8%AD%D8%A7%D9%81%D8%B8%D8%A9+%D8%A7%D9%84%D8%B2%D9%84%D9%81%D9%8A%E2%80%AD/@26.3214675,44.8209302,17z/data=!4m10!1m2!2m1!1z2YXYsdmD2LIg2LHZiNin2K8g2KfZhNiq2KPZh9mK2YQg2YTZhNix2LnYp9mK2Kkg2KfZhNmG2YfYp9ix2YrYqSAtINiw2YPZiNixLCDZhdit2KfZgdi42Kkg2KfZhNiy2YTZgdmKLCDZhdmG2LfZgtipINin2YTYsdmK2YDZgNmA2KfYtg!3m6!1s0x157fdd19e599af71:0x906e1d25d832496a!8m2!3d26.3214625!4d44.8183594!15sCoUB2YXYsdmD2LIg2LHZiNin2K8g2KfZhNiq2KPZh9mK2YQg2YTZhNix2LnYp9mK2Kkg2KfZhNmG2YfYp9ix2YrYqSAtINiw2YPZiNixLCDZhdit2KfZgdi42Kkg2KfZhNiy2YTZgdmKLCDZhdmG2LfZgtipINin2YTYsdmK2YDZgNmA2KfYtlp9InvZhdix2YPYsiDYsdmI2KfYryDYp9mE2KrYo9mH2YrZhCDZhNmE2LHYudin2YrYqSDYp9mE2YbZh9in2LHZitipINiw2YPZiNixINmF2K3Yp9mB2LjYqSDYp9mE2LLZhNmB2Yog2YXZhti32YLYqSDYp9mE2LHZitin2LaSARVhZHVsdF9kYXlfY2FyZV9jZW50ZXKaASRDaGREU1VoTk1HOW5TMFZKUTBGblNVUTFObk5UUTNsM1JSQULgAQD6AQQIABA5!16s%2Fg%2F11vbqvvt19?entry=ttu&g_ep=EgoyMDI2MDUxMy4wIKXMDSoASAFQAw%3D%3D",
        "place_category": "مركز رعاية نهارية للكبار",
        "place_address": "8RC9+H8Q، السلام، الزلفي 15972",
        "place_rating": 4.9,
        "place_review_count": 4
      }
    },
    {
      "type": "Feature",
      "geometry": {
        "type": "Point",
        "coordinates": [
          49.5505625,
          27.1406875
        ]
      },
      "properties": {
        "School": "مركز ارادة وتمكين لمتلازمة داون",
        "Region": "المنطقة الشرقيـــة",
        "City": "محافظة الجبيل",
        "Type": "مركز متلازمه داون",
        "Gender": "اناث",
        "MaleStudents": "0",
        "FemaleStudents": "17",
        "SchoolCapacity": "40",
        "place_name": "مركز الجبيل لمتلازمة داون",
        "place_url": "https://www.google.com/maps/place/%D9%85%D8%B1%D9%83%D8%B2+%D8%A7%D9%84%D8%AC%D8%A8%D9%8A%D9%84+%D9%84%D9%85%D8%AA%D9%84%D8%A7%D8%B2%D9%85%D8%A9+%D8%AF%D8%A7%D9%88%D9%86%E2%80%AD/@27.1421121,49.5721852,14z/data=!4m10!1m2!2m1!1z2YXYsdmD2LIg2KfYsdin2K_YqSDZiNiq2YXZg9mK2YYg2YTZhdiq2YTYp9iy2YXYqSDYr9in2YjZhiwg2YXYrdin2YHYuNipINin2YTYrNio2YrZhCwg2KfZhNmF2YbYt9mC2Kkg2KfZhNi02LHZgtmK2YDZgNmA2Kk!3m6!1s0x3e350fdd1ed3726f:0xa5d1ee0a822fc460!8m2!3d27.1406875!4d49.5505625!15sCnrZhdix2YPYsiDYp9ix2KfYr9ipINmI2KrZhdmD2YrZhiDZhNmF2KrZhNin2LLZhdipINiv2KfZiNmGLCDZhdit2KfZgdi42Kkg2KfZhNis2KjZitmELCDYp9mE2YXZhti32YLYqSDYp9mE2LTYsdmC2YrZgNmA2YDYqVp0InLZhdix2YPYsiDYp9ix2KfYr9ipINmI2KrZhdmD2YrZhiDZhNmF2KrZhNin2LLZhdipINiv2KfZiNmGINmF2K3Yp9mB2LjYqSDYp9mE2KzYqNmK2YQg2KfZhNmF2YbYt9mC2Kkg2KfZhNi02LHZgtmK2KmSARVzb2NpYWxfd2VsZmFyZV9jZW50ZXKaASRDaGREU1VoTk1HOW5TMFZKUTBGblNVUktNMHhUWXpGQlJSQULgAQD6AQQIABA-!16s%2Fg%2F11c5g7zpt2?entry=ttu&g_ep=EgoyMDI2MDUxMy4wIKXMDSoASAFQAw%3D%3D",
        "place_category": "مركز رعاية اجتماعية",
        "place_address": "4HR2+76، الفناتير، الجبيل 35815",
        "place_rating": 4.5,
        "place_review_count": 4
      }
    },
    {
      "type": "Feature",
      "geometry": null,
      "properties": {
        "School": "مركز الآمال المشرقة للرعاية النهارية",
        "Region": "منطقة عسيــر",
        "City": "محافظة خميس  مشيط",
        "Type": "مركز شامل",
        "Gender": "ذكور",
        "MaleStudents": "102",
        "FemaleStudents": "0",
        "SchoolCapacity": "158"
      }
    },
    {
      "type": "Feature",
      "geometry": null,
      "properties": {
        "School": "مؤسسة بداية علاج",
        "Region": "المنطقة الشرقيـــة",
        "City": "محافظة الاحساء",
        "Type": "مركز شامل",
        "Gender": "اناث",
        "MaleStudents": "0",
        "FemaleStudents": "28",
        "SchoolCapacity": "130"
      }
    },
    {
      "type": "Feature",
      "geometry": {
        "type": "Point",
        "coordinates": [
          47.3038955,
          24.1587952
        ]
      },
      "properties": {
        "School": "مركز ذوي الارادة لرعاية ذوي الاحتياجات الخاصة",
        "Region": "منطقة الريـــاض",
        "City": "محافظة الخرج",
        "Type": "مركز شامل",
        "Gender": "كلا الجنسين",
        "MaleStudents": "132",
        "FemaleStudents": "132",
        "SchoolCapacity": "152",
        "place_name": "مركز ذوي الإرادة لرعاية ذوي الإعاقة",
        "place_url": "https://www.google.com/maps/place/%D9%85%D8%B1%D9%83%D8%B2+%D8%B0%D9%88%D9%8A+%D8%A7%D9%84%D8%A5%D8%B1%D8%A7%D8%AF%D8%A9+%D9%84%D8%B1%D8%B9%D8%A7%D9%8A%D8%A9+%D8%B0%D9%88%D9%8A+%D8%A7%D9%84%D8%A5%D8%B9%D8%A7%D9%82%D8%A9%E2%80%AD/@24.1615029,47.343433,14z/data=!4m10!1m2!2m1!1z2YXYsdmD2LIg2LDZiNmKINin2YTYp9ix2KfYr9ipINmE2LHYudin2YrYqSDYsNmI2Yog2KfZhNin2K3YqtmK2KfYrNin2Kog2KfZhNiu2KfYtdipLCDZhdit2KfZgdi42Kkg2KfZhNiu2LHYrCwg2YXZhti32YLYqSDYp9mE2LHZitmA2YDZgNin2LY!3m6!1s0x3e254f25baa07743:0x9b90e61935fedec7!8m2!3d24.1587952!4d47.3038955!15sCowB2YXYsdmD2LIg2LDZiNmKINin2YTYp9ix2KfYr9ipINmE2LHYudin2YrYqSDYsNmI2Yog2KfZhNin2K3YqtmK2KfYrNin2Kog2KfZhNiu2KfYtdipLCDZhdit2KfZgdi42Kkg2KfZhNiu2LHYrCwg2YXZhti32YLYqSDYp9mE2LHZitmA2YDZgNin2LZahwEihAHZhdix2YPYsiDYsNmI2Yog2KfZhNin2LHYp9iv2Kkg2YTYsdi52KfZitipINiw2YjZiiDYp9mE2KfYrdiq2YrYp9is2KfYqiDYp9mE2K7Yp9i12Kkg2YXYrdin2YHYuNipINin2YTYrtix2Kwg2YXZhti32YLYqSDYp9mE2LHZitin2LaSARVzb2NpYWxfd2VsZmFyZV9jZW50ZXKaASRDaGREU1VoTk1HOW5TMFZKUTBGblNVUnVkazV1T1Y5M1JSQULgAQD6AQQIABAq!16s%2Fg%2F11ssm2qlb1?entry=ttu&g_ep=EgoyMDI2MDUxMy4wIKXMDSoASAFQAw%3D%3D",
        "place_category": "مركز رعاية اجتماعية",
        "place_address": "OKSB7706، 2912 الأمير نايف بن عبد العزيز، 7706، الخرج 16278",
        "place_rating": 4.5,
        "place_review_count": 4
      }
    },
    {
      "type": "Feature",
      "geometry": null,
      "properties": {
        "School": "مركز ايادي نجد للرعاية النهارية -  فرع الخفجي",
        "Region": "المنطقة الشرقيـــة",
        "City": "محافظة الخفجي",
        "Type": "مركز شامل",
        "Gender": "اناث",
        "MaleStudents": "0",
        "FemaleStudents": "60",
        "SchoolCapacity": "71"
      }
    },
    {
      "type": "Feature",
      "geometry": {
        "type": "Point",
        "coordinates": [
          42.9127284,
          23.8858251
        ]
      },
      "properties": {
        "School": "مركز التمكين الشامل للرعاية النهارية",
        "Region": "منطقة الريـــاض",
        "City": "محافظة عفيف",
        "Type": "مركز شامل",
        "Gender": "اناث",
        "MaleStudents": "0",
        "FemaleStudents": "89",
        "SchoolCapacity": "184",
        "place_name": "مركز التمكين الشامل للرعاية النهارية بعفيف",
        "place_url": "https://www.google.com/maps/place/%D9%85%D8%B1%D9%83%D8%B2+%D8%A7%D9%84%D8%AA%D9%85%D9%83%D9%8A%D9%86+%D8%A7%D9%84%D8%B4%D8%A7%D9%85%D9%84+%D9%84%D9%84%D8%B1%D8%B9%D8%A7%D9%8A%D8%A9+%D8%A7%D9%84%D9%86%D9%87%D8%A7%D8%B1%D9%8A%D8%A9+%D8%A8%D8%B9%D9%81%D9%8A%D9%81%E2%80%AD/@23.8858251,42.9153033,17z/data=!3m1!4b1!4m6!3m5!1s0x158fb9002adae119:0x94e694756f94a934!8m2!3d23.8858251!4d42.9127284!16s%2Fg%2F11lcnckbl7?entry=ttu&g_ep=EgoyMDI2MDUxMy4wIKXMDSoASAFQAw%3D%3D",
        "place_category": "المركز التعليمي",
        "place_address": "VWP7+83Q مركز التمكين الشامل للرعاية النهارية، الملز، عفيف 17576",
        "place_rating": 4.3,
        "place_review_count": 36
      }
    },
    {
      "type": "Feature",
      "geometry": {
        "type": "Point",
        "coordinates": [
          39.1820531,
          21.5612192
        ]
      },
      "properties": {
        "School": "مركز الرعاية الذكية للرعاية النهارية",
        "Region": "منطقة مكة المكرمـة",
        "City": "محافظة جدة",
        "Type": "مركز شامل",
        "Gender": "ذكور",
        "MaleStudents": "27",
        "FemaleStudents": "0",
        "SchoolCapacity": "109",
        "place_name": "مركز الرعايه الذكيه",
        "place_url": "https://www.google.com/maps/place/%D9%85%D8%B1%D9%83%D8%B2+%D8%A7%D9%84%D8%B1%D8%B9%D8%A7%D9%8A%D9%87+%D8%A7%D9%84%D8%B0%D9%83%D9%8A%D9%87%E2%80%AD/@21.5612192,39.218102,14z/data=!4m10!1m2!2m1!1z2YXYsdmD2LIg2KfZhNix2LnYp9mK2Kkg2KfZhNiw2YPZitipINmE2YTYsdi52KfZitipINin2YTZhtmH2KfYsdmK2KksINmF2K3Yp9mB2LjYqSDYrNiv2KksINmF2YbYt9mC2Kkg2YXZg9ipINin2YTZhdmD2LHZhdmA2Kk!3m6!1s0x15c3d10df1e662ef:0xb6e3a46bf07a5f59!8m2!3d21.5612192!4d39.1820531!15sCn3Zhdix2YPYsiDYp9mE2LHYudin2YrYqSDYp9mE2LDZg9mK2Kkg2YTZhNix2LnYp9mK2Kkg2KfZhNmG2YfYp9ix2YrYqSwg2YXYrdin2YHYuNipINis2K_YqSwg2YXZhti32YLYqSDZhdmD2Kkg2KfZhNmF2YPYsdmF2YDYqVp7InnZhdix2YPYsiDYp9mE2LHYudin2YrYqSDYp9mE2LDZg9mK2Kkg2YTZhNix2LnYp9mK2Kkg2KfZhNmG2YfYp9ix2YrYqSDZhdit2KfZgdi42Kkg2KzYr9ipINmF2YbYt9mC2Kkg2YXZg9ipINin2YTZhdmD2LHZhdipkgETZm9zdGVyX2NhcmVfc2VydmljZZoBRENpOURRVWxSUVVOdlpFTm9kSGxqUmpsdlQydEdjRlZ0VGt4a01VSTFUa1JXTkUweVpFOVJNVTVFVGxkWmVtRnJSUkFC4AEA-gEECAAQJg!16s%2Fg%2F11ssb0wsms?entry=ttu&g_ep=EgoyMDI2MDUxMy4wIKXMDSoASAFQAw%3D%3D",
        "place_category": "خدمة الرعاية البديلة",
        "place_address": "H56J+FR4، شارع السيدة خديجة، الفيصلية، جدة 23441",
        "place_rating": 3.6,
        "place_review_count": 3
      }
    },
    {
      "type": "Feature",
      "geometry": {
        "type": "Point",
        "coordinates": [
          44.2164249,
          17.5448844
        ]
      },
      "properties": {
        "School": "مركزابطال نور للرعاية النهارية",
        "Region": "منطقة نجـــران",
        "City": "نجران",
        "Type": "مركز شامل",
        "Gender": "اناث",
        "MaleStudents": "0",
        "FemaleStudents": "24",
        "SchoolCapacity": "48",
        "place_name": "مركز أبطال نور للرعاية النهارية",
        "place_url": "https://www.google.com/maps/place/%D9%85%D8%B1%D9%83%D8%B2+%D8%A3%D8%A8%D8%B7%D8%A7%D9%84+%D9%86%D9%88%D8%B1+%D9%84%D9%84%D8%B1%D8%B9%D8%A7%D9%8A%D8%A9+%D8%A7%D9%84%D9%86%D9%87%D8%A7%D8%B1%D9%8A%D8%A9%E2%80%AD/@17.5448844,44.2189998,17z/data=!3m1!4b1!4m6!3m5!1s0x15fec35f3d4cae4d:0x118166d081cb52c9!8m2!3d17.5448844!4d44.2164249!16s%2Fg%2F11vk_dkvcc?entry=ttu&g_ep=EgoyMDI2MDUxMy4wIKXMDSoASAFQAw%3D%3D",
        "place_category": "حضانة أطفال",
        "place_address": "حي الفيصلية, NJMB7004، 7004 عثمان بن عفان، 4312, نجران 66251",
        "place_rating": 4.6,
        "place_review_count": 27
      }
    },
    {
      "type": "Feature",
      "geometry": {
        "type": "Point",
        "coordinates": [
          38.195107,
          30.4964801
        ]
      },
      "properties": {
        "School": "مركز ايادي نجد للرعاية النهارية",
        "Region": "منطقة الجـــوف",
        "City": "محافظة طبرجل",
        "Type": "مركز شامل",
        "Gender": "اناث",
        "MaleStudents": "0",
        "FemaleStudents": "90",
        "SchoolCapacity": "94",
        "place_name": "مركز ايادي نجد للرعاية النهارية",
        "place_url": "https://www.google.com/maps/place/%D9%85%D8%B1%D9%83%D8%B2+%D8%A7%D9%8A%D8%A7%D8%AF%D9%8A+%D9%86%D8%AC%D8%AF+%D9%84%D9%84%D8%B1%D8%B9%D8%A7%D9%8A%D8%A9+%D8%A7%D9%84%D9%86%D9%87%D8%A7%D8%B1%D9%8A%D8%A9%E2%80%AD/@30.4964801,38.1976819,17z/data=!3m1!4b1!4m6!3m5!1s0x150e454fb66af985:0xf067f00ac0d965c!8m2!3d30.4964801!4d38.195107!16s%2Fg%2F11l245v6zy?entry=ttu&g_ep=EgoyMDI2MDUxMy4wIKXMDSoASAFQAw%3D%3D",
        "place_category": "حضانة أطفال",
        "place_address": "F5WW+H2X، حي الورود، طبرجل 74766",
        "place_rating": 5.0,
        "place_review_count": 5
      }
    },
    {
      "type": "Feature",
      "geometry": {
        "type": "Point",
        "coordinates": [
          42.8245091,
          16.9802768
        ]
      },
      "properties": {
        "School": "مركز بسمة فرح لرعاية ذوي الاحتياجات الخاصة",
        "Region": "منطقة جــازان",
        "City": "محافظة أبوعريش",
        "Type": "مركز شامل",
        "Gender": "اناث",
        "MaleStudents": "0",
        "FemaleStudents": "134",
        "SchoolCapacity": "133",
        "place_name": "مركز بسمة فرح لرعاية ذوي الاحتياجات الخاصة",
        "place_url": "https://www.google.com/maps/place/%D9%85%D8%B1%D9%83%D8%B2+%D8%A8%D8%B3%D9%85%D8%A9+%D9%81%D8%B1%D8%AD+%D9%84%D8%B1%D8%B9%D8%A7%D9%8A%D8%A9+%D8%B0%D9%88%D9%8A+%D8%A7%D9%84%D8%A7%D8%AD%D8%AA%D9%8A%D8%A7%D8%AC%D8%A7%D8%AA+%D8%A7%D9%84%D8%AE%D8%A7%D8%B5%D8%A9%E2%80%AD/@16.9802768,42.827084,17z/data=!3m1!4b1!4m6!3m5!1s0x1607f586fcbc8f6b:0x9c36c813e7b2076c!8m2!3d16.9802768!4d42.8245091!16s%2Fg%2F11stx9wxjc?entry=ttu&g_ep=EgoyMDI2MDUxMy4wIKXMDSoASAFQAw%3D%3D",
        "place_category": "مركز لرعاية الأطفال",
        "place_address": "النهضة، أبو عريش 84717",
        "place_rating": 4.9,
        "place_review_count": 49
      }
    },
    {
      "type": "Feature",
      "geometry": {
        "type": "Point",
        "coordinates": [
          49.6076457,
          25.3625177
        ]
      },
      "properties": {
        "School": "مركز فطين للرعاية النهارية",
        "Region": "المنطقة الشرقيـــة",
        "City": "محافظة الاحساء",
        "Type": "مركز شامل",
        "Gender": "اناث",
        "MaleStudents": "0",
        "FemaleStudents": "47",
        "SchoolCapacity": "75",
        "place_name": "مركز فطين للرعاية النهارية",
        "place_url": "https://www.google.com/maps/place/%D9%85%D8%B1%D9%83%D8%B2+%D9%81%D8%B7%D9%8A%D9%86+%D9%84%D9%84%D8%B1%D8%B9%D8%A7%D9%8A%D8%A9+%D8%A7%D9%84%D9%86%D9%87%D8%A7%D8%B1%D9%8A%D8%A9%E2%80%AD/@25.3625177,49.6102206,17z/data=!3m1!4b1!4m6!3m5!1s0x3e3791003c77ac4f:0x711de162e3fd0084!8m2!3d25.3625177!4d49.6076457!16s%2Fg%2F11yry50dhp?entry=ttu&g_ep=EgoyMDI2MDUxMy4wIKXMDSoASAFQAw%3D%3D",
        "place_category": "مركز لرعاية الأطفال",
        "place_address": "الشهابية، FHDB3125, 6399, الهفوف 36364",
        "place_rating": 5.0,
        "place_review_count": null
      }
    },
    {
      "type": "Feature",
      "geometry": {
        "type": "Point",
        "coordinates": [
          46.7972487,
          24.7144504
        ]
      },
      "properties": {
        "School": "مركز وثبة لرعاية ذوي الاحتياجات الخاصة",
        "Region": "منطقة الريـــاض",
        "City": "الرياض",
        "Type": "مركز شامل",
        "Gender": "اناث",
        "MaleStudents": "0",
        "FemaleStudents": "28",
        "SchoolCapacity": "188",
        "place_name": "مركز وثبة لرعاية وتأهيل ذوي الإعاقة",
        "place_url": "https://www.google.com/maps/place/%D9%85%D8%B1%D9%83%D8%B2+%D9%88%D8%AB%D8%A8%D8%A9+%D9%84%D8%B1%D8%B9%D8%A7%D9%8A%D8%A9+%D9%88%D8%AA%D8%A3%D9%87%D9%8A%D9%84+%D8%B0%D9%88%D9%8A+%D8%A7%D9%84%D8%A5%D8%B9%D8%A7%D9%82%D8%A9%E2%80%AD/@24.7144504,46.7998236,17z/data=!3m1!4b1!4m6!3m5!1s0x3e2f014b02718119:0xf83870c384470449!8m2!3d24.7144504!4d46.7972487!16s%2Fg%2F11t9w8qpd_?entry=ttu&g_ep=EgoyMDI2MDUxMy4wIKXMDSoASAFQAw%3D%3D",
        "place_category": "مؤسسة تعليمية",
        "place_address": "6218، حي، المنار، 3406 الامام احمد بن حنبل RQMA3406، الرياض 14222",
        "place_rating": 4.4,
        "place_review_count": 60
      }
    },
    {
      "type": "Feature",
      "geometry": {
        "type": "Point",
        "coordinates": [
          46.7060682,
          24.7850463
        ]
      },
      "properties": {
        "School": "مركز الرعاية النموذجي للتأهيل",
        "Region": "منطقة الريـــاض",
        "City": "الرياض",
        "Type": "مركز شامل",
        "Gender": "اناث",
        "MaleStudents": "0",
        "FemaleStudents": "55",
        "SchoolCapacity": "200",
        "place_name": "مركز الرعاية النموذجي للتأهيل",
        "place_url": "https://www.google.com/maps/place/%D9%85%D8%B1%D9%83%D8%B2+%D8%A7%D9%84%D8%B1%D8%B9%D8%A7%D9%8A%D8%A9+%D8%A7%D9%84%D9%86%D9%85%D9%88%D8%B0%D8%AC%D9%8A+%D9%84%D9%84%D8%AA%D8%A3%D9%87%D9%8A%D9%84%E2%80%AD/@24.7850463,46.7086431,17z/data=!3m1!4b1!4m6!3m5!1s0x3e2efd2cd5be2305:0xb164bba9480e183b!8m2!3d24.7850463!4d46.7060682!16s%2Fg%2F11kr80fzc0?entry=ttu&g_ep=EgoyMDI2MDUxMy4wIKXMDSoASAFQAw%3D%3D",
        "place_category": "مجمع عمارات",
        "place_address": "7807 الطريق الدائري الشمالي، 2143، الرياض 12487",
        "place_rating": 3.6,
        "place_review_count": 62
      }
    },
    {
      "type": "Feature",
      "geometry": null,
      "properties": {
        "School": "مركز فكر الطفل للرعاية النهارية",
        "Region": "المنطقة الشرقيـــة",
        "City": "محافظة حفر الباطن",
        "Type": "مركز شامل",
        "Gender": "اناث",
        "MaleStudents": "0",
        "FemaleStudents": "52",
        "SchoolCapacity": "61"
      }
    },
    {
      "type": "Feature",
      "geometry": {
        "type": "Point",
        "coordinates": [
          46.5869071,
          24.7757151
        ]
      },
      "properties": {
        "School": "جمعية صوت متلازمة داون",
        "Region": "منطقة الريـــاض",
        "City": "الرياض",
        "Type": "مركز متلازمه داون",
        "Gender": "اناث",
        "MaleStudents": "0",
        "FemaleStudents": "118",
        "SchoolCapacity": "200",
        "place_name": "جمعية صوت متلازمة داون",
        "place_url": "https://www.google.com/maps/place/%D8%AC%D9%85%D8%B9%D9%8A%D8%A9+%D8%B5%D9%88%D8%AA+%D9%85%D8%AA%D9%84%D8%A7%D8%B2%D9%85%D8%A9+%D8%AF%D8%A7%D9%88%D9%86%E2%80%AD/@24.7757151,46.589482,17z/data=!3m1!4b1!4m6!3m5!1s0x3e2ee15ba5623ac1:0xbca94acb47ded595!8m2!3d24.7757151!4d46.5869071!16s%2Fg%2F11c4804nqn?entry=ttu&g_ep=EgoyMDI2MDUxMy4wIKXMDSoASAFQAw%3D%3D",
        "place_category": "مؤسسة خيرية",
        "place_address": "الكفاح، حطين، 24°46'34.7\"N 46°35'11., الرياض",
        "place_rating": 4.2,
        "place_review_count": 68
      }
    },
    {
      "type": "Feature",
      "geometry": {
        "type": "Point",
        "coordinates": [
          50.0700678,
          26.4286945
        ]
      },
      "properties": {
        "School": "مركز التمكين الشامل للرعاية النهارية",
        "Region": "المنطقة الشرقيـــة",
        "City": "الدمام",
        "Type": "مركز شامل",
        "Gender": "ذكور",
        "MaleStudents": "0",
        "FemaleStudents": "0",
        "SchoolCapacity": "197",
        "place_name": "مركز التمكين الشامل للرعاية النهارية",
        "place_url": "https://www.google.com/maps/place/%D9%85%D8%B1%D9%83%D8%B2+%D8%A7%D9%84%D8%AA%D9%85%D9%83%D9%8A%D9%86+%D8%A7%D9%84%D8%B4%D8%A7%D9%85%D9%84+%D9%84%D9%84%D8%B1%D8%B9%D8%A7%D9%8A%D8%A9+%D8%A7%D9%84%D9%86%D9%87%D8%A7%D8%B1%D9%8A%D8%A9%E2%80%AD/@26.4286945,50.0726427,17z/data=!3m1!4b1!4m6!3m5!1s0x3e49fd00347c06a1:0x4351b31fec69090e!8m2!3d26.4286945!4d50.0700678!16s%2Fg%2F11vxcm5m67?entry=ttu&g_ep=EgoyMDI2MDUxMy4wIKXMDSoASAFQAw%3D%3D",
        "place_category": "المركز التعليمي",
        "place_address": "حي الجلوية، EDJA8041، 8041 26د، 3994، الدمام 32246",
        "place_rating": 4.2,
        "place_review_count": 32
      }
    },
    {
      "type": "Feature",
      "geometry": null,
      "properties": {
        "School": "مركز نظرة تفاؤل للرعاية النهارية",
        "Region": "منطقة عسيــر",
        "City": "محافظة بيشة",
        "Type": "مركز شامل",
        "Gender": "اناث",
        "MaleStudents": "0",
        "FemaleStudents": "78",
        "SchoolCapacity": "119"
      }
    },
    {
      "type": "Feature",
      "geometry": {
        "type": "Point",
        "coordinates": [
          45.9720428,
          28.3970029
        ]
      },
      "properties": {
        "School": "مركز التمكين الشامل للرعاية النهارية",
        "Region": "المنطقة الشرقيـــة",
        "City": "محافظة حفر الباطن",
        "Type": "مركز شامل",
        "Gender": "اناث",
        "MaleStudents": "0",
        "FemaleStudents": "46",
        "SchoolCapacity": "200",
        "place_name": "مركز التمكين الشامل للرعاية النهارية",
        "place_url": "https://www.google.com/maps/place/%D9%85%D8%B1%D9%83%D8%B2+%D8%A7%D9%84%D8%AA%D9%85%D9%83%D9%8A%D9%86+%D8%A7%D9%84%D8%B4%D8%A7%D9%85%D9%84+%D9%84%D9%84%D8%B1%D8%B9%D8%A7%D9%8A%D8%A9+%D8%A7%D9%84%D9%86%D9%87%D8%A7%D8%B1%D9%8A%D8%A9%E2%80%AD/@28.3970029,45.9746177,17z/data=!3m1!4b1!4m6!3m5!1s0x3fd73f00692c1e83:0xf8d5095c23275be1!8m2!3d28.3970029!4d45.9720428!16s%2Fg%2F11ms5cl174?entry=ttu&g_ep=EgoyMDI2MDUxMy4wIKXMDSoASAFQAw%3D%3D",
        "place_category": "مركز إعادة التأهيل",
        "place_address": "2792 أبو بكر الصديق، الواحة، حفر الباطن 39913",
        "place_rating": 5.0,
        "place_review_count": null
      }
    },
    {
      "type": "Feature",
      "geometry": {
        "type": "Point",
        "coordinates": [
          47.0921415,
          17.4847843
        ]
      },
      "properties": {
        "School": "مركز همة شرورة للرعاية النهارية",
        "Region": "منطقة نجـــران",
        "City": "محافظة شرورة",
        "Type": "مركز شامل",
        "Gender": "ذكور",
        "MaleStudents": "0",
        "FemaleStudents": "0",
        "SchoolCapacity": "50",
        "place_name": "مركز همة شرورة",
        "place_url": "https://www.google.com/maps/place/%D9%85%D8%B1%D9%83%D8%B2+%D9%87%D9%85%D8%A9+%D8%B4%D8%B1%D9%88%D8%B1%D8%A9%E2%80%AD/@17.4847843,47.0947164,17z/data=!3m1!4b1!4m6!3m5!1s0x3e07b7fc3f755785:0x63b10abd264f8eb0!8m2!3d17.4847843!4d47.0921415!16s%2Fg%2F11pd7gjl5b?entry=ttu&g_ep=EgoyMDI2MDUxMy4wIKXMDSoASAFQAw%3D%3D",
        "place_category": "خدمة رعاية الأسرة النهارية",
        "place_address": "نايف بن عبدالعزيز، مخطط ا، شرورة 68372",
        "place_rating": 4.7,
        "place_review_count": 14
      }
    },
    {
      "type": "Feature",
      "geometry": {
        "type": "Point",
        "coordinates": [
          40.4649875,
          21.4733285
        ]
      },
      "properties": {
        "School": "مركز ارادة الهمم للرعاية النهارية",
        "Region": "منطقة مكة المكرمـة",
        "City": "محافظة الطائف",
        "Type": "مركز شامل",
        "Gender": "اناث",
        "MaleStudents": "0",
        "FemaleStudents": "10",
        "SchoolCapacity": "70",
        "place_name": "مركز إرادة الهمم للرعاية النهارية",
        "place_url": "https://www.google.com/maps/place/%D9%85%D8%B1%D9%83%D8%B2+%D8%A5%D8%B1%D8%A7%D8%AF%D8%A9+%D8%A7%D9%84%D9%87%D9%85%D9%85+%D9%84%D9%84%D8%B1%D8%B9%D8%A7%D9%8A%D8%A9+%D8%A7%D9%84%D9%86%D9%87%D8%A7%D8%B1%D9%8A%D8%A9%E2%80%AD/@21.4733285,40.4675624,17z/data=!3m1!4b1!4m6!3m5!1s0x15ea25000f6f20b1:0x1fe843f98393eff6!8m2!3d21.4733285!4d40.4649875!16s%2Fg%2F11xl0s8m_1?entry=ttu&g_ep=EgoyMDI2MDUxMy4wIKXMDSoASAFQAw%3D%3D",
        "place_category": "هوستيل",
        "place_address": "حي، شارع الضمير، الواسط، الطائف 26579",
        "place_rating": 2.0,
        "place_review_count": null
      }
    },
    {
      "type": "Feature",
      "geometry": {
        "type": "Point",
        "coordinates": [
          42.9127284,
          23.8858251
        ]
      },
      "properties": {
        "School": "شركة التمكين الشامل للرعاية النهارية",
        "Region": "منطقة الريـــاض",
        "City": "محافظة عفيف",
        "Type": "مركز شامل",
        "Gender": "ذكور",
        "MaleStudents": "0",
        "FemaleStudents": "0",
        "SchoolCapacity": "184",
        "place_name": "مركز التمكين الشامل للرعاية النهارية بعفيف",
        "place_url": "https://www.google.com/maps/place/%D9%85%D8%B1%D9%83%D8%B2+%D8%A7%D9%84%D8%AA%D9%85%D9%83%D9%8A%D9%86+%D8%A7%D9%84%D8%B4%D8%A7%D9%85%D9%84+%D9%84%D9%84%D8%B1%D8%B9%D8%A7%D9%8A%D8%A9+%D8%A7%D9%84%D9%86%D9%87%D8%A7%D8%B1%D9%8A%D8%A9+%D8%A8%D8%B9%D9%81%D9%8A%D9%81%E2%80%AD/@23.8858251,42.9153033,17z/data=!3m1!4b1!4m6!3m5!1s0x158fb9002adae119:0x94e694756f94a934!8m2!3d23.8858251!4d42.9127284!16s%2Fg%2F11lcnckbl7?entry=ttu&g_ep=EgoyMDI2MDUxMy4wIKXMDSoASAFQAw%3D%3D",
        "place_category": "المركز التعليمي",
        "place_address": "VWP7+83Q مركز التمكين الشامل للرعاية النهارية، الملز، عفيف 17576",
        "place_rating": 4.3,
        "place_review_count": 36
      }
    },
    {
      "type": "Feature",
      "geometry": {
        "type": "Point",
        "coordinates": [
          39.6336435,
          24.4735518
        ]
      },
      "properties": {
        "School": "مركز التمكين الشامل للرعاية النهارية",
        "Region": "منطقة المدينة المنورة",
        "City": "المدينة المنورة",
        "Type": "مركز شامل",
        "Gender": "اناث",
        "MaleStudents": "0",
        "FemaleStudents": "116",
        "SchoolCapacity": "232",
        "place_name": "مركز التمكين الشامل للرعاية النهارية",
        "place_url": "https://www.google.com/maps/place/%D9%85%D8%B1%D9%83%D8%B2+%D8%A7%D9%84%D8%AA%D9%85%D9%83%D9%8A%D9%86+%D8%A7%D9%84%D8%B4%D8%A7%D9%85%D9%84+%D9%84%D9%84%D8%B1%D8%B9%D8%A7%D9%8A%D8%A9+%D8%A7%D9%84%D9%86%D9%87%D8%A7%D8%B1%D9%8A%D8%A9%E2%80%AD/@24.4735518,39.6362184,17z/data=!3m1!4b1!4m6!3m5!1s0x15bdbf065e77c9f7:0x4a9192332d0d9ed4!8m2!3d24.4735518!4d39.6336435!16s%2Fg%2F11v3pqs45_?entry=ttu&g_ep=EgoyMDI2MDUxMy4wIKXMDSoASAFQAw%3D%3D",
        "place_category": "المركز التعليمي",
        "place_address": "العريض، المدينة المنورة 42314",
        "place_rating": 5.0,
        "place_review_count": 72
      }
    },
    {
      "type": "Feature",
      "geometry": {
        "type": "Point",
        "coordinates": [
          49.6448583,
          25.9245551
        ]
      },
      "properties": {
        "School": "مركز التمكين الشامل للرعاية النهارية",
        "Region": "المنطقة الشرقيـــة",
        "City": "محافظة أبقيق",
        "Type": "مركز شامل",
        "Gender": "ذكور",
        "MaleStudents": "0",
        "FemaleStudents": "0",
        "SchoolCapacity": "150",
        "place_name": "مركز التمكين الشامل للرعاية النهارية",
        "place_url": "https://www.google.com/maps/place/%D9%85%D8%B1%D9%83%D8%B2+%D8%A7%D9%84%D8%AA%D9%85%D9%83%D9%8A%D9%86+%D8%A7%D9%84%D8%B4%D8%A7%D9%85%D9%84+%D9%84%D9%84%D8%B1%D8%B9%D8%A7%D9%8A%D8%A9+%D8%A7%D9%84%D9%86%D9%87%D8%A7%D8%B1%D9%8A%D8%A9%E2%80%AD/@25.9245551,49.6474332,17z/data=!3m1!4b1!4m6!3m5!1s0x3e36491952ab2477:0x1421b3ab2ed505c2!8m2!3d25.9245551!4d49.6448583!16s%2Fg%2F11krszqtyz?entry=ttu&g_ep=EgoyMDI2MDUxMy4wIKXMDSoASAFQAw%3D%3D",
        "place_category": "المركز التعليمي",
        "place_address": "7175 شارع عمر بن الخطاب، النزهة، 3373، بقيق 33261",
        "place_rating": 4.8,
        "place_review_count": 26
      }
    },
    {
      "type": "Feature",
      "geometry": {
        "type": "Point",
        "coordinates": [
          42.899933,
          16.630616
        ]
      },
      "properties": {
        "School": "مركز لمسة شفاء للرعاية النهارية",
        "Region": "منطقة جــازان",
        "City": "محافظة صامطة",
        "Type": "مركز شامل",
        "Gender": "اناث",
        "MaleStudents": "0",
        "FemaleStudents": "76",
        "SchoolCapacity": "165",
        "place_name": "مركز لمسة شفاء للرعاية النهارية بصامطه",
        "place_url": "https://www.google.com/maps/place/%D9%85%D8%B1%D9%83%D8%B2+%D9%84%D9%85%D8%B3%D8%A9+%D8%B4%D9%81%D8%A7%D8%A1+%D9%84%D9%84%D8%B1%D8%B9%D8%A7%D9%8A%D8%A9+%D8%A7%D9%84%D9%86%D9%87%D8%A7%D8%B1%D9%8A%D8%A9+%D8%A8%D8%B5%D8%A7%D9%85%D8%B7%D9%87%E2%80%AD/@16.630616,42.9025079,17z/data=!3m1!4b1!4m6!3m5!1s0x1607bf00206d2123:0x727e9dcd5020eec8!8m2!3d16.630616!4d42.899933!16s%2Fg%2F11vpr3lm8v?entry=ttu&g_ep=EgoyMDI2MDUxMy4wIKXMDSoASAFQAw%3D%3D",
        "place_category": "المركز التعليمي",
        "place_address": "6986 الملك سلمان بن عبدالعزيز، حي الورود، GSPB2356، 2356، صامطة 86383",
        "place_rating": 4.6,
        "place_review_count": 4
      }
    },
    {
      "type": "Feature",
      "geometry": {
        "type": "Point",
        "coordinates": [
          44.4253133,
          24.5505017
        ]
      },
      "properties": {
        "School": " مركز سلوك الرعاية النهارية",
        "Region": "منطقة الريـــاض",
        "City": "محافظة الدوادمي",
        "Type": "مركز شامل",
        "Gender": "اناث",
        "MaleStudents": "0",
        "FemaleStudents": "111",
        "SchoolCapacity": "175",
        "place_name": "مركز سلوك للرعاية النهارية",
        "place_url": "https://www.google.com/maps/place/%D9%85%D8%B1%D9%83%D8%B2+%D8%B3%D9%84%D9%88%D9%83+%D9%84%D9%84%D8%B1%D8%B9%D8%A7%D9%8A%D8%A9+%D8%A7%D9%84%D9%86%D9%87%D8%A7%D8%B1%D9%8A%D8%A9%E2%80%AD/@24.5505017,44.4278882,17z/data=!3m1!4b1!4m6!3m5!1s0x8861279fae62658f:0x7eeabc70197699c0!8m2!3d24.5505017!4d44.4253133!16s%2Fg%2F11vx6nh6qb?entry=ttu&g_ep=EgoyMDI2MDUxMy4wIKXMDSoASAFQAw%3D%3D",
        "place_category": "المدرسة التأهيلية",
        "place_address": "الامير عبدالرحمن بن عبدالعزيز، حطين، الدوادمي 17471",
        "place_rating": 4.7,
        "place_review_count": 17
      }
    },
    {
      "type": "Feature",
      "geometry": {
        "type": "Point",
        "coordinates": [
          41.6735922,
          27.548158
        ]
      },
      "properties": {
        "School": "مؤسسة سواعد وأفكار الرعاية النهارية",
        "Region": "منطقة حائــــل",
        "City": "حائل",
        "Type": "مركز شامل",
        "Gender": "ذكور",
        "MaleStudents": "72",
        "FemaleStudents": "0",
        "SchoolCapacity": "141",
        "place_name": "مركز سواعد و افكار",
        "place_url": "https://www.google.com/maps/place/%D9%85%D8%B1%D9%83%D8%B2+%D8%B3%D9%88%D8%A7%D8%B9%D8%AF+%D9%88+%D8%A7%D9%81%D9%83%D8%A7%D8%B1%E2%80%AD/@27.548158,41.6761671,17z/data=!3m1!4b1!4m6!3m5!1s0x157641005aa51a8d:0x763834c15c1bb855!8m2!3d27.548158!4d41.6735922!16s%2Fg%2F11w44bh6mv?entry=ttu&g_ep=EgoyMDI2MDUxMy4wIKXMDSoASAFQAw%3D%3D",
        "place_category": "المركز التعليمي",
        "place_address": "حي المنتزه الغربي، HADB7231، 7231 الحارث بن مره، 2913، حائل 55427",
        "place_rating": 4.9,
        "place_review_count": 50
      }
    },
    {
      "type": "Feature",
      "geometry": {
        "type": "Point",
        "coordinates": [
          41.6735922,
          27.548158
        ]
      },
      "properties": {
        "School": "مؤسسة سواعد و أفكار للرعاية النهارية",
        "Region": "منطقة حائــــل",
        "City": "حائل",
        "Type": "مركز شامل",
        "Gender": "اناث",
        "MaleStudents": "0",
        "FemaleStudents": "0",
        "SchoolCapacity": "141",
        "place_name": "مركز سواعد و افكار",
        "place_url": "https://www.google.com/maps/place/%D9%85%D8%B1%D9%83%D8%B2+%D8%B3%D9%88%D8%A7%D8%B9%D8%AF+%D9%88+%D8%A7%D9%81%D9%83%D8%A7%D8%B1%E2%80%AD/@27.548158,41.6761671,17z/data=!3m1!4b1!4m6!3m5!1s0x157641005aa51a8d:0x763834c15c1bb855!8m2!3d27.548158!4d41.6735922!16s%2Fg%2F11w44bh6mv?entry=ttu&g_ep=EgoyMDI2MDUxMy4wIKXMDSoASAFQAw%3D%3D",
        "place_category": "المركز التعليمي",
        "place_address": "حي المنتزه الغربي، HADB7231، 7231 الحارث بن مره، 2913، حائل 55427",
        "place_rating": 4.9,
        "place_review_count": 50
      }
    },
    {
      "type": "Feature",
      "geometry": {
        "type": "Point",
        "coordinates": [
          39.1153175,
          21.6939376
        ]
      },
      "properties": {
        "School": "مركز تطور الطفل للرعاية النهارية",
        "Region": "منطقة مكة المكرمـة",
        "City": "محافظة جدة",
        "Type": "مركز شامل",
        "Gender": "اناث",
        "MaleStudents": "0",
        "FemaleStudents": "30",
        "SchoolCapacity": "67",
        "place_name": "مركز تطور الطفل",
        "place_url": "https://www.google.com/maps/place/%D9%85%D8%B1%D9%83%D8%B2+%D8%AA%D8%B7%D9%88%D8%B1+%D8%A7%D9%84%D8%B7%D9%81%D9%84%E2%80%AD/@21.6939376,39.1178924,17z/data=!3m1!4b1!4m6!3m5!1s0x15c3d90073cd8b57:0x7efe010383626ab!8m2!3d21.6939376!4d39.1153175!16s%2Fg%2F11vkb6blxf?entry=ttu&g_ep=EgoyMDI2MDUxMy4wIKXMDSoASAFQAw%3D%3D",
        "place_category": "المركز التعليمي",
        "place_address": "الإمام البخاري، البساتين، جدة 43323",
        "place_rating": 4.8,
        "place_review_count": 61
      }
    },
    {
      "type": "Feature",
      "geometry": {
        "type": "Point",
        "coordinates": [
          45.3557672,
          26.5087725
        ]
      },
      "properties": {
        "School": "شركة روعة الحياة للتأهيل",
        "Region": "منطقة الريـــاض",
        "City": "محافظة المجمعة",
        "Type": "مركز شامل",
        "Gender": "كلا الجنسين",
        "MaleStudents": "16",
        "FemaleStudents": "15",
        "SchoolCapacity": "85",
        "place_name": "شركة روعة الحياه لتأهيل",
        "place_url": "https://www.google.com/maps/place/%D8%B4%D8%B1%D9%83%D8%A9+%D8%B1%D9%88%D8%B9%D8%A9+%D8%A7%D9%84%D8%AD%D9%8A%D8%A7%D9%87+%D9%84%D8%AA%D8%A3%D9%87%D9%8A%D9%84%E2%80%AD/@26.5087725,45.3583421,17z/data=!3m1!4b1!4m6!3m5!1s0x3fd513004eebbc87:0x277692cdbdedee16!8m2!3d26.5087725!4d45.3557672!16s%2Fg%2F11w32vd1zw?entry=ttu&g_ep=EgoyMDI2MDUxMy4wIKXMDSoASAFQAw%3D%3D",
        "place_category": "المركز التعليمي",
        "place_address": "G954+G82، الأرطاوية 15739",
        "place_rating": 3.7,
        "place_review_count": 1
      }
    },
    {
      "type": "Feature",
      "geometry": {
        "type": "Point",
        "coordinates": [
          46.5246943,
          24.9889031
        ]
      },
      "properties": {
        "School": "مركز مدينة سلطان بن عبدالعزيز للرعاية النهارية",
        "Region": "منطقة الريـــاض",
        "City": "الرياض",
        "Type": "مركز شامل",
        "Gender": "ذكور",
        "MaleStudents": "54",
        "FemaleStudents": "0",
        "SchoolCapacity": "224",
        "place_name": "مدينة سلطان بن عبدالعزيز للخدمات الإنسانية",
        "place_url": "https://www.google.com/maps/place/%D9%85%D8%AF%D9%8A%D9%86%D8%A9+%D8%B3%D9%84%D8%B7%D8%A7%D9%86+%D8%A8%D9%86+%D8%B9%D8%A8%D8%AF%D8%A7%D9%84%D8%B9%D8%B2%D9%8A%D8%B2+%D9%84%D9%84%D8%AE%D8%AF%D9%85%D8%A7%D8%AA+%D8%A7%D9%84%D8%A5%D9%86%D8%B3%D8%A7%D9%86%D9%8A%D8%A9%E2%80%AD/@24.8473916,46.8209398,11z/data=!4m10!1m2!2m1!1z2YXYsdmD2LIg2YXYr9mK2YbYqSDYs9mE2LfYp9mGINio2YYg2LnYqNiv2KfZhNi52LLZitiyINmE2YTYsdi52KfZitipINin2YTZhtmH2KfYsdmK2KksINin2YTYsdmK2KfYtiwg2YXZhti32YLYqSDYp9mE2LHZitmA2YDZgNin2LY!3m6!1s0x3e2eeaadda24b22f:0xd57cbe50de8eeea4!8m2!3d24.9889031!4d46.5246943!15sCoMB2YXYsdmD2LIg2YXYr9mK2YbYqSDYs9mE2LfYp9mGINio2YYg2LnYqNiv2KfZhNi52LLZitiyINmE2YTYsdi52KfZitipINin2YTZhtmH2KfYsdmK2KksINin2YTYsdmK2KfYtiwg2YXZhti32YLYqSDYp9mE2LHZitmA2YDZgNin2LZafSJ72YXYsdmD2LIg2YXYr9mK2YbYqSDYs9mE2LfYp9mGINio2YYg2LnYqNiv2KfZhNi52LLZitiyINmE2YTYsdi52KfZitipINin2YTZhtmH2KfYsdmK2Kkg2KfZhNix2YrYp9i2INmF2YbYt9mC2Kkg2KfZhNix2YrYp9i2kgEIaG9zcGl0YWyaASRDaGREU1VoTk1HOW5TMFZKUTBGblNVTkViVGMzV0doQlJSQULgAQD6AQQIABA9!16s%2Fg%2F1tnpjgw_?entry=ttu&g_ep=EgoyMDI2MDUxMy4wIKXMDSoASAFQAw%3D%3D",
        "place_category": "مستشفى",
        "place_address": "طريق الملك فهد، بنبان، الرياض 13571",
        "place_rating": 4.1,
        "place_review_count": 4
      }
    },
    {
      "type": "Feature",
      "geometry": null,
      "properties": {
        "School": "شركة مركز التمكين الشامل للرعاية النهارية",
        "Region": "منطقة حائــــل",
        "City": "حائل",
        "Type": "مركز شامل",
        "Gender": "اناث",
        "MaleStudents": "0",
        "FemaleStudents": "29",
        "SchoolCapacity": "200"
      }
    },
    {
      "type": "Feature",
      "geometry": null,
      "properties": {
        "School": "شركة مركز التمكين الشامل للرعاية النهارية",
        "Region": "منطقة الريـــاض",
        "City": "محافظة المزاحمية",
        "Type": "مركز شامل",
        "Gender": "اناث",
        "MaleStudents": "0",
        "FemaleStudents": "33",
        "SchoolCapacity": "89"
      }
    },
    {
      "type": "Feature",
      "geometry": {
        "type": "Point",
        "coordinates": [
          41.0858246,
          19.1282523
        ]
      },
      "properties": {
        "School": "مركز التمكين الشامل للرعاية النهارية",
        "Region": "منطقة مكة المكرمـة",
        "City": "محافظة القنفذة",
        "Type": "مركز شامل",
        "Gender": "ذكور",
        "MaleStudents": "0",
        "FemaleStudents": "0",
        "SchoolCapacity": "122",
        "place_name": "مركز التمكين الشامل للرعاية النهارية",
        "place_url": "https://www.google.com/maps/place/%D9%85%D8%B1%D9%83%D8%B2+%D8%A7%D9%84%D8%AA%D9%85%D9%83%D9%8A%D9%86+%D8%A7%D9%84%D8%B4%D8%A7%D9%85%D9%84+%D9%84%D9%84%D8%B1%D8%B9%D8%A7%D9%8A%D8%A9+%D8%A7%D9%84%D9%86%D9%87%D8%A7%D8%B1%D9%8A%D8%A9%E2%80%AD/@19.1282523,41.0883995,17z/data=!3m1!4b1!4m6!3m5!1s0x15e69156c58faad5:0x676a24ee60bbdf8!8m2!3d19.1282523!4d41.0858246!16s%2Fg%2F11yglbgfz8?entry=ttu&g_ep=EgoyMDI2MDUxMy4wIKXMDSoASAFQAw%3D%3D",
        "place_category": "مركز إعادة التأهيل",
        "place_address": "الحارث بن قموم البهزي، الشرقية، القنفذة 28822",
        "place_rating": 5.0,
        "place_review_count": null
      }
    },
    {
      "type": "Feature",
      "geometry": {
        "type": "Point",
        "coordinates": [
          43.1271832,
          18.0826831
        ]
      },
      "properties": {
        "School": "مركز مؤسسة ملهمي السراة",
        "Region": "منطقة عسيــر",
        "City": "محافظة سراة عبيدة",
        "Type": "مركز شامل",
        "Gender": "اناث",
        "MaleStudents": "0",
        "FemaleStudents": "43",
        "SchoolCapacity": "85",
        "place_name": "مركز ملهمي للرعاية النهارية",
        "place_url": "https://www.google.com/maps/place/%D9%85%D8%B1%D9%83%D8%B2+%D9%85%D9%84%D9%87%D9%85%D9%8A+%D9%84%D9%84%D8%B1%D8%B9%D8%A7%D9%8A%D8%A9+%D8%A7%D9%84%D9%86%D9%87%D8%A7%D8%B1%D9%8A%D8%A9%E2%80%AD/@18.0826831,43.1297581,17z/data=!3m1!4b1!4m6!3m5!1s0x15fc8117c21a4b45:0x49ff85b7f76793c4!8m2!3d18.0826831!4d43.1271832!16s%2Fg%2F11yjct5bdl?entry=ttu&g_ep=EgoyMDI2MDUxMy4wIKXMDSoASAFQAw%3D%3D",
        "place_category": "مركز رعاية الطفل",
        "place_address": "العام، سراة عبيدة 64511",
        "place_rating": 5.0,
        "place_review_count": null
      }
    },
    {
      "type": "Feature",
      "geometry": {
        "type": "Point",
        "coordinates": [
          45.978896,
          28.3713064
        ]
      },
      "properties": {
        "School": "مركز شركة همم المستقبل للرعاية النهارية",
        "Region": "منطقة الريـــاض",
        "City": "الرياض",
        "Type": "مركز توحد",
        "Gender": "اناث",
        "MaleStudents": "0",
        "FemaleStudents": "9",
        "SchoolCapacity": "35",
        "place_name": "مركز همم التخصصي للرعاية النهارية",
        "place_url": "https://www.google.com/maps/place/%D9%85%D8%B1%D9%83%D8%B2+%D9%87%D9%85%D9%85+%D8%A7%D9%84%D8%AA%D8%AE%D8%B5%D8%B5%D9%8A+%D9%84%D9%84%D8%B1%D8%B9%D8%A7%D9%8A%D8%A9+%D8%A7%D9%84%D9%86%D9%87%D8%A7%D8%B1%D9%8A%D8%A9%E2%80%AD/@28.3713064,46.2672871,11z/data=!4m10!1m2!2m1!1z2YXYsdmD2LIg2LTYsdmD2Kkg2YfZhdmFINin2YTZhdiz2KrZgtio2YQg2YTZhNix2LnYp9mK2Kkg2KfZhNmG2YfYp9ix2YrYqSwg2KfZhNix2YrYp9i2LCDZhdmG2LfZgtipINin2YTYsdmK2YDZgNmA2KfYtg!3m6!1s0x3fd73f005fb276cd:0x89b11469d6ae67d1!8m2!3d28.3713064!4d45.978896!15sCnbZhdix2YPYsiDYtNix2YPYqSDZh9mF2YUg2KfZhNmF2LPYqtmC2KjZhCDZhNmE2LHYudin2YrYqSDYp9mE2YbZh9in2LHZitipLCDYp9mE2LHZitin2LYsINmF2YbYt9mC2Kkg2KfZhNix2YrZgNmA2YDYp9i2WnAibtmF2LHZg9iyINi02LHZg9ipINmH2YXZhSDYp9mE2YXYs9iq2YLYqNmEINmE2YTYsdi52KfZitipINin2YTZhtmH2KfYsdmK2Kkg2KfZhNix2YrYp9i2INmF2YbYt9mC2Kkg2KfZhNix2YrYp9i2kgEJcHJlc2Nob29smgEjQ2haRFNVaE5NRzluUzBWSlEwRm5TVU01ZVV4UFFXWlJFQUXgAQD6AQQIABAb!16s%2Fg%2F11vrjwcxfy?entry=ttu&g_ep=EgoyMDI2MDUxMy4wIKXMDSoASAFQAw%3D%3D",
        "place_category": "رياض أطفال",
        "place_address": "9XCH+GHC، طريق الملك فيصل بن عبد العزيز، المحمدية، حفر الباطن 39911",
        "place_rating": 2.7,
        "place_review_count": 2
      }
    },
    {
      "type": "Feature",
      "geometry": null,
      "properties": {
        "School": "مركز نمو الفكر للرعاية النهارية",
        "Region": "منطقة عسيــر",
        "City": "محافظة خميس  مشيط",
        "Type": "مركز شامل",
        "Gender": "اناث",
        "MaleStudents": "0",
        "FemaleStudents": "98",
        "SchoolCapacity": "179"
      }
    },
    {
      "type": "Feature",
      "geometry": {
        "type": "Point",
        "coordinates": [
          37.2758553,
          25.0494726
        ]
      },
      "properties": {
        "School": "مركز شعاع الامل للرعاية النهارية",
        "Region": "منطقة تبـــوك",
        "City": "محافظة أملج",
        "Type": "مركز شامل",
        "Gender": "ذكور",
        "MaleStudents": "0",
        "FemaleStudents": "0",
        "SchoolCapacity": "118",
        "place_name": "مركز شعاع الأمل للرعاية النهارية - فرع محافظة أملج",
        "place_url": "https://www.google.com/maps/place/%D9%85%D8%B1%D9%83%D8%B2+%D8%B4%D8%B9%D8%A7%D8%B9+%D8%A7%D9%84%D8%A3%D9%85%D9%84+%D9%84%D9%84%D8%B1%D8%B9%D8%A7%D9%8A%D8%A9+%D8%A7%D9%84%D9%86%D9%87%D8%A7%D8%B1%D9%8A%D8%A9+-+%D9%81%D8%B1%D8%B9+%D9%85%D8%AD%D8%A7%D9%81%D8%B8%D8%A9+%D8%A3%D9%85%D9%84%D8%AC%E2%80%AD/@25.0494726,37.2784302,17z/data=!3m1!4b1!4m6!3m5!1s0x15b0a7228c3cf27d:0xe7c587c1143fee9!8m2!3d25.0494726!4d37.2758553!16s%2Fg%2F11g6xk0cz3?entry=ttu&g_ep=EgoyMDI2MDUxMy4wIKXMDSoASAFQAw%3D%3D",
        "place_category": "مركز لرعاية الأطفال",
        "place_address": "طريق الملك فيصل، املج 48321",
        "place_rating": 4.8,
        "place_review_count": 12
      }
    },
    {
      "type": "Feature",
      "geometry": {
        "type": "Point",
        "coordinates": [
          44.2212576,
          17.5596898
        ]
      },
      "properties": {
        "School": "مركز همات للرعاية النهارية",
        "Region": "منطقة نجـــران",
        "City": "نجران",
        "Type": "مركز شامل",
        "Gender": "ذكور",
        "MaleStudents": "79",
        "FemaleStudents": "0",
        "SchoolCapacity": "161",
        "place_name": "مركز همات للرعاية النهارية للذكور",
        "place_url": "https://www.google.com/maps/place/%D9%85%D8%B1%D9%83%D8%B2+%D9%87%D9%85%D8%A7%D8%AA+%D9%84%D9%84%D8%B1%D8%B9%D8%A7%D9%8A%D8%A9+%D8%A7%D9%84%D9%86%D9%87%D8%A7%D8%B1%D9%8A%D8%A9+%D9%84%D9%84%D8%B0%D9%83%D9%88%D8%B1%E2%80%AD/@17.5596898,44.2238325,17z/data=!3m1!4b1!4m6!3m5!1s0x15fec3bae4cbcb55:0xa84ea97152eb417!8m2!3d17.5596898!4d44.2212576!16s%2Fg%2F11v5vz07mf?entry=ttu&g_ep=EgoyMDI2MDUxMy4wIKXMDSoASAFQAw%3D%3D",
        "place_category": "مركز رعاية نهارية للكبار",
        "place_address": "4447 المخيم 12، المخيم، NJMC6428، 6428، نجران 66252",
        "place_rating": 4.8,
        "place_review_count": 4
      }
    },
    {
      "type": "Feature",
      "geometry": {
        "type": "Point",
        "coordinates": [
          50.067972,
          26.4398193
        ]
      },
      "properties": {
        "School": "مركز الصدارة للرعاية النهارية",
        "Region": "المنطقة الشرقيـــة",
        "City": "الدمام",
        "Type": "مركز شامل",
        "Gender": "اناث",
        "MaleStudents": "0",
        "FemaleStudents": "39",
        "SchoolCapacity": "50",
        "place_name": "مركز الصدارة للرعاية النهارية",
        "place_url": "https://www.google.com/maps/place/%D9%85%D8%B1%D9%83%D8%B2+%D8%A7%D9%84%D8%B5%D8%AF%D8%A7%D8%B1%D8%A9+%D9%84%D9%84%D8%B1%D8%B9%D8%A7%D9%8A%D8%A9+%D8%A7%D9%84%D9%86%D9%87%D8%A7%D8%B1%D9%8A%D8%A9%E2%80%AD/@26.4398193,50.0705469,17z/data=!3m1!4b1!4m6!3m5!1s0x3e49fd81b8344771:0xb91560e592fd6bd9!8m2!3d26.4398193!4d50.067972!16s%2Fg%2F11sc3376fp?entry=ttu&g_ep=EgoyMDI2MDUxMy4wIKXMDSoASAFQAw%3D%3D",
        "place_category": "المركز التعليمي",
        "place_address": "3766 حي، الجلوية، الدمام 32246",
        "place_rating": 4.7,
        "place_review_count": 28
      }
    },
    {
      "type": "Feature",
      "geometry": null,
      "properties": {
        "School": "شركة عزم التخصصي للرعاية النهارية",
        "Region": "منطقة عسيــر",
        "City": "محافظة خميس  مشيط",
        "Type": "مركز شامل",
        "Gender": "اناث",
        "MaleStudents": "0",
        "FemaleStudents": "101",
        "SchoolCapacity": "200"
      }
    },
    {
      "type": "Feature",
      "geometry": {
        "type": "Point",
        "coordinates": [
          41.3762955,
          18.7008952
        ]
      },
      "properties": {
        "School": "مركز الارياف للرعاية النهارية",
        "Region": "منطقة مكة المكرمـة",
        "City": "محافظة القنفذة",
        "Type": "مركز شامل",
        "Gender": "اناث",
        "MaleStudents": "0",
        "FemaleStudents": "29",
        "SchoolCapacity": "62",
        "place_name": "مركز الارياف للرعاية النهاريه بحلي",
        "place_url": "https://www.google.com/maps/place/%D9%85%D8%B1%D9%83%D8%B2+%D8%A7%D9%84%D8%A7%D8%B1%D9%8A%D8%A7%D9%81+%D9%84%D9%84%D8%B1%D8%B9%D8%A7%D9%8A%D8%A9+%D8%A7%D9%84%D9%86%D9%87%D8%A7%D8%B1%D9%8A%D9%87+%D8%A8%D8%AD%D9%84%D9%8A%E2%80%AD/@18.7008952,41.9530777,10z/data=!4m10!1m2!2m1!1z2YXYsdmD2LIg2KfZhNin2LHZitin2YEg2YTZhNix2LnYp9mK2Kkg2KfZhNmG2YfYp9ix2YrYqSwg2YXYrdin2YHYuNipINin2YTZgtmG2YHYsNipLCDZhdmG2LfZgtipINmF2YPYqSDYp9mE2YXZg9ix2YXZgNip!3m6!1s0x15e405002bf906ab:0xa7ea655a0b8ac4c8!8m2!3d18.7008952!4d41.3762955!15sCnjZhdix2YPYsiDYp9mE2KfYsdmK2KfZgSDZhNmE2LHYudin2YrYqSDYp9mE2YbZh9in2LHZitipLCDZhdit2KfZgdi42Kkg2KfZhNmC2YbZgdiw2KksINmF2YbYt9mC2Kkg2YXZg9ipINin2YTZhdmD2LHZhdmA2KladiJ02YXYsdmD2LIg2KfZhNin2LHZitin2YEg2YTZhNix2LnYp9mK2Kkg2KfZhNmG2YfYp9ix2YrYqSDZhdit2KfZgdi42Kkg2KfZhNmC2YbZgdiw2Kkg2YXZhti32YLYqSDZhdmD2Kkg2KfZhNmF2YPYsdmF2KmSAQ9kYXlfY2FyZV9jZW50ZXKaASNDaFpEU1VoTk1HOW5TMFZKUTBGblNVUlVkMDFFZEUxM0VBReABAPoBBAgAECA!16s%2Fg%2F11vxptj63v?entry=ttu&g_ep=EgoyMDI2MDUxMy4wIKXMDSoASAFQAw%3D%3D",
        "place_category": "مركز لرعاية الأطفال",
        "place_address": "JUMB7495، 4634 معيقيب الدوسي، 7495، مخطط الفريق والسلامة 28953",
        "place_rating": 4.6,
        "place_review_count": 4
      }
    },
    {
      "type": "Feature",
      "geometry": {
        "type": "Point",
        "coordinates": [
          42.8394463,
          16.9699411
        ]
      },
      "properties": {
        "School": "مركز التمكين الشامل للرعاية النهارية",
        "Region": "منطقة جــازان",
        "City": "محافظة أبوعريش",
        "Type": "مركز شامل",
        "Gender": "اناث",
        "MaleStudents": "0",
        "FemaleStudents": "35",
        "SchoolCapacity": "136",
        "place_name": "مركز التمكين الشامل للرعاية النهارية",
        "place_url": "https://www.google.com/maps/place/%D9%85%D8%B1%D9%83%D8%B2+%D8%A7%D9%84%D8%AA%D9%85%D9%83%D9%8A%D9%86+%D8%A7%D9%84%D8%B4%D8%A7%D9%85%D9%84+%D9%84%D9%84%D8%B1%D8%B9%D8%A7%D9%8A%D8%A9+%D8%A7%D9%84%D9%86%D9%87%D8%A7%D8%B1%D9%8A%D8%A9%E2%80%AD/@16.9699411,42.8484585,16z/data=!4m10!1m2!2m1!1z2YXYsdmD2LIg2KfZhNiq2YXZg9mK2YYg2KfZhNi02KfZhdmEINmE2YTYsdi52KfZitipINin2YTZhtmH2KfYsdmK2KksINmF2K3Yp9mB2LjYqSDYo9io2YjYudix2YrYtCwg2YXZhti32YLYqSDYrNmA2YDYp9iy2KfZhg!3m6!1s0x1607f5f869640881:0x8a77f62e4dc2837f!8m2!3d16.9699411!4d42.8394463!15sCnzZhdix2YPYsiDYp9mE2KrZhdmD2YrZhiDYp9mE2LTYp9mF2YQg2YTZhNix2LnYp9mK2Kkg2KfZhNmG2YfYp9ix2YrYqSwg2YXYrdin2YHYuNipINij2KjZiNi52LHZiti0LCDZhdmG2LfZgtipINis2YDZgNin2LLYp9mGkgEXZmFtaWx5X2RheV9jYXJlX3NlcnZpY2XgAQA!16s%2Fg%2F11lcqthg6n?entry=ttu&g_ep=EgoyMDI2MDUxMy4wIKXMDSoASAFQAw%3D%3D",
        "place_category": "خدمة رعاية الأسرة النهارية",
        "place_address": "النهضة، أبو عريش 84411",
        "place_rating": 4.8,
        "place_review_count": 4
      }
    },
    {
      "type": "Feature",
      "geometry": {
        "type": "Point",
        "coordinates": [
          42.7785059,
          17.1158978
        ]
      },
      "properties": {
        "School": "مركز عونك للرعاية النهارية",
        "Region": "منطقة جــازان",
        "City": "محافظة ضمد",
        "Type": "مركز شامل",
        "Gender": "اناث",
        "MaleStudents": "0",
        "FemaleStudents": "28",
        "SchoolCapacity": "73",
        "place_name": "مركز عونك للرعاية النهارية",
        "place_url": "https://www.google.com/maps/place/%D9%85%D8%B1%D9%83%D8%B2+%D8%B9%D9%88%D9%86%D9%83+%D9%84%D9%84%D8%B1%D8%B9%D8%A7%D9%8A%D8%A9+%D8%A7%D9%84%D9%86%D9%87%D8%A7%D8%B1%D9%8A%D8%A9%E2%80%AD/@17.1158978,42.7810808,17z/data=!3m1!4b1!4m6!3m5!1s0x15fd5b5b3464c6d7:0x1610a84a95ea4410!8m2!3d17.1158978!4d42.7785059!16s%2Fg%2F11v0vkrxgr?entry=ttu&g_ep=EgoyMDI2MDUxMy4wIKXMDSoASAFQAw%3D%3D",
        "place_category": "مدرسة إعدادية",
        "place_address": "GBAB6338، 6338 فهد محمد محمد كعبي، 2668، ضمد 84957",
        "place_rating": 2.6,
        "place_review_count": 2
      }
    },
    {
      "type": "Feature",
      "geometry": {
        "type": "Point",
        "coordinates": [
          45.978961,
          28.4258089
        ]
      },
      "properties": {
        "School": "مركز همم التخصصي للرعاية النهارية",
        "Region": "المنطقة الشرقيـــة",
        "City": "محافظة حفر الباطن",
        "Type": "مركز شامل",
        "Gender": "اناث",
        "MaleStudents": "0",
        "FemaleStudents": "69",
        "SchoolCapacity": "146",
        "place_name": "همم التخصصي للرعاية النهارية",
        "place_url": "https://www.google.com/maps/place/%D9%87%D9%85%D9%85+%D8%A7%D9%84%D8%AA%D8%AE%D8%B5%D8%B5%D9%8A+%D9%84%D9%84%D8%B1%D8%B9%D8%A7%D9%8A%D8%A9+%D8%A7%D9%84%D9%86%D9%87%D8%A7%D8%B1%D9%8A%D8%A9%E2%80%AD/@28.3985515,46.0201283,13z/data=!4m10!1m2!2m1!1z2YXYsdmD2LIg2YfZhdmFINin2YTYqtiu2LXYtdmKINmE2YTYsdi52KfZitipINin2YTZhtmH2KfYsdmK2KksINmF2K3Yp9mB2LjYqSDYrdmB2LEg2KfZhNio2KfYt9mGLCDYp9mE2YXZhti32YLYqSDYp9mE2LTYsdmC2YrZgNmA2YDYqQ!3m6!1s0x3fd7410368c9a77b:0x228f987925ba1236!8m2!3d28.4258089!4d45.978961!15sCoUB2YXYsdmD2LIg2YfZhdmFINin2YTYqtiu2LXYtdmKINmE2YTYsdi52KfZitipINin2YTZhtmH2KfYsdmK2KksINmF2K3Yp9mB2LjYqSDYrdmB2LEg2KfZhNio2KfYt9mGLCDYp9mE2YXZhti32YLYqSDYp9mE2LTYsdmC2YrZgNmA2YDYqZIBDmNoYXJ0ZXJfc2Nob29s4AEA!16s%2Fg%2F11v5yvgxvq?entry=ttu&g_ep=EgoyMDI2MDUxMy4wIKXMDSoASAFQAw%3D%3D",
        "place_category": "مدرسة تعليمية متخصصة",
        "place_address": "CXGH+8HG، عبدالرحمن الداخل، البلدية، حفر الباطن 39921",
        "place_rating": 2.7,
        "place_review_count": 2
      }
    },
    {
      "type": "Feature",
      "geometry": {
        "type": "Point",
        "coordinates": [
          40.5151999,
          21.4534587
        ]
      },
      "properties": {
        "School": "مركز رواد التمكين للرعاية النهارية",
        "Region": "منطقة مكة المكرمـة",
        "City": "محافظة الطائف",
        "Type": "مركز شامل",
        "Gender": "اناث",
        "MaleStudents": "0",
        "FemaleStudents": "53",
        "SchoolCapacity": "106",
        "place_name": "مركز رواد التمكين للرعاية النهارية",
        "place_url": "https://www.google.com/maps/place/%D9%85%D8%B1%D9%83%D8%B2+%D8%B1%D9%88%D8%A7%D8%AF+%D8%A7%D9%84%D8%AA%D9%85%D9%83%D9%8A%D9%86+%D9%84%D9%84%D8%B1%D8%B9%D8%A7%D9%8A%D8%A9+%D8%A7%D9%84%D9%86%D9%87%D8%A7%D8%B1%D9%8A%D8%A9%E2%80%AD/@21.4534587,40.5177748,17z/data=!3m1!4b1!4m6!3m5!1s0x15ea2f2ee0577c5d:0x8c432c0cdf3c9ad5!8m2!3d21.4534587!4d40.5151999!16s%2Fg%2F11w49rzvyy?entry=ttu&g_ep=EgoyMDI2MDUxMy4wIKXMDSoASAFQAw%3D%3D",
        "place_category": "مركز رعاية اجتماعية",
        "place_address": "شارع الملك عبدالله الفرعي، حي المعترض، الطائف 26411",
        "place_rating": 4.6,
        "place_review_count": 53
      }
    },
    {
      "type": "Feature",
      "geometry": {
        "type": "Point",
        "coordinates": [
          42.7651593,
          18.2964785
        ]
      },
      "properties": {
        "School": "مركز همم الابداع للرعاية النهارية",
        "Region": "منطقة عسيــر",
        "City": "محافظة خميس  مشيط",
        "Type": "مركز شامل",
        "Gender": "ذكور",
        "MaleStudents": "87",
        "FemaleStudents": "0",
        "SchoolCapacity": "106",
        "place_name": "مركز همم الإبداع للرعاية النهارية",
        "place_url": "https://www.google.com/maps/place/%D9%85%D8%B1%D9%83%D8%B2+%D9%87%D9%85%D9%85+%D8%A7%D9%84%D8%A5%D8%A8%D8%AF%D8%A7%D8%B9+%D9%84%D9%84%D8%B1%D8%B9%D8%A7%D9%8A%D8%A9+%D8%A7%D9%84%D9%86%D9%87%D8%A7%D8%B1%D9%8A%D8%A9%E2%80%AD/@18.2964785,42.7677342,17z/data=!3m1!4b1!4m6!3m5!1s0x15fb5bb53ddb6cb7:0xe4abf8ac035e8cf3!8m2!3d18.2964785!4d42.7651593!16s%2Fg%2F11y3sbp7r1?entry=ttu&g_ep=EgoyMDI2MDUxMy4wIKXMDSoASAFQAw%3D%3D",
        "place_category": "مركز رعاية نهارية للكبار",
        "place_address": "حي، النسيم، خميس مشيط 62465",
        "place_rating": 4.8,
        "place_review_count": 40
      }
    },
    {
      "type": "Feature",
      "geometry": {
        "type": "Point",
        "coordinates": [
          41.9355923,
          19.0998997
        ]
      },
      "properties": {
        "School": "مركز روح الاصرار للرعاية النهارية",
        "Region": "منطقة عسيــر",
        "City": "محافظة المجاردة",
        "Type": "مركز شامل",
        "Gender": "ذكور",
        "MaleStudents": "0",
        "FemaleStudents": "0",
        "SchoolCapacity": "90",
        "place_name": "مركز روح الاصرار للرعاية النهارية-فرع|المجاردة",
        "place_url": "https://www.google.com/maps/place/%D9%85%D8%B1%D9%83%D8%B2+%D8%B1%D9%88%D8%AD+%D8%A7%D9%84%D8%A7%D8%B5%D8%B1%D8%A7%D8%B1+%D9%84%D9%84%D8%B1%D8%B9%D8%A7%D9%8A%D8%A9+%D8%A7%D9%84%D9%86%D9%87%D8%A7%D8%B1%D9%8A%D8%A9-%D9%81%D8%B1%D8%B9%7C%D8%A7%D9%84%D9%85%D8%AC%D8%A7%D8%B1%D8%AF%D8%A9%E2%80%AD/@19.0998997,41.9381672,17z/data=!3m1!4b1!4m6!3m5!1s0x15e501553056315d:0x9a85872e2f1c593c!8m2!3d19.0998997!4d41.9355923!16s%2Fg%2F11smfmyhs7?entry=ttu&g_ep=EgoyMDI2MDUxMy4wIKXMDSoASAFQAw%3D%3D",
        "place_category": "مؤسسة تعليمية",
        "place_address": "الأندلس، المجاردة 63972",
        "place_rating": 4.3,
        "place_review_count": 5
      }
    },
    {
      "type": "Feature",
      "geometry": {
        "type": "Point",
        "coordinates": [
          42.600349,
          18.1916238
        ]
      },
      "properties": {
        "School": "مركز المبدعة المتفوقة لرعاية ذوي الاحتياجات الخاصة",
        "Region": "منطقة عسيــر",
        "City": "أبها",
        "Type": "مركز شامل",
        "Gender": "ذكور",
        "MaleStudents": "38",
        "FemaleStudents": "0",
        "SchoolCapacity": "125",
        "place_name": "مركز غصون المستقبل لرعاية ذوي الاحتياجات الخاصة",
        "place_url": "https://www.google.com/maps/place/%D9%85%D8%B1%D9%83%D8%B2+%D8%BA%D8%B5%D9%88%D9%86+%D8%A7%D9%84%D9%85%D8%B3%D8%AA%D9%82%D8%A8%D9%84+%D9%84%D8%B1%D8%B9%D8%A7%D9%8A%D8%A9+%D8%B0%D9%88%D9%8A+%D8%A7%D9%84%D8%A7%D8%AD%D8%AA%D9%8A%D8%A7%D8%AC%D8%A7%D8%AA+%D8%A7%D9%84%D8%AE%D8%A7%D8%B5%D8%A9%E2%80%AD/@18.1916238,42.6029239,17z/data=!3m1!4b1!4m6!3m5!1s0x15fcab005924484b:0x73dc23361273cadb!8m2!3d18.1916238!4d42.600349!16s%2Fg%2F11ldycfm0v?entry=ttu&g_ep=EgoyMDI2MDUxMy4wIKXMDSoASAFQAw%3D%3D",
        "place_category": "المركز التعليمي",
        "place_address": "8920 شارع الضبوب، الموظفين، ABUB2349، 2349، أبها 62585",
        "place_rating": 4.9,
        "place_review_count": 36
      }
    },
    {
      "type": "Feature",
      "geometry": {
        "type": "Point",
        "coordinates": [
          44.4253133,
          24.5505017
        ]
      },
      "properties": {
        "School": "مركز سلوك للرعاية النهارية",
        "Region": "منطقة الريـــاض",
        "City": "محافظة الدوادمي",
        "Type": "مركز شامل",
        "Gender": "ذكور",
        "MaleStudents": "0",
        "FemaleStudents": "0",
        "SchoolCapacity": "175",
        "place_name": "مركز سلوك للرعاية النهارية",
        "place_url": "https://www.google.com/maps/place/%D9%85%D8%B1%D9%83%D8%B2+%D8%B3%D9%84%D9%88%D9%83+%D9%84%D9%84%D8%B1%D8%B9%D8%A7%D9%8A%D8%A9+%D8%A7%D9%84%D9%86%D9%87%D8%A7%D8%B1%D9%8A%D8%A9%E2%80%AD/@24.5505017,44.4278882,17z/data=!3m1!4b1!4m6!3m5!1s0x8861279fae62658f:0x7eeabc70197699c0!8m2!3d24.5505017!4d44.4253133!16s%2Fg%2F11vx6nh6qb?entry=ttu&g_ep=EgoyMDI2MDUxMy4wIKXMDSoASAFQAw%3D%3D",
        "place_category": "المدرسة التأهيلية",
        "place_address": "الامير عبدالرحمن بن عبدالعزيز، حطين، الدوادمي 17471",
        "place_rating": 4.7,
        "place_review_count": 17
      }
    },
    {
      "type": "Feature",
      "geometry": null,
      "properties": {
        "School": "مركز مهارات التفوق للرعاية النهارية",
        "Region": "منطقة مكة المكرمـة",
        "City": "محافظة جدة",
        "Type": "مركز شامل",
        "Gender": "اناث",
        "MaleStudents": "0",
        "FemaleStudents": "0",
        "SchoolCapacity": "128"
      }
    },
    {
      "type": "Feature",
      "geometry": {
        "type": "Point",
        "coordinates": [
          44.8210872,
          26.311046
        ]
      },
      "properties": {
        "School": "مركز التمكين الشامل للرعاية النهارية",
        "Region": "منطقة الريـــاض",
        "City": "محافظة الزلفي",
        "Type": "مركز شامل",
        "Gender": "ذكور",
        "MaleStudents": "14",
        "FemaleStudents": "0",
        "SchoolCapacity": "80",
        "place_name": "مركز التمكين الشامل للرعاية النهارية",
        "place_url": "https://www.google.com/maps/place/%D9%85%D8%B1%D9%83%D8%B2+%D8%A7%D9%84%D8%AA%D9%85%D9%83%D9%8A%D9%86+%D8%A7%D9%84%D8%B4%D8%A7%D9%85%D9%84+%D9%84%D9%84%D8%B1%D8%B9%D8%A7%D9%8A%D8%A9+%D8%A7%D9%84%D9%86%D9%87%D8%A7%D8%B1%D9%8A%D8%A9%E2%80%AD/@26.311046,44.8236621,17z/data=!3m1!4b1!4m6!3m5!1s0x157fc3002612c46f:0xec95674c571799a1!8m2!3d26.311046!4d44.8210872!16s%2Fg%2F11vxclmhjf?entry=ttu&g_ep=EgoyMDI2MDUxMy4wIKXMDSoASAFQAw%3D%3D",
        "place_category": "المركز التعليمي",
        "place_address": "LZSA8090, 5079 شارع البحتري, حي اليرموك، 8090، الزلفي 15971",
        "place_rating": 4.6,
        "place_review_count": 88
      }
    },
    {
      "type": "Feature",
      "geometry": {
        "type": "Point",
        "coordinates": [
          46.7915885,
          24.7385512
        ]
      },
      "properties": {
        "School": "شركة الاوائل للرعاية النهارية - ذكور فرع الاندلس",
        "Region": "منطقة الريـــاض",
        "City": "الرياض",
        "Type": "مركز شامل",
        "Gender": "ذكور",
        "MaleStudents": "115",
        "FemaleStudents": "0",
        "SchoolCapacity": "326",
        "place_name": "مركز الاوائل للرعاية النهارية فرع الاندلس",
        "place_url": "https://www.google.com/maps/place/%D9%85%D8%B1%D9%83%D8%B2+%D8%A7%D9%84%D8%A7%D9%88%D8%A7%D8%A6%D9%84+%D9%84%D9%84%D8%B1%D8%B9%D8%A7%D9%8A%D8%A9+%D8%A7%D9%84%D9%86%D9%87%D8%A7%D8%B1%D9%8A%D8%A9+%D9%81%D8%B1%D8%B9+%D8%A7%D9%84%D8%A7%D9%86%D8%AF%D9%84%D8%B3%E2%80%AD/@24.7385512,47.0799796,11z/data=!4m10!1m2!2m1!1z2LTYsdmD2Kkg2KfZhNin2YjYp9im2YQg2YTZhNix2LnYp9mK2Kkg2KfZhNmG2YfYp9ix2YrYqSAtINiw2YPZiNixINmB2LHYuSDYp9mE2KfZhtiv2YTYsywg2KfZhNix2YrYp9i2LCDZhdmG2LfZgtipINin2YTYsdmK2YDZgNmA2KfYtg!3m6!1s0x3e2f01654dd291bf:0xc8b62634a9bbfbf3!8m2!3d24.7385512!4d46.7915885!15sCoUB2LTYsdmD2Kkg2KfZhNin2YjYp9im2YQg2YTZhNix2LnYp9mK2Kkg2KfZhNmG2YfYp9ix2YrYqSAtINiw2YPZiNixINmB2LHYuSDYp9mE2KfZhtiv2YTYsywg2KfZhNix2YrYp9i2LCDZhdmG2LfZgtipINin2YTYsdmK2YDZgNmA2KfYtlp9InvYtNix2YPYqSDYp9mE2KfZiNin2KbZhCDZhNmE2LHYudin2YrYqSDYp9mE2YbZh9in2LHZitipINiw2YPZiNixINmB2LHYuSDYp9mE2KfZhtiv2YTYsyDYp9mE2LHZitin2LYg2YXZhti32YLYqSDYp9mE2LHZitin2LaSARVhZHVsdF9kYXlfY2FyZV9jZW50ZXKaAURDaTlEUVVsUlFVTnZaRU5vZEhsalJqbHZUMjFXVFdWVmNHbGhiazVyVld0V00wNVVSbUZrTVd3d1dsZGtUbFZGUlJBQuABAPoBBAgAEEg!16s%2Fg%2F11sk92drj7?entry=ttu&g_ep=EgoyMDI2MDUxMy4wIKXMDSoASAFQAw%3D%3D",
        "place_category": "مركز رعاية نهارية للكبار",
        "place_address": "PQQR+CJG، السليل، الاندلس، الرياض 13212",
        "place_rating": 5.0,
        "place_review_count": 5
      }
    },
    {
      "type": "Feature",
      "geometry": null,
      "properties": {
        "School": "مركز بوابة سمسم للرعاية النهارية",
        "Region": "منطقة مكة المكرمـة",
        "City": "محافظة جدة",
        "Type": "مركز شامل",
        "Gender": "اناث",
        "MaleStudents": "0",
        "FemaleStudents": "81",
        "SchoolCapacity": "162"
      }
    },
    {
      "type": "Feature",
      "geometry": {
        "type": "Point",
        "coordinates": [
          43.6666622,
          26.1249142
        ]
      },
      "properties": {
        "School": "مركز البسمة للرعاية النهارية",
        "Region": "منطقة القصيـــم",
        "City": "محافظة البكيرية",
        "Type": "مركز شامل",
        "Gender": "اناث",
        "MaleStudents": "0",
        "FemaleStudents": "109",
        "SchoolCapacity": "186",
        "place_name": "مركز البسمة للرعاية النهارية",
        "place_url": "https://www.google.com/maps/place/%D9%85%D8%B1%D9%83%D8%B2+%D8%A7%D9%84%D8%A8%D8%B3%D9%85%D8%A9+%D9%84%D9%84%D8%B1%D8%B9%D8%A7%D9%8A%D8%A9+%D8%A7%D9%84%D9%86%D9%87%D8%A7%D8%B1%D9%8A%D8%A9%E2%80%AD/@26.1249142,43.6692371,17z/data=!3m1!4b1!4m6!3m5!1s0x15822300017bc453:0xdd92c21107c1ed5b!8m2!3d26.1249142!4d43.6666622!16s%2Fg%2F11y3ysxmmd?entry=ttu&g_ep=EgoyMDI2MDUxMy4wIKXMDSoASAFQAw%3D%3D",
        "place_category": "رياض أطفال",
        "place_address": "8068 الملك فهد بن عبدالعزيز، حي الخليج، QFDE2996، 2996، الهلالية 52728",
        "place_rating": 4.8,
        "place_review_count": 50
      }
    },
    {
      "type": "Feature",
      "geometry": {
        "type": "Point",
        "coordinates": [
          50.1970371,
          26.3456202
        ]
      },
      "properties": {
        "School": "مركز تنمية المهارات للرعاية النهارية",
        "Region": "المنطقة الشرقيـــة",
        "City": "محافظة الخبر",
        "Type": "مركز شامل",
        "Gender": "اناث",
        "MaleStudents": "0",
        "FemaleStudents": "46",
        "SchoolCapacity": "58",
        "place_name": "مركز تنمية المهارات للرعاية النهارية",
        "place_url": "https://www.google.com/maps/place/%D9%85%D8%B1%D9%83%D8%B2+%D8%AA%D9%86%D9%85%D9%8A%D8%A9+%D8%A7%D9%84%D9%85%D9%87%D8%A7%D8%B1%D8%A7%D8%AA+%D9%84%D9%84%D8%B1%D8%B9%D8%A7%D9%8A%D8%A9+%D8%A7%D9%84%D9%86%D9%87%D8%A7%D8%B1%D9%8A%D8%A9%E2%80%AD/@26.3456202,50.199612,17z/data=!3m1!4b1!4m6!3m5!1s0x3e49e9ad7533befd:0x9e9c6435db1da034!8m2!3d26.3456202!4d50.1970371!16s%2Fg%2F11lydbtv8h?entry=ttu&g_ep=EgoyMDI2MDUxMy4wIKXMDSoASAFQAw%3D%3D",
        "place_category": "مركز إعادة التأهيل",
        "place_address": "شارع غرناطة، الراكة الجنوبية، الخبر 31952",
        "place_rating": 4.8,
        "place_review_count": 26
      }
    },
    {
      "type": "Feature",
      "geometry": {
        "type": "Point",
        "coordinates": [
          47.3336546,
          24.1571723
        ]
      },
      "properties": {
        "School": "مركز خطوات الامل للرعاية النهارية",
        "Region": "منطقة الريـــاض",
        "City": "محافظة الخرج",
        "Type": "مركز شامل",
        "Gender": "اناث",
        "MaleStudents": "0",
        "FemaleStudents": "70",
        "SchoolCapacity": "170",
        "place_name": "مركز خطوات الامل للرعاية النهارية",
        "place_url": "https://www.google.com/maps/place/%D9%85%D8%B1%D9%83%D8%B2+%D8%AE%D8%B7%D9%88%D8%A7%D8%AA+%D8%A7%D9%84%D8%A7%D9%85%D9%84+%D9%84%D9%84%D8%B1%D8%B9%D8%A7%D9%8A%D8%A9+%D8%A7%D9%84%D9%86%D9%87%D8%A7%D8%B1%D9%8A%D8%A9%E2%80%AD/@24.1571723,47.3362295,17z/data=!3m1!4b1!4m6!3m5!1s0x3e254ee18fe5962b:0x18f45c044961ff4b!8m2!3d24.1571723!4d47.3336546!16s%2Fg%2F11c54nz143?entry=ttu&g_ep=EgoyMDI2MDUxMy4wIKXMDSoASAFQAw%3D%3D",
        "place_category": "مركز تدريب",
        "place_address": "7777، الخرج 16439",
        "place_rating": 4.7,
        "place_review_count": 40
      }
    },
    {
      "type": "Feature",
      "geometry": {
        "type": "Point",
        "coordinates": [
          42.9467837,
          16.7121032
        ]
      },
      "properties": {
        "School": "مركز لمسة شفاء للرعاية النهارية",
        "Region": "منطقة جــازان",
        "City": "محافظة أحد المسارحة",
        "Type": "مركز شامل",
        "Gender": "اناث",
        "MaleStudents": "0",
        "FemaleStudents": "87",
        "SchoolCapacity": "190",
        "place_name": "مركز لمسة شفاء لرعاية النهارية",
        "place_url": "https://www.google.com/maps/place/%D9%85%D8%B1%D9%83%D8%B2+%D9%84%D9%85%D8%B3%D8%A9+%D8%B4%D9%81%D8%A7%D8%A1+%D9%84%D8%B1%D8%B9%D8%A7%D9%8A%D8%A9+%D8%A7%D9%84%D9%86%D9%87%D8%A7%D8%B1%D9%8A%D8%A9%E2%80%AD/@16.7121032,42.9493586,17z/data=!3m1!4b1!4m6!3m5!1s0x160797802ed956a5:0x76de6eabe1494f50!8m2!3d16.7121032!4d42.9467837!16s%2Fg%2F11t_w67j7h?entry=ttu&g_ep=EgoyMDI2MDUxMy4wIKXMDSoASAFQAw%3D%3D",
        "place_category": "المركز التعليمي",
        "place_address": "6303 طريق الملك فهد، حي الروضة، GOSB2902، 2902، أحد المسارحة 86212",
        "place_rating": 4.8,
        "place_review_count": 24
      }
    },
    {
      "type": "Feature",
      "geometry": {
        "type": "Point",
        "coordinates": [
          41.6931353,
          27.5138756
        ]
      },
      "properties": {
        "School": "مركز مستقبل الأمل للرعاية النهارية بالشنان",
        "Region": "منطقة حائــــل",
        "City": "محافظة الشنان",
        "Type": "مركز شامل",
        "Gender": "كلا الجنسين",
        "MaleStudents": "16",
        "FemaleStudents": "14",
        "SchoolCapacity": "46",
        "place_name": "مركز التمكين الشامل للرعاية النهارية حائل",
        "place_url": "https://www.google.com/maps/place/%D9%85%D8%B1%D9%83%D8%B2+%D8%A7%D9%84%D8%AA%D9%85%D9%83%D9%8A%D9%86+%D8%A7%D9%84%D8%B4%D8%A7%D9%85%D9%84+%D9%84%D9%84%D8%B1%D8%B9%D8%A7%D9%8A%D8%A9+%D8%A7%D9%84%D9%86%D9%87%D8%A7%D8%B1%D9%8A%D8%A9+%D8%AD%D8%A7%D8%A6%D9%84%E2%80%AD/@27.5138756,41.6957102,17z/data=!3m1!4b1!4m6!3m5!1s0x157647a9b6022d77:0xc89e79a1a65dacd!8m2!3d27.5138756!4d41.6931353!16s%2Fg%2F11ypgbjlx7?entry=ttu&g_ep=EgoyMDI2MDUxMy4wIKXMDSoASAFQAw%3D%3D",
        "place_category": "المركز التعليمي",
        "place_address": "ابن خلدون، المحطة، حائل 55421",
        "place_rating": 5.0,
        "place_review_count": null
      }
    },
    {
      "type": "Feature",
      "geometry": {
        "type": "Point",
        "coordinates": [
          39.1321143,
          21.7404716
        ]
      },
      "properties": {
        "School": "مركز نداء الامل للرعاية النهارية",
        "Region": "منطقة مكة المكرمـة",
        "City": "محافظة جدة",
        "Type": "مركز شامل",
        "Gender": "كلا الجنسين",
        "MaleStudents": "167",
        "FemaleStudents": "167",
        "SchoolCapacity": "269",
        "place_name": "مركز نداء الأمل للرعاية النهارية لذوي الإعاقة",
        "place_url": "https://www.google.com/maps/place/%D9%85%D8%B1%D9%83%D8%B2+%D9%86%D8%AF%D8%A7%D8%A1+%D8%A7%D9%84%D8%A3%D9%85%D9%84+%D9%84%D9%84%D8%B1%D8%B9%D8%A7%D9%8A%D8%A9+%D8%A7%D9%84%D9%86%D9%87%D8%A7%D8%B1%D9%8A%D8%A9+%D9%84%D8%B0%D9%88%D9%8A+%D8%A7%D9%84%D8%A5%D8%B9%D8%A7%D9%82%D8%A9%E2%80%AD/@21.7404716,39.1346892,17z/data=!3m1!4b1!4m6!3m5!1s0x15c3cffc92466b39:0x330f160be0b1f289!8m2!3d21.7404716!4d39.1321143!16s%2Fg%2F11fp7tw_mt?entry=ttu&g_ep=EgoyMDI2MDUxMy4wIKXMDSoASAFQAw%3D%3D",
        "place_category": "مركز رعاية نهارية للكبار",
        "place_address": "8509 2995 طريق الملك عبدالعزيز الفرعي، أبحر الجنوبية، جدة 23733",
        "place_rating": 4.9,
        "place_review_count": 26
      }
    },
    {
      "type": "Feature",
      "geometry": {
        "type": "Point",
        "coordinates": [
          46.7804,
          24.7472985
        ]
      },
      "properties": {
        "School": "مركز شروق نجد لرعاية ذوي الاحتياجات الخاصة",
        "Region": "منطقة الريـــاض",
        "City": "الرياض",
        "Type": "مركز شامل",
        "Gender": "اناث",
        "MaleStudents": "0",
        "FemaleStudents": "44",
        "SchoolCapacity": "125",
        "place_name": "مركز شروق نجد للرعاية النهارية (بنين)",
        "place_url": "https://www.google.com/maps/place/%D9%85%D8%B1%D9%83%D8%B2+%D8%B4%D8%B1%D9%88%D9%82+%D9%86%D8%AC%D8%AF+%D9%84%D9%84%D8%B1%D8%B9%D8%A7%D9%8A%D8%A9+%D8%A7%D9%84%D9%86%D9%87%D8%A7%D8%B1%D9%8A%D8%A9+(%D8%A8%D9%86%D9%8A%D9%86)%E2%80%AD/@24.7521214,46.785741,16z/data=!4m10!1m2!2m1!1z2YXYsdmD2LIg2LTYsdmI2YIg2YbYrNivINmE2LHYudin2YrYqSDYsNmI2Yog2KfZhNin2K3YqtmK2KfYrNin2Kog2KfZhNiu2KfYtdipLCDYp9mE2LHZitin2LYsINmF2YbYt9mC2Kkg2KfZhNix2YrZgNmA2YDYp9i2!3m6!1s0x3e2f0161c6afe64b:0x8ef4afe9bec97656!8m2!3d24.7472985!4d46.7804!15sCnvZhdix2YPYsiDYtNix2YjZgiDZhtis2K8g2YTYsdi52KfZitipINiw2YjZiiDYp9mE2KfYrdiq2YrYp9is2KfYqiDYp9mE2K7Yp9i12KksINin2YTYsdmK2KfYtiwg2YXZhti32YLYqSDYp9mE2LHZitmA2YDZgNin2LaSARBlZHVjYXRpb25fY2VudGVy4AEA!16s%2Fg%2F11t40pt9_s?entry=ttu&g_ep=EgoyMDI2MDUxMy4wIKXMDSoASAFQAw%3D%3D",
        "place_category": "المركز التعليمي",
        "place_address": "2595 محمد بن عبدالعزيز بن عبداللطيف، 7881، الاندلس، الرياض 13212،",
        "place_rating": 5.0,
        "place_review_count": 5
      }
    },
    {
      "type": "Feature",
      "geometry": {
        "type": "Point",
        "coordinates": [
          46.7728103,
          24.8052837
        ]
      },
      "properties": {
        "School": "مركز أجيال الوطن للرعاية النهارية",
        "Region": "منطقة الريـــاض",
        "City": "الرياض",
        "Type": "مركز شامل",
        "Gender": "اناث",
        "MaleStudents": "0",
        "FemaleStudents": "125",
        "SchoolCapacity": "165",
        "place_name": "مركز اجيال الوطن للرعاية النهارية",
        "place_url": "https://www.google.com/maps/place/%D9%85%D8%B1%D9%83%D8%B2+%D8%A7%D8%AC%D9%8A%D8%A7%D9%84+%D8%A7%D9%84%D9%88%D8%B7%D9%86+%D9%84%D9%84%D8%B1%D8%B9%D8%A7%D9%8A%D8%A9+%D8%A7%D9%84%D9%86%D9%87%D8%A7%D8%B1%D9%8A%D8%A9%E2%80%AD/@24.8052837,46.7753852,17z/data=!3m1!4b1!4m6!3m5!1s0x3e2efe4465fde639:0xa8e06f50d261cc98!8m2!3d24.8052837!4d46.7728103!16s%2Fg%2F11c1w04z40?entry=ttu&g_ep=EgoyMDI2MDUxMy4wIKXMDSoASAFQAw%3D%3D",
        "place_category": "مركز تدريب",
        "place_address": "3494 ابي جعفر المنصور، اليرموك، الرياض 13243",
        "place_rating": 4.3,
        "place_review_count": 98
      }
    },
    {
      "type": "Feature",
      "geometry": null,
      "properties": {
        "School": "مركز جمعية البر الخيرية بالعارضة",
        "Region": "منطقة جــازان",
        "City": "محافظة العارضة",
        "Type": "مركز شامل",
        "Gender": "اناث",
        "MaleStudents": "0",
        "FemaleStudents": "54",
        "SchoolCapacity": "200"
      }
    },
    {
      "type": "Feature",
      "geometry": null,
      "properties": {
        "School": "مركز تلاقي للرعاية النهارية",
        "Region": "المنطقة الشرقيـــة",
        "City": "محافظة الاحساء",
        "Type": "مركز شامل",
        "Gender": "اناث",
        "MaleStudents": "0",
        "FemaleStudents": "62",
        "SchoolCapacity": "65"
      }
    },
    {
      "type": "Feature",
      "geometry": {
        "type": "Point",
        "coordinates": [
          46.6234546,
          24.9126943
        ]
      },
      "properties": {
        "School": "مركز فريق التأهيل الدولي للرعاية النهارية",
        "Region": "منطقة الريـــاض",
        "City": "الرياض",
        "Type": "مركز شامل",
        "Gender": "اناث",
        "MaleStudents": "0",
        "FemaleStudents": "106",
        "SchoolCapacity": "136",
        "place_name": "مركز فريق التاهيل الدولي",
        "place_url": "https://www.google.com/maps/place/%D9%85%D8%B1%D9%83%D8%B2+%D9%81%D8%B1%D9%8A%D9%82+%D8%A7%D9%84%D8%AA%D8%A7%D9%87%D9%8A%D9%84+%D8%A7%D9%84%D8%AF%D9%88%D9%84%D9%8A%E2%80%AD/@24.9126943,46.6260295,17z/data=!3m1!4b1!4m6!3m5!1s0x3e2ee41eb931cf75:0x6dd1876bdc64c7ba!8m2!3d24.9126943!4d46.6234546!16s%2Fg%2F11byxfd74z?entry=ttu&g_ep=EgoyMDI2MDUxMy4wIKXMDSoASAFQAw%3D%3D",
        "place_category": "مؤسسة تعليمية",
        "place_address": "3067، الرياض 13346",
        "place_rating": 4.1,
        "place_review_count": 63
      }
    },
    {
      "type": "Feature",
      "geometry": {
        "type": "Point",
        "coordinates": [
          36.5568128,
          28.4673835
        ]
      },
      "properties": {
        "School": "مركز بسمة تبوك لذوي الإحتياجات الخاصة",
        "Region": "منطقة تبـــوك",
        "City": "تبوك",
        "Type": "مركز شامل",
        "Gender": "ذكور",
        "MaleStudents": "141",
        "FemaleStudents": "0",
        "SchoolCapacity": "200",
        "place_name": "مركز بسمة تبوك لذوي الاحتياجات الخاصة وتنمية الطفل",
        "place_url": "https://www.google.com/maps/place/%D9%85%D8%B1%D9%83%D8%B2+%D8%A8%D8%B3%D9%85%D8%A9+%D8%AA%D8%A8%D9%88%D9%83+%D9%84%D8%B0%D9%88%D9%8A+%D8%A7%D9%84%D8%A7%D8%AD%D8%AA%D9%8A%D8%A7%D8%AC%D8%A7%D8%AA+%D8%A7%D9%84%D8%AE%D8%A7%D8%B5%D8%A9+%D9%88%D8%AA%D9%86%D9%85%D9%8A%D8%A9+%D8%A7%D9%84%D8%B7%D9%81%D9%84%E2%80%AD/@28.4673835,36.5748372,15z/data=!4m10!1m2!2m1!1z2YXYsdmD2LIg2KjYs9mF2Kkg2KrYqNmI2YMg2YTYsNmI2Yog2KfZhNil2K3YqtmK2KfYrNin2Kog2KfZhNiu2KfYtdipLCDYqtio2YjZgywg2YXZhti32YLYqSDYqtio2YDZgNmA2YjZgw!3m6!1s0x15a9b1e14d9359ef:0xf8e10b379c0957d9!8m2!3d28.4673835!4d36.5568128!15sCmrZhdix2YPYsiDYqNiz2YXYqSDYqtio2YjZgyDZhNiw2YjZiiDYp9mE2KXYrdiq2YrYp9is2KfYqiDYp9mE2K7Yp9i12KksINiq2KjZiNmDLCDZhdmG2LfZgtipINiq2KjZgNmA2YDZiNmDWmQiYtmF2LHZg9iyINio2LPZhdipINiq2KjZiNmDINmE2LDZiNmKINin2YTYpdit2KrZitin2KzYp9iqINin2YTYrtin2LXYqSDYqtio2YjZgyDZhdmG2LfZgtipINiq2KjZiNmDkgEVYWR1bHRfZGF5X2NhcmVfY2VudGVymgEjQ2haRFNVaE5NRzluUzBWSlEwRm5TVU5zYTJGUFYyWm5FQUXgAQD6AQQIABA-!16s%2Fg%2F11dzwby67x?entry=ttu&g_ep=EgoyMDI2MDUxMy4wIKXMDSoASAFQAw%3D%3D",
        "place_category": "مركز رعاية نهارية للكبار",
        "place_address": "8214، تبوك",
        "place_rating": 4.9,
        "place_review_count": 4
      }
    },
    {
      "type": "Feature",
      "geometry": {
        "type": "Point",
        "coordinates": [
          42.8301415,
          16.9859266
        ]
      },
      "properties": {
        "School": "مركز أمل المستقبل لرعاية ذوي الاحتياجات الخاصة",
        "Region": "منطقة جــازان",
        "City": "محافظة أبوعريش",
        "Type": "مركز شامل",
        "Gender": "اناث",
        "MaleStudents": "0",
        "FemaleStudents": "61",
        "SchoolCapacity": "287",
        "place_name": "مركز امل المستقبل للرعاية النهارية بابوعريش",
        "place_url": "https://www.google.com/maps/place/%D9%85%D8%B1%D9%83%D8%B2+%D8%A7%D9%85%D9%84+%D8%A7%D9%84%D9%85%D8%B3%D8%AA%D9%82%D8%A8%D9%84+%D9%84%D9%84%D8%B1%D8%B9%D8%A7%D9%8A%D8%A9+%D8%A7%D9%84%D9%86%D9%87%D8%A7%D8%B1%D9%8A%D8%A9+%D8%A8%D8%A7%D8%A8%D9%88%D8%B9%D8%B1%D9%8A%D8%B4%E2%80%AD/@16.9859128,42.8326973,17z/data=!4m10!1m2!2m1!1z2YXYsdmD2LIg2KPZhdmEINin2YTZhdiz2KrZgtio2YQg2YTYsdi52KfZitipINiw2YjZiiDYp9mE2KfYrdiq2YrYp9is2KfYqiDYp9mE2K7Yp9i12KksINmF2K3Yp9mB2LjYqSDYo9io2YjYudix2YrYtCwg2YXZhti32YLYqSDYrNmA2YDYp9iy2KfZhg!3m6!1s0x1607f57be493c50b:0x7a3a357c7ec381fa!8m2!3d16.9859266!4d42.8301415!15sCo4B2YXYsdmD2LIg2KPZhdmEINin2YTZhdiz2KrZgtio2YQg2YTYsdi52KfZitipINiw2YjZiiDYp9mE2KfYrdiq2YrYp9is2KfYqiDYp9mE2K7Yp9i12KksINmF2K3Yp9mB2LjYqSDYo9io2YjYudix2YrYtCwg2YXZhti32YLYqSDYrNmA2YDYp9iy2KfZhlqLASKIAdmF2LHZg9iyINij2YXZhCDYp9mE2YXYs9iq2YLYqNmEINmE2LHYudin2YrYqSDYsNmI2Yog2KfZhNin2K3YqtmK2KfYrNin2Kog2KfZhNiu2KfYtdipINmF2K3Yp9mB2LjYqSDYo9io2YjYudix2YrYtCDZhdmG2LfZgtipINis2KfYstin2YaSARdlZHVjYXRpb25hbF9pbnN0aXR1dGlvbpoBRENpOURRVWxSUVVOdlpFTm9kSGxqUmpsdlQydzVjR0pHYkV0aVIwWnJZM3BhYTJGck5XeFpla0pOV1ZNeGVGSkdSUkFC4AEA-gEFCMEBEDM!16s%2Fg%2F11f11l622f?entry=ttu&g_ep=EgoyMDI2MDUxMy4wIKXMDSoASAFQAw%3D%3D",
        "place_category": "مؤسسة تعليمية",
        "place_address": "شارع الملك سعود، النهضة، أبو عريش 84419",
        "place_rating": 4.5,
        "place_review_count": 4
      }
    },
    {
      "type": "Feature",
      "geometry": null,
      "properties": {
        "School": "مركز مستقل للرعاية الرعاية",
        "Region": "منطقة عسيــر",
        "City": "محافظة خميس  مشيط",
        "Type": "مركز شامل",
        "Gender": "ذكور",
        "MaleStudents": "31",
        "FemaleStudents": "0",
        "SchoolCapacity": "111"
      }
    },
    {
      "type": "Feature",
      "geometry": {
        "type": "Point",
        "coordinates": [
          42.7508906,
          18.3180875
        ]
      },
      "properties": {
        "School": "مركز معكم للرعاية النهارية",
        "Region": "منطقة عسيــر",
        "City": "محافظة خميس  مشيط",
        "Type": "مركز شامل",
        "Gender": "اناث",
        "MaleStudents": "0",
        "FemaleStudents": "116",
        "SchoolCapacity": "200",
        "place_name": "مركز معكم للرعاية النهارية",
        "place_url": "https://www.google.com/maps/place/%D9%85%D8%B1%D9%83%D8%B2+%D9%85%D8%B9%D9%83%D9%85+%D9%84%D9%84%D8%B1%D8%B9%D8%A7%D9%8A%D8%A9+%D8%A7%D9%84%D9%86%D9%87%D8%A7%D8%B1%D9%8A%D8%A9%E2%80%AD/@18.3180875,42.7534655,17z/data=!3m1!4b1!4m6!3m5!1s0x15fb5b94386b783f:0x6773dfc75b642237!8m2!3d18.3180875!4d42.7508906!16s%2Fg%2F11v5f_rykz?entry=ttu&g_ep=EgoyMDI2MDUxMy4wIKXMDSoASAFQAw%3D%3D",
        "place_category": "مركز لرعاية الأطفال",
        "place_address": "العزيزية، خميس مشيط 62463",
        "place_rating": 4.6,
        "place_review_count": 68
      }
    },
    {
      "type": "Feature",
      "geometry": {
        "type": "Point",
        "coordinates": [
          42.1310563,
          19.0922119
        ]
      },
      "properties": {
        "School": "شركة التمكين الشامل للرعاية النهارية",
        "Region": "منطقة عسيــر",
        "City": "محافظة محايل عسير",
        "Type": "مركز شامل",
        "Gender": "اناث",
        "MaleStudents": "0",
        "FemaleStudents": "29",
        "SchoolCapacity": "191",
        "place_name": "مركز التمكين الشامل للرعاية النهاريه",
        "place_url": "https://www.google.com/maps/place/%D9%85%D8%B1%D9%83%D8%B2+%D8%A7%D9%84%D8%AA%D9%85%D9%83%D9%8A%D9%86+%D8%A7%D9%84%D8%B4%D8%A7%D9%85%D9%84+%D9%84%D9%84%D8%B1%D8%B9%D8%A7%D9%8A%D8%A9+%D8%A7%D9%84%D9%86%D9%87%D8%A7%D8%B1%D9%8A%D9%87%E2%80%AD/@19.0922119,46.7453141,7z/data=!4m10!1m2!2m1!1z2LTYsdmD2Kkg2KfZhNiq2YXZg9mK2YYg2KfZhNi02KfZhdmEINmE2YTYsdi52KfZitipINin2YTZhtmH2KfYsdmK2KksINmF2K3Yp9mB2LjYqSDZhdit2KfZitmEINi52LPZitixLCDZhdmG2LfZgtipINi52LPZitmA2YDYsQ!3m6!1s0x15e51b4c4459f7b5:0xa52b0a3451746f57!8m2!3d19.0922119!4d42.1310563!15sCn_YtNix2YPYqSDYp9mE2KrZhdmD2YrZhiDYp9mE2LTYp9mF2YQg2YTZhNix2LnYp9mK2Kkg2KfZhNmG2YfYp9ix2YrYqSwg2YXYrdin2YHYuNipINmF2K3Yp9mK2YQg2LnYs9mK2LEsINmF2YbYt9mC2Kkg2LnYs9mK2YDZgNixWnsiedi02LHZg9ipINin2YTYqtmF2YPZitmGINin2YTYtNin2YXZhCDZhNmE2LHYudin2YrYqSDYp9mE2YbZh9in2LHZitipINmF2K3Yp9mB2LjYqSDZhdit2KfZitmEINi52LPZitixINmF2YbYt9mC2Kkg2LnYs9mK2LGSARVzb2NpYWxfd2VsZmFyZV9jZW50ZXKaASNDaFpEU1VoTk1HOW5TMFZKUTBGblNVUkNhSFp5VFdGUkVBReABAPoBBAgAEEY!16s%2Fg%2F11s50gjdxx?entry=ttu&g_ep=EgoyMDI2MDUxMy4wIKXMDSoASAFQAw%3D%3D",
        "place_category": "مركز رعاية اجتماعية",
        "place_address": "AIAB7092، 7092 طريق الملك فيصل، 5380، حي النزهة،، النماص 67397",
        "place_rating": 4.9,
        "place_review_count": 4
      }
    },
    {
      "type": "Feature",
      "geometry": {
        "type": "Point",
        "coordinates": [
          44.2257165,
          17.5682726
        ]
      },
      "properties": {
        "School": "مركز مهارات المستقبل للرعاية النهارية",
        "Region": "منطقة نجـــران",
        "City": "محافظة حبونا",
        "Type": "مركز شامل",
        "Gender": "اناث",
        "MaleStudents": "0",
        "FemaleStudents": "30",
        "SchoolCapacity": "67",
        "place_name": "مركز مهارات المستقبل للرعاية النهارية",
        "place_url": "https://www.google.com/maps/place/%D9%85%D8%B1%D9%83%D8%B2+%D9%85%D9%87%D8%A7%D8%B1%D8%A7%D8%AA+%D8%A7%D9%84%D9%85%D8%B3%D8%AA%D9%82%D8%A8%D9%84+%D9%84%D9%84%D8%B1%D8%B9%D8%A7%D9%8A%D8%A9+%D8%A7%D9%84%D9%86%D9%87%D8%A7%D8%B1%D9%8A%D8%A9%E2%80%AD/@17.5876089,44.5190247,11z/data=!4m10!1m2!2m1!1z2YXYsdmD2LIg2YXZh9in2LHYp9iqINin2YTZhdiz2KrZgtio2YQg2YTZhNix2LnYp9mK2Kkg2KfZhNmG2YfYp9ix2YrYqSwg2YXYrdin2YHYuNipINit2KjZiNmG2KcsINmF2YbYt9mC2Kkg2YbYrNmA2YDZgNix2KfZhg!3m6!1s0x15fec326f0eb2d97:0x639710e2a81e2e98!8m2!3d17.5682726!4d44.2257165!15sCnzZhdix2YPYsiDZhdmH2KfYsdin2Kog2KfZhNmF2LPYqtmC2KjZhCDZhNmE2LHYudin2YrYqSDYp9mE2YbZh9in2LHZitipLCDZhdit2KfZgdi42Kkg2K3YqNmI2YbYpywg2YXZhti32YLYqSDZhtis2YDZgNmA2LHYp9mGkgEPZGF5X2NhcmVfY2VudGVy4AEA!16s%2Fg%2F11fn4b2t3b?entry=ttu&g_ep=EgoyMDI2MDUxMy4wIKXMDSoASAFQAw%3D%3D",
        "place_category": "مركز لرعاية الأطفال",
        "place_address": "7384، نجران 66252 4934،",
        "place_rating": 4.1,
        "place_review_count": 4
      }
    },
    {
      "type": "Feature",
      "geometry": {
        "type": "Point",
        "coordinates": [
          43.6536987,
          26.1509102
        ]
      },
      "properties": {
        "School": "مركز حصة العواد للرعاية النهارية",
        "Region": "منطقة القصيـــم",
        "City": "محافظة البكيرية",
        "Type": "مركز شامل",
        "Gender": "اناث",
        "MaleStudents": "0",
        "FemaleStudents": "44",
        "SchoolCapacity": "52",
        "place_name": "مركز حصه العواد للرعايه النهاريه",
        "place_url": "https://www.google.com/maps/place/%D9%85%D8%B1%D9%83%D8%B2+%D8%AD%D8%B5%D9%87+%D8%A7%D9%84%D8%B9%D9%88%D8%A7%D8%AF+%D9%84%D9%84%D8%B1%D8%B9%D8%A7%D9%8A%D9%87+%D8%A7%D9%84%D9%86%D9%87%D8%A7%D8%B1%D9%8A%D9%87%E2%80%AD/@26.1509102,43.6562736,17z/data=!3m1!4b1!4m6!3m5!1s0x1582199ccc979cf1:0xfdb26f5314a44195!8m2!3d26.1509102!4d43.6536987!16s%2Fg%2F11fhvf8jm4?entry=ttu&g_ep=EgoyMDI2MDUxMy4wIKXMDSoASAFQAw%3D%3D",
        "place_category": "مركز إعادة التأهيل",
        "place_address": "5M23+9F8، الخالدية، البكيرية 52725",
        "place_rating": 4.7,
        "place_review_count": 13
      }
    },
    {
      "type": "Feature",
      "geometry": {
        "type": "Point",
        "coordinates": [
          43.5387279,
          29.6415902
        ]
      },
      "properties": {
        "School": "مركز أجيال الشمال للرعاية النهارية",
        "Region": "منطقة الحدود الشمالية",
        "City": "عرعر",
        "Type": "مركز شامل",
        "Gender": "اناث",
        "MaleStudents": "0",
        "FemaleStudents": "38",
        "SchoolCapacity": "82",
        "place_name": "مركز أجيال الشمال للرعاية النهارية في رفحاء",
        "place_url": "https://www.google.com/maps/place/%D9%85%D8%B1%D9%83%D8%B2+%D8%A3%D8%AC%D9%8A%D8%A7%D9%84+%D8%A7%D9%84%D8%B4%D9%85%D8%A7%D9%84+%D9%84%D9%84%D8%B1%D8%B9%D8%A7%D9%8A%D8%A9+%D8%A7%D9%84%D9%86%D9%87%D8%A7%D8%B1%D9%8A%D8%A9+%D9%81%D9%8A+%D8%B1%D9%81%D8%AD%D8%A7%D8%A1%E2%80%AD/@29.6415902,45.8458568,8z/data=!4m10!1m2!2m1!1z2YXYsdmD2LIg2KPYrNmK2KfZhCDYp9mE2LTZhdin2YQg2YTZhNix2LnYp9mK2Kkg2KfZhNmG2YfYp9ix2YrYqSwg2LnYsdi52LEsINmF2YbYt9mC2Kkg2KfZhNit2K_ZiNivINin2YTYtNmF2KfZhNmK2Kk!3m6!1s0x156467860810069d:0x956ecc006ccc1174!8m2!3d29.6415902!4d43.5387279!15sCnTZhdix2YPYsiDYo9is2YrYp9mEINin2YTYtNmF2KfZhCDZhNmE2LHYudin2YrYqSDYp9mE2YbZh9in2LHZitipLCDYudix2LnYsSwg2YXZhti32YLYqSDYp9mE2K3Yr9mI2K8g2KfZhNi02YXYp9mE2YrYqVp0InLZhdix2YPYsiDYo9is2YrYp9mEINin2YTYtNmF2KfZhCDZhNmE2LHYudin2YrYqSDYp9mE2YbZh9in2LHZitipINi52LHYudixINmF2YbYt9mC2Kkg2KfZhNit2K_ZiNivINin2YTYtNmF2KfZhNmK2KmSAQ9sZWFybmluZ19jZW50ZXKaASNDaFpEU1VoTk1HOW5TMFZLV0VSb05ISkxhbGx1VUdSM0VBReABAPoBBAgAEEw!16s%2Fg%2F11s2g48s_8?entry=ttu&g_ep=EgoyMDI2MDUxMy4wIKXMDSoASAFQAw%3D%3D",
        "place_category": "مركز تدريب",
        "place_address": "6812 شارع الامير عبدالله بن جلوي 2764،، رفحاء 76316",
        "place_rating": 5.0,
        "place_review_count": 5
      }
    },
    {
      "type": "Feature",
      "geometry": {
        "type": "Point",
        "coordinates": [
          43.5387279,
          29.6415902
        ]
      },
      "properties": {
        "School": "مركز أجيال الشمال للرعاية النهارية",
        "Region": "منطقة الحدود الشمالية",
        "City": "محافظة طريف",
        "Type": "مركز شامل",
        "Gender": "اناث",
        "MaleStudents": "0",
        "FemaleStudents": "48",
        "SchoolCapacity": "74",
        "place_name": "مركز أجيال الشمال للرعاية النهارية في رفحاء",
        "place_url": "https://www.google.com/maps/place/%D9%85%D8%B1%D9%83%D8%B2+%D8%A3%D8%AC%D9%8A%D8%A7%D9%84+%D8%A7%D9%84%D8%B4%D9%85%D8%A7%D9%84+%D9%84%D9%84%D8%B1%D8%B9%D8%A7%D9%8A%D8%A9+%D8%A7%D9%84%D9%86%D9%87%D8%A7%D8%B1%D9%8A%D8%A9+%D9%81%D9%8A+%D8%B1%D9%81%D8%AD%D8%A7%D8%A1%E2%80%AD/@29.6415902,43.5413028,17z/data=!3m1!4b1!4m6!3m5!1s0x156467860810069d:0x956ecc006ccc1174!8m2!3d29.6415902!4d43.5387279!16s%2Fg%2F11s2g48s_8?entry=ttu&g_ep=EgoyMDI2MDUxMy4wIKXMDSoASAFQAw%3D%3D",
        "place_category": "مركز تدريب",
        "place_address": "6812 شارع الامير عبدالله بن جلوي 2764،، رفحاء 76316",
        "place_rating": 5.0,
        "place_review_count": 4
      }
    },
    {
      "type": "Feature",
      "geometry": {
        "type": "Point",
        "coordinates": [
          41.6685127,
          19.5099385
        ]
      },
      "properties": {
        "School": "مركز روح الاصرار للرعاية النهارية",
        "Region": "منطقة مكة المكرمـة",
        "City": "محافظة القنفذة",
        "Type": "مركز شامل",
        "Gender": "ذكور",
        "MaleStudents": "0",
        "FemaleStudents": "0",
        "SchoolCapacity": "95",
        "place_name": "مركز روح الاصرار للرعاية النهارية",
        "place_url": "https://www.google.com/maps/place/%D9%85%D8%B1%D9%83%D8%B2+%D8%B1%D9%88%D8%AD+%D8%A7%D9%84%D8%A7%D8%B5%D8%B1%D8%A7%D8%B1+%D9%84%D9%84%D8%B1%D8%B9%D8%A7%D9%8A%D8%A9+%D8%A7%D9%84%D9%86%D9%87%D8%A7%D8%B1%D9%8A%D8%A9%E2%80%AD/@19.5099385,46.2827705,7z/data=!4m10!1m2!2m1!1z2YXYsdmD2LIg2LHZiNitINin2YTYp9i12LHYp9ixINmE2YTYsdi52KfZitipINin2YTZhtmH2KfYsdmK2KksINmF2K3Yp9mB2LjYqSDYp9mE2YLZhtmB2LDYqSwg2YXZhti32YLYqSDZhdmD2Kkg2KfZhNmF2YPYsdmF2YDYqQ!3m6!1s0x15e59597eaf259b1:0xe5eb026c7d8230b5!8m2!3d19.5099385!4d41.6685127!15sCn_Zhdix2YPYsiDYsdmI2K0g2KfZhNin2LXYsdin2LEg2YTZhNix2LnYp9mK2Kkg2KfZhNmG2YfYp9ix2YrYqSwg2YXYrdin2YHYuNipINin2YTZgtmG2YHYsNipLCDZhdmG2LfZgtipINmF2YPYqSDYp9mE2YXZg9ix2YXZgNipkgEVcmVoYWJpbGl0YXRpb25fY2VudGVy4AEA!16s%2Fg%2F11y097n4jl?entry=ttu&g_ep=EgoyMDI2MDUxMy4wIKXMDSoASAFQAw%3D%3D",
        "place_category": "مركز إعادة التأهيل",
        "place_address": "العرضية الشمالية، المعقص 65439",
        "place_rating": 5.0,
        "place_review_count": 5
      }
    },
    {
      "type": "Feature",
      "geometry": {
        "type": "Point",
        "coordinates": [
          39.7936374,
          21.3729771
        ]
      },
      "properties": {
        "School": "مركز إلين للرعاية النهارية",
        "Region": "منطقة مكة المكرمـة",
        "City": "مكة المكرمة",
        "Type": "مركز شامل",
        "Gender": "اناث",
        "MaleStudents": "0",
        "FemaleStudents": "101",
        "SchoolCapacity": "135",
        "place_name": "مركز إلين للرعاية النهارية",
        "place_url": "https://www.google.com/maps/place/%D9%85%D8%B1%D9%83%D8%B2+%D8%A5%D9%84%D9%8A%D9%86+%D9%84%D9%84%D8%B1%D8%B9%D8%A7%D9%8A%D8%A9+%D8%A7%D9%84%D9%86%D9%87%D8%A7%D8%B1%D9%8A%D8%A9%E2%80%AD/@21.324881,39.7049856,11z/data=!4m6!3m5!1s0x15c21b2a82ce9f67:0x6f67391b8b477bed!8m2!3d21.3729771!4d39.7936374!16s%2Fg%2F11l1cllyqz?entry=ttu&g_ep=EgoyMDI2MDUxMy4wIKXMDSoASAFQAw%3D%3D",
        "place_category": "مركز الرعاية الصحية للأطفال",
        "place_address": "الشوقية، مكة 24351",
        "place_rating": 4.8,
        "place_review_count": 156
      }
    },
    {
      "type": "Feature",
      "geometry": null,
      "properties": {
        "School": "مركز بسمة الطفل للرعاية النهارية",
        "Region": "منطقة مكة المكرمـة",
        "City": "مكة المكرمة",
        "Type": "مركز شامل",
        "Gender": "اناث",
        "MaleStudents": "0",
        "FemaleStudents": "39",
        "SchoolCapacity": "182"
      }
    },
    {
      "type": "Feature",
      "geometry": null,
      "properties": {
        "School": "شركة مركز الفداء المتميز للرعاية النهارية",
        "Region": "منطقة مكة المكرمـة",
        "City": "محافظة جدة",
        "Type": "مركز شامل",
        "Gender": "اناث",
        "MaleStudents": "0",
        "FemaleStudents": "121",
        "SchoolCapacity": "150"
      }
    },
    {
      "type": "Feature",
      "geometry": {
        "type": "Point",
        "coordinates": [
          42.313021,
          17.7004194
        ]
      },
      "properties": {
        "School": "مركز روح الاصرار للرعاية النهارية",
        "Region": "منطقة جــازان",
        "City": "جازان",
        "Type": "مركز شامل",
        "Gender": "ذكور",
        "MaleStudents": "0",
        "FemaleStudents": "0",
        "SchoolCapacity": "71",
        "place_name": "مركز روح الاصرار للرعاية النهارية فرع الدرب",
        "place_url": "https://www.google.com/maps/place/%D9%85%D8%B1%D9%83%D8%B2+%D8%B1%D9%88%D8%AD+%D8%A7%D9%84%D8%A7%D8%B5%D8%B1%D8%A7%D8%B1+%D9%84%D9%84%D8%B1%D8%B9%D8%A7%D9%8A%D8%A9+%D8%A7%D9%84%D9%86%D9%87%D8%A7%D8%B1%D9%8A%D8%A9+%D9%81%D8%B1%D8%B9+%D8%A7%D9%84%D8%AF%D8%B1%D8%A8%E2%80%AD/@17.7004194,42.3155959,17z/data=!3m1!4b1!4m6!3m5!1s0x15e2dfbc52397863:0x138d87053d6b9f27!8m2!3d17.7004194!4d42.313021!16s%2Fg%2F11v5gl5swg?entry=ttu&g_ep=EgoyMDI2MDUxMy4wIKXMDSoASAFQAw%3D%3D",
        "place_category": "أخصائي تخاطب",
        "place_address": "P827+566، الدرب 89732",
        "place_rating": 3.7,
        "place_review_count": 3
      }
    },
    {
      "type": "Feature",
      "geometry": {
        "type": "Point",
        "coordinates": [
          46.6625424,
          24.6707281
        ]
      },
      "properties": {
        "School": "مركز الأمير ناصر بن عبدالعزيز للتوحد للرعاية",
        "Region": "منطقة الريـــاض",
        "City": "الرياض",
        "Type": "مركز توحد",
        "Gender": "ذكور",
        "MaleStudents": "174",
        "FemaleStudents": "0",
        "SchoolCapacity": "800",
        "place_name": "مركز الأمير ناصر بن عبدالعزيز للتوحد",
        "place_url": "https://www.google.com/maps/place/%D9%85%D8%B1%D9%83%D8%B2+%D8%A7%D9%84%D8%A3%D9%85%D9%8A%D8%B1+%D9%86%D8%A7%D8%B5%D8%B1+%D8%A8%D9%86+%D8%B9%D8%A8%D8%AF%D8%A7%D9%84%D8%B9%D8%B2%D9%8A%D8%B2+%D9%84%D9%84%D8%AA%D9%88%D8%AD%D8%AF%E2%80%AD/@24.6707281,46.6651173,17z/data=!3m1!4b1!4m6!3m5!1s0x3e2f1caf08f5e1ff:0xa2f135b7b6da41a5!8m2!3d24.6707281!4d46.6625424!16s%2Fg%2F11b5wkdf7f?entry=ttu&g_ep=EgoyMDI2MDUxMy4wIKXMDSoASAFQAw%3D%3D",
        "place_category": "منظمة خدمات ودعم الإعاقة",
        "place_address": "الطيور، المعذر، الرياض 12721",
        "place_rating": 4.3,
        "place_review_count": 4
      }
    },
    {
      "type": "Feature",
      "geometry": null,
      "properties": {
        "School": "مركز قدرات التعلم للرعاية النهارية",
        "Region": "منطقة الريـــاض",
        "City": "محافظة الخرج",
        "Type": "مركز شامل",
        "Gender": "اناث",
        "MaleStudents": "0",
        "FemaleStudents": "85",
        "SchoolCapacity": "91"
      }
    },
    {
      "type": "Feature",
      "geometry": {
        "type": "Point",
        "coordinates": [
          40.9987584,
          30.9857597
        ]
      },
      "properties": {
        "School": "مركز ايادي نجد للرعاية النهارية",
        "Region": "منطقة الحدود الشمالية",
        "City": "عرعر",
        "Type": "مركز شامل",
        "Gender": "ذكور",
        "MaleStudents": "0",
        "FemaleStudents": "0",
        "SchoolCapacity": "156",
        "place_name": "مركز ايادي نجد للرعاية النهارية بنين - بنات",
        "place_url": "https://www.google.com/maps/place/%D9%85%D8%B1%D9%83%D8%B2+%D8%A7%D9%8A%D8%A7%D8%AF%D9%8A+%D9%86%D8%AC%D8%AF+%D9%84%D9%84%D8%B1%D8%B9%D8%A7%D9%8A%D8%A9+%D8%A7%D9%84%D9%86%D9%87%D8%A7%D8%B1%D9%8A%D8%A9+%D8%A8%D9%86%D9%8A%D9%86+-+%D8%A8%D9%86%D8%A7%D8%AA%E2%80%AD/@30.9857597,41.0013333,17z/data=!3m1!4b1!4m6!3m5!1s0x156c0df492e23a17:0x280b03fedb7ccaaf!8m2!3d30.9857597!4d40.9987584!16s%2Fg%2F11t649ds_d?entry=ttu&g_ep=EgoyMDI2MDUxMy4wIKXMDSoASAFQAw%3D%3D",
        "place_category": "منظمة خدمات ودعم الإعاقة",
        "place_address": "7667 عبدالرحمن بن عبدالعزيز، المطار, 4593، عرعر 73312",
        "place_rating": 4.0,
        "place_review_count": 3
      }
    },
    {
      "type": "Feature",
      "geometry": {
        "type": "Point",
        "coordinates": [
          46.7792027,
          24.5958417
        ]
      },
      "properties": {
        "School": "مركز عبور للرعاية النهارية",
        "Region": "منطقة الريـــاض",
        "City": "الرياض",
        "Type": "مركز شامل",
        "Gender": "اناث",
        "MaleStudents": "0",
        "FemaleStudents": "94",
        "SchoolCapacity": "200",
        "place_name": "مركز عبور للرعاية النهارية فرع العزيزية",
        "place_url": "https://www.google.com/maps/place/%D9%85%D8%B1%D9%83%D8%B2+%D8%B9%D8%A8%D9%88%D8%B1+%D9%84%D9%84%D8%B1%D8%B9%D8%A7%D9%8A%D8%A9+%D8%A7%D9%84%D9%86%D9%87%D8%A7%D8%B1%D9%8A%D8%A9+%D9%81%D8%B1%D8%B9+%D8%A7%D9%84%D8%B9%D8%B2%D9%8A%D8%B2%D9%8A%D8%A9%E2%80%AD/@24.5958417,46.9233983,12z/data=!4m10!1m2!2m1!1z2YXYsdmD2LIg2LnYqNmI2LEg2YTZhNix2LnYp9mK2Kkg2KfZhNmG2YfYp9ix2YrYqSwg2KfZhNix2YrYp9i2LCDZhdmG2LfZgtipINin2YTYsdmK2YDZgNmA2KfYtg!3m6!1s0x3e2f09657b5cfc25:0x522a6384a0678e3f!8m2!3d24.5958417!4d46.7792027!15sCl7Zhdix2YPYsiDYudio2YjYsSDZhNmE2LHYudin2YrYqSDYp9mE2YbZh9in2LHZitipLCDYp9mE2LHZitin2LYsINmF2YbYt9mC2Kkg2KfZhNix2YrZgNmA2YDYp9i2kgEVcmVoYWJpbGl0YXRpb25fY2VudGVy4AEA!16s%2Fg%2F11pz4ymrtl?entry=ttu&g_ep=EgoyMDI2MDUxMy4wIKXMDSoASAFQAw%3D%3D",
        "place_category": "مركز إعادة التأهيل",
        "place_address": "4212 طريق النصر، حي العزيزية، الرياض 14511 6962،، الرياض 14511",
        "place_rating": 4.1,
        "place_review_count": 4
      }
    },
    {
      "type": "Feature",
      "geometry": {
        "type": "Point",
        "coordinates": [
          46.9030826,
          24.7979897
        ]
      },
      "properties": {
        "School": "شركة روايات العلم للرعاية النهارية",
        "Region": "منطقة الريـــاض",
        "City": "الرياض",
        "Type": "مركز شامل",
        "Gender": "اناث",
        "MaleStudents": "0",
        "FemaleStudents": "71",
        "SchoolCapacity": "196",
        "place_name": "شركة روايات العلم للرعاية النهارية",
        "place_url": "https://www.google.com/maps/place/%D8%B4%D8%B1%D9%83%D8%A9+%D8%B1%D9%88%D8%A7%D9%8A%D8%A7%D8%AA+%D8%A7%D9%84%D8%B9%D9%84%D9%85+%D9%84%D9%84%D8%B1%D8%B9%D8%A7%D9%8A%D8%A9+%D8%A7%D9%84%D9%86%D9%87%D8%A7%D8%B1%D9%8A%D8%A9%E2%80%AD/@24.7979897,46.9056575,17z/data=!3m1!4b1!4m6!3m5!1s0x3e2fad00029802f5:0xff55ffa13d34ac3c!8m2!3d24.7979897!4d46.9030826!16s%2Fg%2F11wqwbln21?entry=ttu&g_ep=EgoyMDI2MDUxMy4wIKXMDSoASAFQAw%3D%3D",
        "place_category": null,
        "place_address": "3376 عبدالله بن فريان، حي الندوة، الرياض 14816",
        "place_rating": 4.8,
        "place_review_count": 46
      }
    },
    {
      "type": "Feature",
      "geometry": {
        "type": "Point",
        "coordinates": [
          40.4113956,
          21.2248306
        ]
      },
      "properties": {
        "School": "شركة قدرتي للرعاية النهارية",
        "Region": "منطقة مكة المكرمـة",
        "City": "محافظة الطائف",
        "Type": "مركز شامل",
        "Gender": "اناث",
        "MaleStudents": "0",
        "FemaleStudents": "8",
        "SchoolCapacity": "118",
        "place_name": "مركز قدرتي للرعاية النهارية",
        "place_url": "https://www.google.com/maps/place/%D9%85%D8%B1%D9%83%D8%B2+%D9%82%D8%AF%D8%B1%D8%AA%D9%8A+%D9%84%D9%84%D8%B1%D8%B9%D8%A7%D9%8A%D8%A9+%D8%A7%D9%84%D9%86%D9%87%D8%A7%D8%B1%D9%8A%D8%A9%E2%80%AD/@21.2248306,40.4139705,17z/data=!3m1!4b1!4m6!3m5!1s0x488b588e06042edb:0x9c5fd8b5a8f59bb5!8m2!3d21.2248306!4d40.4113956!16s%2Fg%2F11xh8tl6dn?entry=ttu&g_ep=EgoyMDI2MDUxMy4wIKXMDSoASAFQAw%3D%3D",
        "place_category": "خدمة رعاية الأسرة النهارية",
        "place_address": "6CF6+WHM، السداد، الطائف 26512",
        "place_rating": 4.3,
        "place_review_count": 22
      }
    },
    {
      "type": "Feature",
      "geometry": {
        "type": "Point",
        "coordinates": [
          38.2194919,
          30.4938887
        ]
      },
      "properties": {
        "School": "مركز آمال للرعاية النهارية",
        "Region": "منطقة الجـــوف",
        "City": "محافظة طبرجل",
        "Type": "مركز شامل",
        "Gender": "اناث",
        "MaleStudents": "0",
        "FemaleStudents": "51",
        "SchoolCapacity": "66",
        "place_name": "مركز آمال للرعاية النهارية",
        "place_url": "https://www.google.com/maps/place/%D9%85%D8%B1%D9%83%D8%B2+%D8%A2%D9%85%D8%A7%D9%84+%D9%84%D9%84%D8%B1%D8%B9%D8%A7%D9%8A%D8%A9+%D8%A7%D9%84%D9%86%D9%87%D8%A7%D8%B1%D9%8A%D8%A9%E2%80%AD/@30.4938887,38.2220668,17z/data=!3m1!4b1!4m6!3m5!1s0x150e4500336094b3:0x2e6373e01066921e!8m2!3d30.4938887!4d38.2194919!16s%2Fg%2F11wxjzyrxv?entry=ttu&g_ep=EgoyMDI2MDUxMy4wIKXMDSoASAFQAw%3D%3D",
        "place_category": null,
        "place_address": "F6V9+HQ5، طبرجل 74764",
        "place_rating": 5.0,
        "place_review_count": 5
      }
    },
    {
      "type": "Feature",
      "geometry": {
        "type": "Point",
        "coordinates": [
          46.6203801,
          24.7742527
        ]
      },
      "properties": {
        "School": "شركة أركان النمو للرعاية النهارية",
        "Region": "منطقة الريـــاض",
        "City": "الرياض",
        "Type": "مركز توحد",
        "Gender": "اناث",
        "MaleStudents": "0",
        "FemaleStudents": "20",
        "SchoolCapacity": "48",
        "place_name": "مركز اركان النمو للرعاية النهارية",
        "place_url": "https://www.google.com/maps/place/%D9%85%D8%B1%D9%83%D8%B2+%D8%A7%D8%B1%D9%83%D8%A7%D9%86+%D8%A7%D9%84%D9%86%D9%85%D9%88+%D9%84%D9%84%D8%B1%D8%B9%D8%A7%D9%8A%D8%A9+%D8%A7%D9%84%D9%86%D9%87%D8%A7%D8%B1%D9%8A%D8%A9%E2%80%AD/@24.7742527,46.622955,17z/data=!3m1!4b1!4m6!3m5!1s0x3e2ee3481767e0f7:0x1b65ba2940e4778b!8m2!3d24.7742527!4d46.6203801!16s%2Fg%2F11tx6hr14k?entry=ttu&g_ep=EgoyMDI2MDUxMy4wIKXMDSoASAFQAw%3D%3D",
        "place_category": "مركز لرعاية الأطفال",
        "place_address": "حى, الوديان، العقيق، الرياض 13515",
        "place_rating": 4.8,
        "place_review_count": 129
      }
    },
    {
      "type": "Feature",
      "geometry": {
        "type": "Point",
        "coordinates": [
          39.1300322,
          21.5910322
        ]
      },
      "properties": {
        "School": "مركز الحلول الذكية للرعاية النهارية",
        "Region": "منطقة مكة المكرمـة",
        "City": "محافظة جدة",
        "Type": "مركز توحد",
        "Gender": "اناث",
        "MaleStudents": "0",
        "FemaleStudents": "57",
        "SchoolCapacity": "67",
        "place_name": "مركز الحلول الذكية للرعاية النهارية",
        "place_url": "https://www.google.com/maps/place/%D9%85%D8%B1%D9%83%D8%B2+%D8%A7%D9%84%D8%AD%D9%84%D9%88%D9%84+%D8%A7%D9%84%D8%B0%D9%83%D9%8A%D8%A9+%D9%84%D9%84%D8%B1%D8%B9%D8%A7%D9%8A%D8%A9+%D8%A7%D9%84%D9%86%D9%87%D8%A7%D8%B1%D9%8A%D8%A9%E2%80%AD/@21.324881,39.7049856,11z/data=!4m6!3m5!1s0x15c3db5a3fc54121:0xbbbad1ff3ebced7d!8m2!3d21.5910322!4d39.1300322!16s%2Fg%2F11sjfwc7wy?entry=ttu&g_ep=EgoyMDI2MDUxMy4wIKXMDSoASAFQAw%3D%3D",
        "place_category": "نادي أطفال",
        "place_address": "فياض، 6068 الفضيل بن عياض، الزهراء، جدة 23521",
        "place_rating": 4.7,
        "place_review_count": 57
      }
    },
    {
      "type": "Feature",
      "geometry": null,
      "properties": {
        "School": "مركز رمز الطموح للرعلية النهارية",
        "Region": "المنطقة الشرقيـــة",
        "City": "الدمام",
        "Type": "مركز شامل",
        "Gender": "اناث",
        "MaleStudents": "0",
        "FemaleStudents": "51",
        "SchoolCapacity": "56"
      }
    },
    {
      "type": "Feature",
      "geometry": {
        "type": "Point",
        "coordinates": [
          39.1994844,
          21.7846472
        ]
      },
      "properties": {
        "School": "شركة دار العظماء للرعاية النهارية",
        "Region": "منطقة مكة المكرمـة",
        "City": "محافظة جدة",
        "Type": "مركز شامل",
        "Gender": "اناث",
        "MaleStudents": "0",
        "FemaleStudents": "51",
        "SchoolCapacity": "255",
        "place_name": "مركز العظماء للرعاية النهارية",
        "place_url": "https://www.google.com/maps/place/%D9%85%D8%B1%D9%83%D8%B2+%D8%A7%D9%84%D8%B9%D8%B8%D9%85%D8%A7%D8%A1+%D9%84%D9%84%D8%B1%D8%B9%D8%A7%D9%8A%D8%A9+%D8%A7%D9%84%D9%86%D9%87%D8%A7%D8%B1%D9%8A%D8%A9%E2%80%AD/@21.6836175,39.3041468,12z/data=!4m10!1m2!2m1!1z2LTYsdmD2Kkg2K_Yp9ixINin2YTYudi42YXYp9ihINmE2YTYsdi52KfZitipINin2YTZhtmH2KfYsdmK2KksINmF2K3Yp9mB2LjYqSDYrNiv2KksINmF2YbYt9mC2Kkg2YXZg9ipINin2YTZhdmD2LHZhdmA2Kk!3m6!1s0x15c17b4ed9db0809:0xdc869ac8d421e3ce!8m2!3d21.7846472!4d39.1994844!15sCnfYtNix2YPYqSDYr9in2LEg2KfZhNi52LjZhdin2KEg2YTZhNix2LnYp9mK2Kkg2KfZhNmG2YfYp9ix2YrYqSwg2YXYrdin2YHYuNipINis2K_YqSwg2YXZhti32YLYqSDZhdmD2Kkg2KfZhNmF2YPYsdmF2YDYqVp1InPYtNix2YPYqSDYr9in2LEg2KfZhNi52LjZhdin2KEg2YTZhNix2LnYp9mK2Kkg2KfZhNmG2YfYp9ix2YrYqSDZhdit2KfZgdi42Kkg2KzYr9ipINmF2YbYt9mC2Kkg2YXZg9ipINin2YTZhdmD2LHZhdipkgEQZWR1Y2F0aW9uX2NlbnRlcpoBJENoZERTVWhOTUc5blMwVkpRMEZuU1VOdWMxOUljbkZSUlJBQuABAPoBBAgAEDQ!16s%2Fg%2F11pzg4p35p?entry=ttu&g_ep=EgoyMDI2MDUxMy4wIKXMDSoASAFQAw%3D%3D",
        "place_category": "المركز التعليمي",
        "place_address": "8225 محمود التميمى، حي الفلاح، Jeddah 23762 5376",
        "place_rating": 4.4,
        "place_review_count": 4
      }
    },
    {
      "type": "Feature",
      "geometry": {
        "type": "Point",
        "coordinates": [
          39.9288382,
          21.4556964
        ]
      },
      "properties": {
        "School": "مركز خطوات الهمم للرعاية النهارية",
        "Region": "منطقة مكة المكرمـة",
        "City": "مكة المكرمة",
        "Type": "مركز شامل",
        "Gender": "اناث",
        "MaleStudents": "0",
        "FemaleStudents": "67",
        "SchoolCapacity": "100",
        "place_name": "مركز خطوات الهمم للرعاية النهارية",
        "place_url": "https://www.google.com/maps/place/%D9%85%D8%B1%D9%83%D8%B2+%D8%AE%D8%B7%D9%88%D8%A7%D8%AA+%D8%A7%D9%84%D9%87%D9%85%D9%85+%D9%84%D9%84%D8%B1%D8%B9%D8%A7%D9%8A%D8%A9+%D8%A7%D9%84%D9%86%D9%87%D8%A7%D8%B1%D9%8A%D8%A9%E2%80%AD/@21.4556964,39.9314131,17z/data=!3m1!4b1!4m6!3m5!1s0x15c2012ad3396b1b:0x9daf343b79a2b2c0!8m2!3d21.4556964!4d39.9288382!16s%2Fg%2F11vkr2dwxc?entry=ttu&g_ep=EgoyMDI2MDUxMy4wIKXMDSoASAFQAw%3D%3D",
        "place_category": "خدمة رعاية الأسرة النهارية",
        "place_address": "3127، 6907، مكة 24267",
        "place_rating": 4.3,
        "place_review_count": 71
      }
    },
    {
      "type": "Feature",
      "geometry": null,
      "properties": {
        "School": "مركز اسس النجاح للرعاية النهارية",
        "Region": "منطقة مكة المكرمـة",
        "City": "محافظة الطائف",
        "Type": "مركز شامل",
        "Gender": "ذكور",
        "MaleStudents": "66",
        "FemaleStudents": "0",
        "SchoolCapacity": "85"
      }
    },
    {
      "type": "Feature",
      "geometry": null,
      "properties": {
        "School": "مركز مصدر الابداع للرعاية النهارية",
        "Region": "منطقة الريـــاض",
        "City": "محافظة الدوادمي",
        "Type": "مركز شامل",
        "Gender": "اناث",
        "MaleStudents": "0",
        "FemaleStudents": "23",
        "SchoolCapacity": "70"
      }
    },
    {
      "type": "Feature",
      "geometry": {
        "type": "Point",
        "coordinates": [
          39.8383575,
          29.8065144
        ]
      },
      "properties": {
        "School": "مركز غصون احمد علي عرابي لرعاية ذوي الاحتياجات الخاصة",
        "Region": "منطقة الجـــوف",
        "City": "محافظة دومة الجندل",
        "Type": "مركز شامل",
        "Gender": "اناث",
        "MaleStudents": "0",
        "FemaleStudents": "75",
        "SchoolCapacity": "135",
        "place_name": "مركز غصون لرعاية ذوي الاحتياجات الخاصة",
        "place_url": "https://www.google.com/maps/place/%D9%85%D8%B1%D9%83%D8%B2+%D8%BA%D8%B5%D9%88%D9%86+%D9%84%D8%B1%D8%B9%D8%A7%D9%8A%D8%A9+%D8%B0%D9%88%D9%8A+%D8%A7%D9%84%D8%A7%D8%AD%D8%AA%D9%8A%D8%A7%D8%AC%D8%A7%D8%AA+%D8%A7%D9%84%D8%AE%D8%A7%D8%B5%D8%A9%E2%80%AD/@29.8065144,39.8409324,17z/data=!3m1!4b1!4m6!3m5!1s0x150d2f2ab9c2ee8b:0x3992cb9f62735e28!8m2!3d29.8065144!4d39.8383575!16s%2Fg%2F11yjjxcb5t?entry=ttu&g_ep=EgoyMDI2MDUxMy4wIKXMDSoASAFQAw%3D%3D",
        "place_category": "مؤسسة تعليمية",
        "place_address": "كعب بن مالك، دومة الجندل 74633",
        "place_rating": 4.3,
        "place_review_count": null
      }
    },
    {
      "type": "Feature",
      "geometry": {
        "type": "Point",
        "coordinates": [
          49.5739818,
          25.4465872
        ]
      },
      "properties": {
        "School": "شركة واثق لرعاية ذوي الاحتياجات الخاصة",
        "Region": "المنطقة الشرقيـــة",
        "City": "محافظة الاحساء",
        "Type": "مركز شامل",
        "Gender": "اناث",
        "MaleStudents": "0",
        "FemaleStudents": "131",
        "SchoolCapacity": "200",
        "place_name": "مركز واثق لرعاية ذوي الاحتياجات الخاصة",
        "place_url": "https://www.google.com/maps/place/%D9%85%D8%B1%D9%83%D8%B2+%D9%88%D8%A7%D8%AB%D9%82+%D9%84%D8%B1%D8%B9%D8%A7%D9%8A%D8%A9+%D8%B0%D9%88%D9%8A+%D8%A7%D9%84%D8%A7%D8%AD%D8%AA%D9%8A%D8%A7%D8%AC%D8%A7%D8%AA+%D8%A7%D9%84%D8%AE%D8%A7%D8%B5%D8%A9%E2%80%AD/@25.4132262,49.6485487,13z/data=!4m10!1m2!2m1!1z2LTYsdmD2Kkg2YjYp9ir2YIg2YTYsdi52KfZitipINiw2YjZiiDYp9mE2KfYrdiq2YrYp9is2KfYqiDYp9mE2K7Yp9i12KksINmF2K3Yp9mB2LjYqSDYp9mE2KfYrdiz2KfYoSwg2KfZhNmF2YbYt9mC2Kkg2KfZhNi02LHZgtmK2YDZgNmA2Kk!3m6!1s0x3e37bde0490c1211:0xb7b70ceabbec63f!8m2!3d25.4465872!4d49.5739818!15sCokB2LTYsdmD2Kkg2YjYp9ir2YIg2YTYsdi52KfZitipINiw2YjZiiDYp9mE2KfYrdiq2YrYp9is2KfYqiDYp9mE2K7Yp9i12KksINmF2K3Yp9mB2LjYqSDYp9mE2KfYrdiz2KfYoSwg2KfZhNmF2YbYt9mC2Kkg2KfZhNi02LHZgtmK2YDZgNmA2KlahAEigQHYtNix2YPYqSDZiNin2KvZgiDZhNix2LnYp9mK2Kkg2LDZiNmKINin2YTYp9it2KrZitin2KzYp9iqINin2YTYrtin2LXYqSDZhdit2KfZgdi42Kkg2KfZhNin2K3Ys9in2KEg2KfZhNmF2YbYt9mC2Kkg2KfZhNi02LHZgtmK2KmSARZvY2N1cGF0aW9uYWxfdGhlcmFwaXN0mgFEQ2k5RFFVbFJRVU52WkVOb2RIbGpSamx2VDI1V2FtSnJZM3BoYkZvMVdEQXhUV0pWVmpaV00wSkpZMVpDTlZneFJSQULgAQD6AQQIABAl!16s%2Fg%2F11y4897zpk?entry=ttu&g_ep=EgoyMDI2MDUxMy4wIKXMDSoASAFQAw%3D%3D",
        "place_category": "أخصائي علاج مهني",
        "place_address": "ابو فارس الحمداني, حي الخرس، المبرز 36342",
        "place_rating": 5.0,
        "place_review_count": 5
      }
    },
    {
      "type": "Feature",
      "geometry": null,
      "properties": {
        "School": "مركز ريادة طيبة الشامل للرعاية النهارية",
        "Region": "منطقة المدينة المنورة",
        "City": "المدينة المنورة",
        "Type": "مركز شامل",
        "Gender": "اناث",
        "MaleStudents": "0",
        "FemaleStudents": "42",
        "SchoolCapacity": "58"
      }
    },
    {
      "type": "Feature",
      "geometry": {
        "type": "Point",
        "coordinates": [
          42.9605918,
          16.8365392
        ]
      },
      "properties": {
        "School": "مركز انجال المستقبل للرعاية النهارية",
        "Region": "منطقة جــازان",
        "City": "محافظة أحد المسارحة",
        "Type": "مركز شامل",
        "Gender": "ذكور",
        "MaleStudents": "0",
        "FemaleStudents": "0",
        "SchoolCapacity": "63",
        "place_name": "مركز أنجال المستقبل",
        "place_url": "https://www.google.com/maps/place/%D9%85%D8%B1%D9%83%D8%B2+%D8%A3%D9%86%D8%AC%D8%A7%D9%84+%D8%A7%D9%84%D9%85%D8%B3%D8%AA%D9%82%D8%A8%D9%84%E2%80%AD/@16.8365392,42.9631667,17z/data=!3m1!4b1!4m6!3m5!1s0x16078f6d5da26671:0x96721b446d45ce75!8m2!3d16.8365392!4d42.9605918!16s%2Fg%2F11pv9djdf9?entry=ttu&g_ep=EgoyMDI2MDUxMy4wIKXMDSoASAFQAw%3D%3D",
        "place_category": "المركز التعليمي",
        "place_address": "RXP6+J6، مدينة الإسكان 86519",
        "place_rating": 4.3,
        "place_review_count": 4
      }
    },
    {
      "type": "Feature",
      "geometry": {
        "type": "Point",
        "coordinates": [
          46.6675627,
          24.6548249
        ]
      },
      "properties": {
        "School": "شركة مركز العباقرة للرعاية النهاريه للمعاقين",
        "Region": "منطقة الباحــة",
        "City": "محافظة قلوة",
        "Type": "مركز شامل",
        "Gender": "اناث",
        "MaleStudents": "0",
        "FemaleStudents": "41",
        "SchoolCapacity": "200",
        "place_name": "مركز العباقرة للرعاية النهارية للمعاقين",
        "place_url": "https://www.google.com/maps/place/%D9%85%D8%B1%D9%83%D8%B2+%D8%A7%D9%84%D8%B9%D8%A8%D8%A7%D9%82%D8%B1%D8%A9+%D9%84%D9%84%D8%B1%D8%B9%D8%A7%D9%8A%D8%A9+%D8%A7%D9%84%D9%86%D9%87%D8%A7%D8%B1%D9%8A%D8%A9+%D9%84%D9%84%D9%85%D8%B9%D8%A7%D9%82%D9%8A%D9%86%E2%80%AD/@24.6548249,55.8960783,6z/data=!4m10!1m2!2m1!1z2LTYsdmD2Kkg2YXYsdmD2LIg2KfZhNi52KjYp9mC2LHYqSDZhNmE2LHYudin2YrYqSDYp9mE2YbZh9in2LHZitmHINmE2YTZhdi52KfZgtmK2YYsINmF2K3Yp9mB2LjYqSDZgtmE2YjYqSwg2YXZhti32YLYqSDYp9mE2KjYp9it2YDZgNip!3m6!1s0x3e2f1b25bda810ef:0x88196e4410b7e88f!8m2!3d24.6548249!4d46.6675627!15sCocB2LTYsdmD2Kkg2YXYsdmD2LIg2KfZhNi52KjYp9mC2LHYqSDZhNmE2LHYudin2YrYqSDYp9mE2YbZh9in2LHZitmHINmE2YTZhdi52KfZgtmK2YYsINmF2K3Yp9mB2LjYqSDZgtmE2YjYqSwg2YXZhti32YLYqSDYp9mE2KjYp9it2YDZgNipWoQBIoEB2LTYsdmD2Kkg2YXYsdmD2LIg2KfZhNi52KjYp9mC2LHYqSDZhNmE2LHYudin2YrYqSDYp9mE2YbZh9in2LHZitmHINmE2YTZhdi52KfZgtmK2YYg2YXYrdin2YHYuNipINmC2YTZiNipINmF2YbYt9mC2Kkg2KfZhNio2KfYrdipkgEVYWR1bHRfZGF5X2NhcmVfY2VudGVymgFEQ2k5RFFVbFJRVU52WkVOb2RIbGpSamx2VDI1b01WUldWa3hVVjJSclZWWlJNRk5xU25GaVIwNDJUV3hTY1ZWWVl4QULgAQD6AQQIABAv!16s%2Fg%2F11x33j8zqd?entry=ttu&g_ep=EgoyMDI2MDUxMy4wIKXMDSoASAFQAw%3D%3D",
        "place_category": "مركز رعاية نهارية للكبار",
        "place_address": "حي، الشرفية، الرياض 12725",
        "place_rating": 4.1,
        "place_review_count": 4
      }
    },
    {
      "type": "Feature",
      "geometry": {
        "type": "Point",
        "coordinates": [
          39.6014237,
          24.4135641
        ]
      },
      "properties": {
        "School": "مركز قمة الهمم لرعاية ذوي الاحتياجات الخاصة",
        "Region": "منطقة المدينة المنورة",
        "City": "المدينة المنورة",
        "Type": "مركز شامل",
        "Gender": "ذكور",
        "MaleStudents": "0",
        "FemaleStudents": "0",
        "SchoolCapacity": "110",
        "place_name": "مركز قمة الهمم",
        "place_url": "https://www.google.com/maps/place/%D9%85%D8%B1%D9%83%D8%B2+%D9%82%D9%85%D8%A9+%D8%A7%D9%84%D9%87%D9%85%D9%85%E2%80%AD/@24.4135641,39.6039986,17z/data=!3m1!4b1!4m6!3m5!1s0x15bdc10054946143:0xa4353a7bf1589095!8m2!3d24.4135641!4d39.6014237!16s%2Fg%2F11lns26gn1?entry=ttu&g_ep=EgoyMDI2MDUxMy4wIKXMDSoASAFQAw%3D%3D",
        "place_category": "عيادة علاج طبيعي",
        "place_address": "حي الرانوناء، DMWA4942، 4942 سعيد بن احمد بن محمد، 8574، المدينة المنورة 42392",
        "place_rating": 4.4,
        "place_review_count": 59
      }
    },
    {
      "type": "Feature",
      "geometry": {
        "type": "Point",
        "coordinates": [
          46.7792027,
          24.5958417
        ]
      },
      "properties": {
        "School": "مركز شركة تنمية انسان للرعاية النهارية",
        "Region": "منطقة الريـــاض",
        "City": "الرياض",
        "Type": "مركز شامل",
        "Gender": "ذكور",
        "MaleStudents": "106",
        "FemaleStudents": "0",
        "SchoolCapacity": "200",
        "place_name": "مركز عبور للرعاية النهارية فرع العزيزية",
        "place_url": "https://www.google.com/maps/place/%D9%85%D8%B1%D9%83%D8%B2+%D8%B9%D8%A8%D9%88%D8%B1+%D9%84%D9%84%D8%B1%D8%B9%D8%A7%D9%8A%D8%A9+%D8%A7%D9%84%D9%86%D9%87%D8%A7%D8%B1%D9%8A%D8%A9+%D9%81%D8%B1%D8%B9+%D8%A7%D9%84%D8%B9%D8%B2%D9%8A%D8%B2%D9%8A%D8%A9%E2%80%AD/@24.5958417,47.0675938,11z/data=!4m10!1m2!2m1!1z2YXYsdmD2LIg2LTYsdmD2Kkg2KrZhtmF2YrYqSDYp9mG2LPYp9mGINmE2YTYsdi52KfZitipINin2YTZhtmH2KfYsdmK2KksINin2YTYsdmK2KfYtiwg2YXZhti32YLYqSDYp9mE2LHZitmA2YDZgNin2LY!3m6!1s0x3e2f09657b5cfc25:0x522a6384a0678e3f!8m2!3d24.5958417!4d46.7792027!15sCnTZhdix2YPYsiDYtNix2YPYqSDYqtmG2YXZitipINin2YbYs9in2YYg2YTZhNix2LnYp9mK2Kkg2KfZhNmG2YfYp9ix2YrYqSwg2KfZhNix2YrYp9i2LCDZhdmG2LfZgtipINin2YTYsdmK2YDZgNmA2KfYtlpuImzZhdix2YPYsiDYtNix2YPYqSDYqtmG2YXZitipINin2YbYs9in2YYg2YTZhNix2LnYp9mK2Kkg2KfZhNmG2YfYp9ix2YrYqSDYp9mE2LHZitin2LYg2YXZhti32YLYqSDYp9mE2LHZitin2LaSARVyZWhhYmlsaXRhdGlvbl9jZW50ZXKaASNDaFpEU1VoTk1HOW5TMFZKUTBGblNVTlViR1ZwUkZsM0VBReABAPoBBAgAED0!16s%2Fg%2F11pz4ymrtl?entry=ttu&g_ep=EgoyMDI2MDUxMy4wIKXMDSoASAFQAw%3D%3D",
        "place_category": "مركز إعادة التأهيل",
        "place_address": "4212 طريق النصر، حي العزيزية، الرياض 14511 6962،، الرياض 14511",
        "place_rating": 4.1,
        "place_review_count": 4
      }
    },
    {
      "type": "Feature",
      "geometry": {
        "type": "Point",
        "coordinates": [
          41.0383387,
          30.9598276
        ]
      },
      "properties": {
        "School": "مركز التمكين الشامل للرعاية النهارية",
        "Region": "منطقة الحدود الشمالية",
        "City": "عرعر",
        "Type": "مركز شامل",
        "Gender": "ذكور",
        "MaleStudents": "0",
        "FemaleStudents": "0",
        "SchoolCapacity": "161",
        "place_name": "مركز التمكين الشامل للرعاية النهارية",
        "place_url": "https://www.google.com/maps/place/%D9%85%D8%B1%D9%83%D8%B2+%D8%A7%D9%84%D8%AA%D9%85%D9%83%D9%8A%D9%86+%D8%A7%D9%84%D8%B4%D8%A7%D9%85%D9%84+%D9%84%D9%84%D8%B1%D8%B9%D8%A7%D9%8A%D8%A9+%D8%A7%D9%84%D9%86%D9%87%D8%A7%D8%B1%D9%8A%D8%A9%E2%80%AD/@30.9598276,41.0409136,17z/data=!3m1!4b1!4m6!3m5!1s0x156c0d0068d16a6b:0x6a8be17727e1e34a!8m2!3d30.9598276!4d41.0383387!16s%2Fg%2F11y4h1nc8g?entry=ttu&g_ep=EgoyMDI2MDUxMy4wIKXMDSoASAFQAw%3D%3D",
        "place_category": "المركز التعليمي",
        "place_address": "SMJE6897، 3240 شارع ابن ماجه، حي الناصرية، 6897، عرعر 73241",
        "place_rating": 4.8,
        "place_review_count": 77
      }
    },
    {
      "type": "Feature",
      "geometry": {
        "type": "Point",
        "coordinates": [
          42.6568125,
          17.1524485
        ]
      },
      "properties": {
        "School": "شركة مركز التمكين الشامل للرعاية النهارية",
        "Region": "منطقة جــازان",
        "City": "محافظة صبياء",
        "Type": "مركز شامل",
        "Gender": "ذكور",
        "MaleStudents": "0",
        "FemaleStudents": "0",
        "SchoolCapacity": "200",
        "place_name": "مركز التمكين الشامل للرعاية النهارية صبيا",
        "place_url": "https://www.google.com/maps/place/%D9%85%D8%B1%D9%83%D8%B2+%D8%A7%D9%84%D8%AA%D9%85%D9%83%D9%8A%D9%86+%D8%A7%D9%84%D8%B4%D8%A7%D9%85%D9%84+%D9%84%D9%84%D8%B1%D8%B9%D8%A7%D9%8A%D8%A9+%D8%A7%D9%84%D9%86%D9%87%D8%A7%D8%B1%D9%8A%D8%A9+%D8%B5%D8%A8%D9%8A%D8%A7%E2%80%AD/@17.1524485,42.6593874,17z/data=!3m1!4b1!4m6!3m5!1s0x15fd5100417b3917:0xf9aed490b8e007c7!8m2!3d17.1524485!4d42.6568125!16s%2Fg%2F11mm7_vgx4?entry=ttu&g_ep=EgoyMDI2MDUxMy4wIKXMDSoASAFQAw%3D%3D",
        "place_category": "مركز رعاية الطفل",
        "place_address": "الصفاء، صبيا 85534",
        "place_rating": 5.0,
        "place_review_count": 22
      }
    },
    {
      "type": "Feature",
      "geometry": null,
      "properties": {
        "School": "مركز كيان المتكامل للرعاية النهارية",
        "Region": "منطقة حائــــل",
        "City": "حائل",
        "Type": "مركز شامل",
        "Gender": "ذكور",
        "MaleStudents": "0",
        "FemaleStudents": "0",
        "SchoolCapacity": "80"
      }
    },
    {
      "type": "Feature",
      "geometry": {
        "type": "Point",
        "coordinates": [
          42.5980892,
          18.2747038
        ]
      },
      "properties": {
        "School": "مركز شركة روح الاصرار للرعاية النهارية",
        "Region": "منطقة عسيــر",
        "City": "محافظة البرك",
        "Type": "مركز شامل",
        "Gender": "ذكور",
        "MaleStudents": "0",
        "FemaleStudents": "0",
        "SchoolCapacity": "200",
        "place_name": "شركة روح الاصرار للرعاية النهارية",
        "place_url": "https://www.google.com/maps/place/%D8%B4%D8%B1%D9%83%D8%A9+%D8%B1%D9%88%D8%AD+%D8%A7%D9%84%D8%A7%D8%B5%D8%B1%D8%A7%D8%B1+%D9%84%D9%84%D8%B1%D8%B9%D8%A7%D9%8A%D8%A9+%D8%A7%D9%84%D9%86%D9%87%D8%A7%D8%B1%D9%8A%D8%A9%E2%80%AD/@18.2747038,47.212347,7z/data=!4m10!1m2!2m1!1z2YXYsdmD2LIg2LTYsdmD2Kkg2LHZiNitINin2YTYp9i12LHYp9ixINmE2YTYsdi52KfZitipINin2YTZhtmH2KfYsdmK2KksINmF2K3Yp9mB2LjYqSDYp9mE2KjYsdmDLCDZhdmG2LfZgtipINi52LPZitmA2YDYsQ!3m6!1s0x15fb55cab37b63a3:0xe39d420eac4b4f65!8m2!3d18.2747038!4d42.5980892!15sCnnZhdix2YPYsiDYtNix2YPYqSDYsdmI2K0g2KfZhNin2LXYsdin2LEg2YTZhNix2LnYp9mK2Kkg2KfZhNmG2YfYp9ix2YrYqSwg2YXYrdin2YHYuNipINin2YTYqNix2YMsINmF2YbYt9mC2Kkg2LnYs9mK2YDZgNixWnUic9mF2LHZg9iyINi02LHZg9ipINix2YjYrSDYp9mE2KfYtdix2KfYsSDZhNmE2LHYudin2YrYqSDYp9mE2YbZh9in2LHZitipINmF2K3Yp9mB2LjYqSDYp9mE2KjYsdmDINmF2YbYt9mC2Kkg2LnYs9mK2LGSARVyZWhhYmlsaXRhdGlvbl9jZW50ZXKaASRDaGREU1VoTk1HOW5TMFZKUTBGblNVUTNNRGRQVEcxUlJSQULgAQD6AQQIABAa!16s%2Fg%2F11tfdnysg0?entry=ttu&g_ep=EgoyMDI2MDUxMy4wIKXMDSoASAFQAw%3D%3D",
        "place_category": "مركز إعادة التأهيل",
        "place_address": "المحالة،، ABPD3942، 3942 دميغ، 7107،، لعصان 62564",
        "place_rating": 4.0,
        "place_review_count": 4
      }
    },
    {
      "type": "Feature",
      "geometry": {
        "type": "Point",
        "coordinates": [
          40.1847993,
          29.9448406
        ]
      },
      "properties": {
        "School": "مركز قدرة الرعاية للرعاية النهارية",
        "Region": "منطقة الجـــوف",
        "City": "سكاكا",
        "Type": "مركز شامل",
        "Gender": "اناث",
        "MaleStudents": "0",
        "FemaleStudents": "61",
        "SchoolCapacity": "102",
        "place_name": "مركز قدرة للرعاية النهارية",
        "place_url": "https://www.google.com/maps/place/%D9%85%D8%B1%D9%83%D8%B2+%D9%82%D8%AF%D8%B1%D8%A9+%D9%84%D9%84%D8%B1%D8%B9%D8%A7%D9%8A%D8%A9+%D8%A7%D9%84%D9%86%D9%87%D8%A7%D8%B1%D9%8A%D8%A9%E2%80%AD/@29.9448406,40.1873742,17z/data=!3m1!4b1!4m6!3m5!1s0x1572b90e6da72c67:0xbd47fe46e986eb4e!8m2!3d29.9448406!4d40.1847993!16s%2Fg%2F11l5r1bmgc?entry=ttu&g_ep=EgoyMDI2MDUxMy4wIKXMDSoASAFQAw%3D%3D",
        "place_category": "المركز التعليمي",
        "place_address": "3425 مسلمه بن عبدالملك، سكاكا 72345",
        "place_rating": 4.7,
        "place_review_count": 17
      }
    },
    {
      "type": "Feature",
      "geometry": {
        "type": "Point",
        "coordinates": [
          36.4546226,
          26.2454527
        ]
      },
      "properties": {
        "School": "مركز مصان للرعاية النهارية",
        "Region": "منطقة تبـــوك",
        "City": "محافظة الوجة",
        "Type": "مركز شامل",
        "Gender": "اناث",
        "MaleStudents": "0",
        "FemaleStudents": "33",
        "SchoolCapacity": "94",
        "place_name": "مركز مصان للرعاية النهارية",
        "place_url": "https://www.google.com/maps/place/%D9%85%D8%B1%D9%83%D8%B2+%D9%85%D8%B5%D8%A7%D9%86+%D9%84%D9%84%D8%B1%D8%B9%D8%A7%D9%8A%D8%A9+%D8%A7%D9%84%D9%86%D9%87%D8%A7%D8%B1%D9%8A%D8%A9%E2%80%AD/@26.2454527,36.4571975,17z/data=!3m1!4b1!4m6!3m5!1s0x15b1d10011954e27:0x447aea726585dc26!8m2!3d26.2454527!4d36.4546226!16s%2Fg%2F11y66n0jtw?entry=ttu&g_ep=EgoyMDI2MDUxMy4wIKXMDSoASAFQAw%3D%3D",
        "place_category": "مركز لرعاية الأطفال",
        "place_address": "حي الخالدية، KWDA3692، 3692 شارع خالد بن الوليد، 7030، الوجه 48721",
        "place_rating": 5.0,
        "place_review_count": 5
      }
    },
    {
      "type": "Feature",
      "geometry": {
        "type": "Point",
        "coordinates": [
          41.0819028,
          19.1386294
        ]
      },
      "properties": {
        "School": " مركز زهراء محمد بن عبدالكريم الزهراني للتأهيل",
        "Region": "منطقة مكة المكرمـة",
        "City": "محافظة القنفذة",
        "Type": "مركز شامل",
        "Gender": "اناث",
        "MaleStudents": "0",
        "FemaleStudents": "44",
        "SchoolCapacity": "60",
        "place_name": "مركز التأهيل المتكامل الطبي للعلاج الطبيعي",
        "place_url": "https://www.google.com/maps/place/%D9%85%D8%B1%D9%83%D8%B2+%D8%A7%D9%84%D8%AA%D8%A3%D9%87%D9%8A%D9%84+%D8%A7%D9%84%D9%85%D8%AA%D9%83%D8%A7%D9%85%D9%84+%D8%A7%D9%84%D8%B7%D8%A8%D9%8A+%D9%84%D9%84%D8%B9%D9%84%D8%A7%D8%AC+%D8%A7%D9%84%D8%B7%D8%A8%D9%8A%D8%B9%D9%8A%E2%80%AD/@19.1386294,45.6961606,7z/data=!4m10!1m2!2m1!1z2YXYsdmD2LIg2LLZh9ix2KfYoSDZhdit2YXYryDYqNmGINi52KjYr9in2YTZg9ix2YrZhSDYp9mE2LLZh9ix2KfZhtmKINmE2YTYqtij2YfZitmELCDZhdit2KfZgdi42Kkg2KfZhNmC2YbZgdiw2KksINmF2YbYt9mC2Kkg2YXZg9ipINin2YTZhdmD2LHZhdmA2Kk!3m6!1s0x15e68f5fbd2eea19:0x68f5c86b5f9f12a!8m2!3d19.1386294!4d41.0819028!15sCpUB2YXYsdmD2LIg2LLZh9ix2KfYoSDZhdit2YXYryDYqNmGINi52KjYr9in2YTZg9ix2YrZhSDYp9mE2LLZh9ix2KfZhtmKINmE2YTYqtij2YfZitmELCDZhdit2KfZgdi42Kkg2KfZhNmC2YbZgdiw2KksINmF2YbYt9mC2Kkg2YXZg9ipINin2YTZhdmD2LHZhdmA2KlalAEikQHZhdix2YPYsiDYstmH2LHYp9ihINmF2K3ZhdivINio2YYg2LnYqNiv2KfZhNmD2LHZitmFINin2YTYstmH2LHYp9mG2Yog2YTZhNiq2KPZh9mK2YQg2YXYrdin2YHYuNipINin2YTZgtmG2YHYsNipINmF2YbYt9mC2Kkg2YXZg9ipINin2YTZhdmD2LHZhdipkgEVcmVoYWJpbGl0YXRpb25fY2VudGVymgEkQ2hkRFNVaE5NRzluUzBWSlEwRm5UVVIzTjNWWVRYSlJSUkFC4AEA-gEECAAQPw!16s%2Fg%2F11hzhfnlqw?entry=ttu&g_ep=EgoyMDI2MDUxMy4wIKXMDSoASAFQAw%3D%3D",
        "place_category": "مركز إعادة التأهيل",
        "place_address": "طريق الملك فيصل بن عبدالعزيز، القنفذة 28821",
        "place_rating": 3.7,
        "place_review_count": 3
      }
    },
    {
      "type": "Feature",
      "geometry": {
        "type": "Point",
        "coordinates": [
          43.5397273,
          19.5222096
        ]
      },
      "properties": {
        "School": "مركز ايادي نجد للرعاية النهارية",
        "Region": "منطقة عسيــر",
        "City": "محافظة تثليث",
        "Type": "مركز شامل",
        "Gender": "ذكور",
        "MaleStudents": "0",
        "FemaleStudents": "0",
        "SchoolCapacity": "138",
        "place_name": "مركز ايادي نجد للرعاية النهارية",
        "place_url": "https://www.google.com/maps/place/%D9%85%D8%B1%D9%83%D8%B2+%D8%A7%D9%8A%D8%A7%D8%AF%D9%8A+%D9%86%D8%AC%D8%AF+%D9%84%D9%84%D8%B1%D8%B9%D8%A7%D9%8A%D8%A9+%D8%A7%D9%84%D9%86%D9%87%D8%A7%D8%B1%D9%8A%D8%A9%E2%80%AD/@19.5222096,43.5423022,17z/data=!3m1!4b1!4m6!3m5!1s0x15f0c10007588c27:0x98bcb01caab08f72!8m2!3d19.5222096!4d43.5397273!16s%2Fg%2F11lp132vp9?entry=ttu&g_ep=EgoyMDI2MDUxMy4wIKXMDSoASAFQAw%3D%3D",
        "place_category": "منظمة خدمات ودعم الإعاقة",
        "place_address": "حي الخالدية, AQJA6286، 6286 شارع خالد بن الوليد، 3355, تثليث 69325",
        "place_rating": 5.0,
        "place_review_count": null
      }
    },
    {
      "type": "Feature",
      "geometry": {
        "type": "Point",
        "coordinates": [
          40.2791947,
          20.1207139
        ]
      },
      "properties": {
        "School": "مركز روح الاصرار للرعاية النهارية",
        "Region": "منطقة مكة المكرمـة",
        "City": "محافظة الليث",
        "Type": "مركز شامل",
        "Gender": "اناث",
        "MaleStudents": "0",
        "FemaleStudents": "53",
        "SchoolCapacity": "72",
        "place_name": "مركز روح الاصرار للرعاية النهارية فرع الليث",
        "place_url": "https://www.google.com/maps/place/%D9%85%D8%B1%D9%83%D8%B2+%D8%B1%D9%88%D8%AD+%D8%A7%D9%84%D8%A7%D8%B5%D8%B1%D8%A7%D8%B1+%D9%84%D9%84%D8%B1%D8%B9%D8%A7%D9%8A%D8%A9+%D8%A7%D9%84%D9%86%D9%87%D8%A7%D8%B1%D9%8A%D8%A9+%D9%81%D8%B1%D8%B9+%D8%A7%D9%84%D9%84%D9%8A%D8%AB%E2%80%AD/@20.1207139,40.2817696,17z/data=!3m1!4b1!4m6!3m5!1s0x15e7e10039a9a4bf:0x9f255051b59f1f50!8m2!3d20.1207139!4d40.2791947!16s%2Fg%2F11w5042dp0?entry=ttu&g_ep=EgoyMDI2MDUxMy4wIKXMDSoASAFQAw%3D%3D",
        "place_category": "المركز التعليمي",
        "place_address": "JTMA6720، 6720 المعتضد بالله ابن ابي القاسم، 4014، الليث 28451",
        "place_rating": 4.2,
        "place_review_count": 3
      }
    },
    {
      "type": "Feature",
      "geometry": {
        "type": "Point",
        "coordinates": [
          40.2791947,
          20.1207139
        ]
      },
      "properties": {
        "School": "مركز روح الاصرار للرعاية النهارية",
        "Region": "منطقة مكة المكرمـة",
        "City": "محافظة الليث",
        "Type": "مركز شامل",
        "Gender": "ذكور",
        "MaleStudents": "0",
        "FemaleStudents": "0",
        "SchoolCapacity": "72",
        "place_name": "مركز روح الاصرار للرعاية النهارية فرع الليث",
        "place_url": "https://www.google.com/maps/place/%D9%85%D8%B1%D9%83%D8%B2+%D8%B1%D9%88%D8%AD+%D8%A7%D9%84%D8%A7%D8%B5%D8%B1%D8%A7%D8%B1+%D9%84%D9%84%D8%B1%D8%B9%D8%A7%D9%8A%D8%A9+%D8%A7%D9%84%D9%86%D9%87%D8%A7%D8%B1%D9%8A%D8%A9+%D9%81%D8%B1%D8%B9+%D8%A7%D9%84%D9%84%D9%8A%D8%AB%E2%80%AD/@20.1207139,40.2817696,17z/data=!3m1!4b1!4m6!3m5!1s0x15e7e10039a9a4bf:0x9f255051b59f1f50!8m2!3d20.1207139!4d40.2791947!16s%2Fg%2F11w5042dp0?entry=ttu&g_ep=EgoyMDI2MDUxMy4wIKXMDSoASAFQAw%3D%3D",
        "place_category": "المركز التعليمي",
        "place_address": "JTMA6720، 6720 المعتضد بالله ابن ابي القاسم، 4014، الليث 28451",
        "place_rating": 4.2,
        "place_review_count": 3
      }
    },
    {
      "type": "Feature",
      "geometry": {
        "type": "Point",
        "coordinates": [
          49.5366875,
          27.1539375
        ]
      },
      "properties": {
        "School": "مركز ارادة وتمكين للرعاية النهارية",
        "Region": "المنطقة الشرقيـــة",
        "City": "محافظة الجبيل",
        "Type": "مركز شامل",
        "Gender": "اناث",
        "MaleStudents": "0",
        "FemaleStudents": "52",
        "SchoolCapacity": "60",
        "place_name": "مركز إرادة لرعاية الاحتياجات الخاصة - جلمودة",
        "place_url": "https://www.google.com/maps/place/%D9%85%D8%B1%D9%83%D8%B2+%D8%A5%D8%B1%D8%A7%D8%AF%D8%A9+%D9%84%D8%B1%D8%B9%D8%A7%D9%8A%D8%A9+%D8%A7%D9%84%D8%A7%D8%AD%D8%AA%D9%8A%D8%A7%D8%AC%D8%A7%D8%AA+%D8%A7%D9%84%D8%AE%D8%A7%D8%B5%D8%A9+-+%D8%AC%D9%84%D9%85%D9%88%D8%AF%D8%A9%E2%80%AD/@27.1421121,49.5721852,14z/data=!4m10!1m2!2m1!1z2YXYsdmD2LIg2KfYsdin2K_YqSDZiNiq2YXZg9mK2YYg2YTZhNix2LnYp9mK2Kkg2KfZhNmG2YfYp9ix2YrYqSwg2YXYrdin2YHYuNipINin2YTYrNio2YrZhCwg2KfZhNmF2YbYt9mC2Kkg2KfZhNi02LHZgtmK2YDZgNmA2Kk!3m6!1s0x3e35100f8a6a1f27:0x814de151b2b85b0!8m2!3d27.1539375!4d49.5366875!15sCoAB2YXYsdmD2LIg2KfYsdin2K_YqSDZiNiq2YXZg9mK2YYg2YTZhNix2LnYp9mK2Kkg2KfZhNmG2YfYp9ix2YrYqSwg2YXYrdin2YHYuNipINin2YTYrNio2YrZhCwg2KfZhNmF2YbYt9mC2Kkg2KfZhNi02LHZgtmK2YDZgNmA2KlaeiJ42YXYsdmD2LIg2KfYsdin2K_YqSDZiNiq2YXZg9mK2YYg2YTZhNix2LnYp9mK2Kkg2KfZhNmG2YfYp9ix2YrYqSDZhdit2KfZgdi42Kkg2KfZhNis2KjZitmEINin2YTZhdmG2LfZgtipINin2YTYtNix2YLZitipkgEVcmVoYWJpbGl0YXRpb25fY2VudGVymgEkQ2hkRFNVaE5NRzluUzBWSlEwRm5TVVJRTTNSdVpucFJSUkFC4AEA-gEECAAQFA!16s%2Fg%2F11c1s73stx?entry=ttu&g_ep=EgoyMDI2MDUxMy4wIKXMDSoASAFQAw%3D%3D",
        "place_category": "مركز إعادة التأهيل",
        "place_address": "جلمودة، الجبيل 35817",
        "place_rating": 4.1,
        "place_review_count": 4
      }
    },
    {
      "type": "Feature",
      "geometry": {
        "type": "Point",
        "coordinates": [
          40.4433743,
          21.2932652
        ]
      },
      "properties": {
        "School": "مركز دعم وعون للرعاية النهارية",
        "Region": "منطقة مكة المكرمـة",
        "City": "محافظة الطائف",
        "Type": "مركز شامل",
        "Gender": "اناث",
        "MaleStudents": "0",
        "FemaleStudents": "26",
        "SchoolCapacity": "136",
        "place_name": "مركز دعم وعون للرعاية النهارية",
        "place_url": "https://www.google.com/maps/place/%D9%85%D8%B1%D9%83%D8%B2+%D8%AF%D8%B9%D9%85+%D9%88%D8%B9%D9%88%D9%86+%D9%84%D9%84%D8%B1%D8%B9%D8%A7%D9%8A%D8%A9+%D8%A7%D9%84%D9%86%D9%87%D8%A7%D8%B1%D9%8A%D8%A9%E2%80%AD/@21.2932652,40.4459492,17z/data=!3m1!4b1!4m6!3m5!1s0x15e989002bcee47f:0xc817942d7309074!8m2!3d21.2932652!4d40.4433743!16s%2Fg%2F11ydxnnpcn?entry=ttu&g_ep=EgoyMDI2MDUxMy4wIKXMDSoASAFQAw%3D%3D",
        "place_category": "خدمة رعاية الأسرة النهارية",
        "place_address": "TADD3362، 3362 طريق الملك خالد، 6530، حي الجفيجف، 6530، الطائف 26525",
        "place_rating": 4.9,
        "place_review_count": 27
      }
    },
    {
      "type": "Feature",
      "geometry": null,
      "properties": {
        "School": "مركز الحادي والعشرين للرعاية النهارية",
        "Region": "منطقة جــازان",
        "City": "جازان",
        "Type": "مركز شامل",
        "Gender": "اناث",
        "MaleStudents": "0",
        "FemaleStudents": "14",
        "SchoolCapacity": "88"
      }
    },
    {
      "type": "Feature",
      "geometry": {
        "type": "Point",
        "coordinates": [
          46.633521,
          24.5755695
        ]
      },
      "properties": {
        "School": "مركز احتواء للرعاية النهارية",
        "Region": "منطقة الريـــاض",
        "City": "الرياض",
        "Type": "مركز شامل",
        "Gender": "ذكور",
        "MaleStudents": "24",
        "FemaleStudents": "0",
        "SchoolCapacity": "140",
        "place_name": "احتواء للرعاية النهارية",
        "place_url": "https://www.google.com/maps/place/%D8%A7%D8%AD%D8%AA%D9%88%D8%A7%D8%A1+%D9%84%D9%84%D8%B1%D8%B9%D8%A7%D9%8A%D8%A9+%D8%A7%D9%84%D9%86%D9%87%D8%A7%D8%B1%D9%8A%D8%A9%E2%80%AD/@24.5755695,46.6360959,17z/data=!3m1!4b1!4m6!3m5!1s0x3e2f119e268267a9:0xdec5286d550651aa!8m2!3d24.5755695!4d46.633521!16s%2Fg%2F11x6xqk3r1?entry=ttu&g_ep=EgoyMDI2MDUxMy4wIKXMDSoASAFQAw%3D%3D",
        "place_category": "مركز إعادة التأهيل",
        "place_address": "شارع حمزة بن عبدالمطلب، السويدي الغربي، الرياض 12993",
        "place_rating": 5.0,
        "place_review_count": null
      }
    },
    {
      "type": "Feature",
      "geometry": null,
      "properties": {
        "School": "مركز أيادي نجد للرعاية النهارية - للذكور",
        "Region": "المنطقة الشرقيـــة",
        "City": "محافظة الخفجي",
        "Type": "مركز شامل",
        "Gender": "ذكور",
        "MaleStudents": "0",
        "FemaleStudents": "0",
        "SchoolCapacity": "71"
      }
    },
    {
      "type": "Feature",
      "geometry": {
        "type": "Point",
        "coordinates": [
          37.3741603,
          31.3091274
        ]
      },
      "properties": {
        "School": "مركز كنوز ثمينة الرعاية النهارية",
        "Region": "منطقة الجـــوف",
        "City": "محافظة القريات",
        "Type": "مركز شامل",
        "Gender": "اناث",
        "MaleStudents": "0",
        "FemaleStudents": "119",
        "SchoolCapacity": "140",
        "place_name": "مركز كنوز ثمينه للرعايه النهاريه",
        "place_url": "https://www.google.com/maps/place/%D9%85%D8%B1%D9%83%D8%B2+%D9%83%D9%86%D9%88%D8%B2+%D8%AB%D9%85%D9%8A%D9%86%D9%87+%D9%84%D9%84%D8%B1%D8%B9%D8%A7%D9%8A%D9%87+%D8%A7%D9%84%D9%86%D9%87%D8%A7%D8%B1%D9%8A%D9%87%E2%80%AD/@31.3091274,37.3767352,17z/data=!3m1!4b1!4m6!3m5!1s0x15100700386ea063:0x748f958a325f461d!8m2!3d31.3091274!4d37.3741603!16s%2Fg%2F11yszdj3hv?entry=ttu&g_ep=EgoyMDI2MDUxMy4wIKXMDSoASAFQAw%3D%3D",
        "place_category": "مركز إعادة التأهيل",
        "place_address": "895F+MM3، المروج، القريات 77456",
        "place_rating": null,
        "place_review_count": null
      }
    },
    {
      "type": "Feature",
      "geometry": {
        "type": "Point",
        "coordinates": [
          37.3741603,
          31.3091274
        ]
      },
      "properties": {
        "School": " مركز كنوز ثمينة للرعاية النهارية",
        "Region": "منطقة الجـــوف",
        "City": "محافظة القريات",
        "Type": "مركز شامل",
        "Gender": "ذكور",
        "MaleStudents": "53",
        "FemaleStudents": "0",
        "SchoolCapacity": "72",
        "place_name": "مركز كنوز ثمينه للرعايه النهاريه",
        "place_url": "https://www.google.com/maps/place/%D9%85%D8%B1%D9%83%D8%B2+%D9%83%D9%86%D9%88%D8%B2+%D8%AB%D9%85%D9%8A%D9%86%D9%87+%D9%84%D9%84%D8%B1%D8%B9%D8%A7%D9%8A%D9%87+%D8%A7%D9%84%D9%86%D9%87%D8%A7%D8%B1%D9%8A%D9%87%E2%80%AD/@31.3091274,37.3767352,17z/data=!3m1!4b1!4m6!3m5!1s0x15100700386ea063:0x748f958a325f461d!8m2!3d31.3091274!4d37.3741603!16s%2Fg%2F11yszdj3hv?entry=ttu&g_ep=EgoyMDI2MDUxMy4wIKXMDSoASAFQAw%3D%3D",
        "place_category": "مركز إعادة التأهيل",
        "place_address": "895F+MM3، المروج، القريات 77456",
        "place_rating": null,
        "place_review_count": null
      }
    },
    {
      "type": "Feature",
      "geometry": {
        "type": "Point",
        "coordinates": [
          46.6166918,
          24.552384
        ]
      },
      "properties": {
        "School": "مركز حكاية نوره للرعاية النهارية",
        "Region": "منطقة الريـــاض",
        "City": "الرياض",
        "Type": "مركز شامل",
        "Gender": "اناث",
        "MaleStudents": "0",
        "FemaleStudents": "51",
        "SchoolCapacity": "118",
        "place_name": "مركز حكاية نوره للرعايه النهارية",
        "place_url": "https://www.google.com/maps/place/%D9%85%D8%B1%D9%83%D8%B2+%D8%AD%D9%83%D8%A7%D9%8A%D8%A9+%D9%86%D9%88%D8%B1%D9%87+%D9%84%D9%84%D8%B1%D8%B9%D8%A7%D9%8A%D9%87+%D8%A7%D9%84%D9%86%D9%87%D8%A7%D8%B1%D9%8A%D8%A9%E2%80%AD/@24.552384,46.6192667,17z/data=!3m1!4b1!4m6!3m5!1s0x3e2f11005229e46f:0x75d28eabd7e82fac!8m2!3d24.552384!4d46.6166918!16s%2Fg%2F11w49rf5t2?entry=ttu&g_ep=EgoyMDI2MDUxMy4wIKXMDSoASAFQAw%3D%3D",
        "place_category": "المركز التعليمي",
        "place_address": "HJ28+XM4، العوالي، الرياض 14925",
        "place_rating": 4.6,
        "place_review_count": 16
      }
    },
    {
      "type": "Feature",
      "geometry": {
        "type": "Point",
        "coordinates": [
          46.7792027,
          24.5958417
        ]
      },
      "properties": {
        "School": "مركز عبور للرعاية النهارية",
        "Region": "منطقة الريـــاض",
        "City": "الرياض",
        "Type": "مركز شامل",
        "Gender": "ذكور",
        "MaleStudents": "145",
        "FemaleStudents": "0",
        "SchoolCapacity": "200",
        "place_name": "مركز عبور للرعاية النهارية فرع العزيزية",
        "place_url": "https://www.google.com/maps/place/%D9%85%D8%B1%D9%83%D8%B2+%D8%B9%D8%A8%D9%88%D8%B1+%D9%84%D9%84%D8%B1%D8%B9%D8%A7%D9%8A%D8%A9+%D8%A7%D9%84%D9%86%D9%87%D8%A7%D8%B1%D9%8A%D8%A9+%D9%81%D8%B1%D8%B9+%D8%A7%D9%84%D8%B9%D8%B2%D9%8A%D8%B2%D9%8A%D8%A9%E2%80%AD/@24.5958417,46.9233983,12z/data=!4m10!1m2!2m1!1z2YXYsdmD2LIg2LnYqNmI2LEg2YTZhNix2LnYp9mK2Kkg2KfZhNmG2YfYp9ix2YrYqSwg2KfZhNix2YrYp9i2LCDZhdmG2LfZgtipINin2YTYsdmK2YDZgNmA2KfYtg!3m6!1s0x3e2f09657b5cfc25:0x522a6384a0678e3f!8m2!3d24.5958417!4d46.7792027!15sCl7Zhdix2YPYsiDYudio2YjYsSDZhNmE2LHYudin2YrYqSDYp9mE2YbZh9in2LHZitipLCDYp9mE2LHZitin2LYsINmF2YbYt9mC2Kkg2KfZhNix2YrZgNmA2YDYp9i2kgEVcmVoYWJpbGl0YXRpb25fY2VudGVy4AEA!16s%2Fg%2F11pz4ymrtl?entry=ttu&g_ep=EgoyMDI2MDUxMy4wIKXMDSoASAFQAw%3D%3D",
        "place_category": "مركز إعادة التأهيل",
        "place_address": "4212 طريق النصر، حي العزيزية، الرياض 14511 6962،، الرياض 14511",
        "place_rating": 4.1,
        "place_review_count": 4
      }
    },
    {
      "type": "Feature",
      "geometry": {
        "type": "Point",
        "coordinates": [
          40.8925546,
          23.4828342
        ]
      },
      "properties": {
        "School": "مركز الهمة الشامل للتأهيل",
        "Region": "منطقة المدينة المنورة",
        "City": "محافظة المهد",
        "Type": "مركز شامل",
        "Gender": "اناث",
        "MaleStudents": "0",
        "FemaleStudents": "44",
        "SchoolCapacity": "105",
        "place_name": "مركز الهمة الشامل للتأهيل",
        "place_url": "https://www.google.com/maps/place/%D9%85%D8%B1%D9%83%D8%B2+%D8%A7%D9%84%D9%87%D9%85%D8%A9+%D8%A7%D9%84%D8%B4%D8%A7%D9%85%D9%84+%D9%84%D9%84%D8%AA%D8%A3%D9%87%D9%8A%D9%84%E2%80%AD/@23.4828342,40.8951295,17z/data=!3m1!4b1!4m6!3m5!1s0x15943d0056fabfcb:0x1e187314f2583637!8m2!3d23.4828342!4d40.8925546!16s%2Fg%2F11y699tjw8?entry=ttu&g_ep=EgoyMDI2MDUxMy4wIKXMDSoASAFQAw%3D%3D",
        "place_category": "مركز إعادة التأهيل",
        "place_address": "DYJA3142، 3142 الخالدية 13، 8888، مهد الذهب 44447",
        "place_rating": 5.0,
        "place_review_count": 4
      }
    },
    {
      "type": "Feature",
      "geometry": {
        "type": "Point",
        "coordinates": [
          37.9407219,
          26.5721964
        ]
      },
      "properties": {
        "School": "مركز شعاع الامل للرعاية النهارية",
        "Region": "منطقة المدينة المنورة",
        "City": "محافظة العلا",
        "Type": "مركز شامل",
        "Gender": "ذكور",
        "MaleStudents": "0",
        "FemaleStudents": "0",
        "SchoolCapacity": "113",
        "place_name": "مركز شعاع الأمل للرعاية النهارية فرع العلا",
        "place_url": "https://www.google.com/maps/place/%D9%85%D8%B1%D9%83%D8%B2+%D8%B4%D8%B9%D8%A7%D8%B9+%D8%A7%D9%84%D8%A3%D9%85%D9%84+%D9%84%D9%84%D8%B1%D8%B9%D8%A7%D9%8A%D8%A9+%D8%A7%D9%84%D9%86%D9%87%D8%A7%D8%B1%D9%8A%D8%A9+%D9%81%D8%B1%D8%B9+%D8%A7%D9%84%D8%B9%D9%84%D8%A7%E2%80%AD/@26.5721964,37.9432968,17z/data=!3m1!4b1!4m6!3m5!1s0x15a5ab892a2c1bfd:0xa4e765b415c0b69c!8m2!3d26.5721964!4d37.9407219!16s%2Fg%2F11r_mk135k?entry=ttu&g_ep=EgoyMDI2MDUxMy4wIKXMDSoASAFQAw%3D%3D",
        "place_category": "مدرسة تعليم خاص",
        "place_address": "HWCR+V7H، Unnamed Road،، العلا 43543،",
        "place_rating": 5.0,
        "place_review_count": 5
      }
    },
    {
      "type": "Feature",
      "geometry": {
        "type": "Point",
        "coordinates": [
          43.5397273,
          19.5222096
        ]
      },
      "properties": {
        "School": "مركز ايادي نجد للرعاية النهارية",
        "Region": "منطقة عسيــر",
        "City": "محافظة تثليث",
        "Type": "مركز شامل",
        "Gender": "اناث",
        "MaleStudents": "0",
        "FemaleStudents": "73",
        "SchoolCapacity": "138",
        "place_name": "مركز ايادي نجد للرعاية النهارية",
        "place_url": "https://www.google.com/maps/place/%D9%85%D8%B1%D9%83%D8%B2+%D8%A7%D9%8A%D8%A7%D8%AF%D9%8A+%D9%86%D8%AC%D8%AF+%D9%84%D9%84%D8%B1%D8%B9%D8%A7%D9%8A%D8%A9+%D8%A7%D9%84%D9%86%D9%87%D8%A7%D8%B1%D9%8A%D8%A9%E2%80%AD/@19.5222096,43.5423022,17z/data=!3m1!4b1!4m6!3m5!1s0x15f0c10007588c27:0x98bcb01caab08f72!8m2!3d19.5222096!4d43.5397273!16s%2Fg%2F11lp132vp9?entry=ttu&g_ep=EgoyMDI2MDUxMy4wIKXMDSoASAFQAw%3D%3D",
        "place_category": "منظمة خدمات ودعم الإعاقة",
        "place_address": "حي الخالدية, AQJA6286، 6286 شارع خالد بن الوليد، 3355, تثليث 69325",
        "place_rating": 5.0,
        "place_review_count": null
      }
    },
    {
      "type": "Feature",
      "geometry": {
        "type": "Point",
        "coordinates": [
          45.2874222,
          24.07165
        ]
      },
      "properties": {
        "School": "شركة التمكين الشامل للرعاية النهارية",
        "Region": "منطقة الريـــاض",
        "City": "محافظة القويعية",
        "Type": "مركز شامل",
        "Gender": "ذكور",
        "MaleStudents": "0",
        "FemaleStudents": "0",
        "SchoolCapacity": "161",
        "place_name": "مركزالتمكين الشامل للرعاية",
        "place_url": "https://www.google.com/maps/place/%D9%85%D8%B1%D9%83%D8%B2%D8%A7%D9%84%D8%AA%D9%85%D9%83%D9%8A%D9%86+%D8%A7%D9%84%D8%B4%D8%A7%D9%85%D9%84+%D9%84%D9%84%D8%B1%D8%B9%D8%A7%D9%8A%D8%A9%E2%80%AD/@24.07165,45.2899971,17z/data=!3m1!4b1!4m6!3m5!1s0x3e2839004b7435d3:0xbce80ff9dd1a3c14!8m2!3d24.07165!4d45.2874222!16s%2Fg%2F11vxcldrlg?entry=ttu&g_ep=EgoyMDI2MDUxMy4wIKXMDSoASAFQAw%3D%3D",
        "place_category": "المركز التعليمي",
        "place_address": "3893 فيصل بن عبدالعزيز، حي الربوة، LQMA6463، 6463، القويعية 19257",
        "place_rating": 4.4,
        "place_review_count": 25
      }
    },
    {
      "type": "Feature",
      "geometry": {
        "type": "Point",
        "coordinates": [
          41.4382375,
          19.7894889
        ]
      },
      "properties": {
        "School": "مؤسسة العلامة الفارقة الرعاية النهارية",
        "Region": "منطقة الباحــة",
        "City": "محافظة المخواة",
        "Type": "مركز شامل",
        "Gender": "ذكور",
        "MaleStudents": "0",
        "FemaleStudents": "0",
        "SchoolCapacity": "160",
        "place_name": "مركز العلامة الفارقة للرعاية النهارية",
        "place_url": "https://www.google.com/maps/place/%D9%85%D8%B1%D9%83%D8%B2+%D8%A7%D9%84%D8%B9%D9%84%D8%A7%D9%85%D8%A9+%D8%A7%D9%84%D9%81%D8%A7%D8%B1%D9%82%D8%A9+%D9%84%D9%84%D8%B1%D8%B9%D8%A7%D9%8A%D8%A9+%D8%A7%D9%84%D9%86%D9%87%D8%A7%D8%B1%D9%8A%D8%A9%E2%80%AD/@19.7894889,41.4408124,17z/data=!3m1!4b1!4m6!3m5!1s0x15e5f92f43271d55:0xdbbf5a7b4a2541ac!8m2!3d19.7894889!4d41.4382375!16s%2Fg%2F11kb3nx_23?entry=ttu&g_ep=EgoyMDI2MDUxMy4wIKXMDSoASAFQAw%3D%3D",
        "place_category": "المركز التعليمي",
        "place_address": "QC6P+95Q، المخواة 65616",
        "place_rating": 4.8,
        "place_review_count": 84
      }
    },
    {
      "type": "Feature",
      "geometry": {
        "type": "Point",
        "coordinates": [
          44.4205426,
          24.5230371
        ]
      },
      "properties": {
        "School": "شركة التمكين الشامل للرعاية النهارية",
        "Region": "منطقة الريـــاض",
        "City": "محافظة الدوادمي",
        "Type": "مركز شامل",
        "Gender": "ذكور",
        "MaleStudents": "0",
        "FemaleStudents": "0",
        "SchoolCapacity": "105",
        "place_name": "مركز التمكين الشامل للرعاية النهارية بالدوادمي",
        "place_url": "https://www.google.com/maps/place/%D9%85%D8%B1%D9%83%D8%B2+%D8%A7%D9%84%D8%AA%D9%85%D9%83%D9%8A%D9%86+%D8%A7%D9%84%D8%B4%D8%A7%D9%85%D9%84+%D9%84%D9%84%D8%B1%D8%B9%D8%A7%D9%8A%D8%A9+%D8%A7%D9%84%D9%86%D9%87%D8%A7%D8%B1%D9%8A%D8%A9+%D8%A8%D8%A7%D9%84%D8%AF%D9%88%D8%A7%D8%AF%D9%85%D9%8A%E2%80%AD/@24.5230371,44.4231175,17z/data=!3m1!4b1!4m6!3m5!1s0x15871d0014f5a8a9:0xf705bde504d69613!8m2!3d24.5230371!4d44.4205426!16s%2Fg%2F11ldxl9ny4?entry=ttu&g_ep=EgoyMDI2MDUxMy4wIKXMDSoASAFQAw%3D%3D",
        "place_category": "مركز لرعاية الأطفال",
        "place_address": "4594 طريق الملك عبدالعزيز، النهضة، LDMF7301، 7301، الدوادمي 17452",
        "place_rating": 4.8,
        "place_review_count": 64
      }
    },
    {
      "type": "Feature",
      "geometry": null,
      "properties": {
        "School": "مؤسسة مركز مسارات للرعاية النهارية",
        "Region": "منطقة الريـــاض",
        "City": "محافظة الخرج",
        "Type": "مركز شامل",
        "Gender": "اناث",
        "MaleStudents": "0",
        "FemaleStudents": "44",
        "SchoolCapacity": "199"
      }
    },
    {
      "type": "Feature",
      "geometry": {
        "type": "Point",
        "coordinates": [
          42.6823046,
          18.2548686
        ]
      },
      "properties": {
        "School": "مؤسسة مركز عطاء للرعاية النهارية",
        "Region": "منطقة عسيــر",
        "City": "محافظة خميس  مشيط",
        "Type": "مركز شامل",
        "Gender": "اناث",
        "MaleStudents": "0",
        "FemaleStudents": "25",
        "SchoolCapacity": "126",
        "place_name": "Ataa Day Care Center | مركز عطاء للرعاية النهارية",
        "place_url": "https://www.google.com/maps/place/Ataa+Day+Care+Center+%7C+%D9%85%D8%B1%D9%83%D8%B2+%D8%B9%D8%B7%D8%A7%D8%A1+%D9%84%D9%84%D8%B1%D8%B9%D8%A7%D9%8A%D8%A9+%D8%A7%D9%84%D9%86%D9%87%D8%A7%D8%B1%D9%8A%D8%A9%E2%80%AD/@18.2548686,42.6848795,17z/data=!3m1!4b1!4m6!3m5!1s0x15fb570e525fcc2d:0xf748e991bab9ea78!8m2!3d18.2548686!4d42.6823046!16s%2Fg%2F11vx5xn07j?entry=ttu&g_ep=EgoyMDI2MDUxMy4wIKXMDSoASAFQAw%3D%3D",
        "place_category": "مركز لرعاية الأطفال",
        "place_address": "tarah, khmamis, خميس مشيط 61961",
        "place_rating": 4.1,
        "place_review_count": 19
      }
    },
    {
      "type": "Feature",
      "geometry": {
        "type": "Point",
        "coordinates": [
          50.1818429,
          26.3789931
        ]
      },
      "properties": {
        "School": "مؤسسة مركز غصون احمد علي عرابي لرعاية ذوي الاحتياجات الخاصة",
        "Region": "المنطقة الشرقيـــة",
        "City": "الدمام",
        "Type": "مركز شامل",
        "Gender": "اناث",
        "MaleStudents": "0",
        "FemaleStudents": "93",
        "SchoolCapacity": "128",
        "place_name": "مركز غصون المستقبل لرعاية ذوي الاحتياجات الخاصة",
        "place_url": "https://www.google.com/maps/place/%D9%85%D8%B1%D9%83%D8%B2+%D8%BA%D8%B5%D9%88%D9%86+%D8%A7%D9%84%D9%85%D8%B3%D8%AA%D9%82%D8%A8%D9%84+%D9%84%D8%B1%D8%B9%D8%A7%D9%8A%D8%A9+%D8%B0%D9%88%D9%8A+%D8%A7%D9%84%D8%A7%D8%AD%D8%AA%D9%8A%D8%A7%D8%AC%D8%A7%D8%AA+%D8%A7%D9%84%D8%AE%D8%A7%D8%B5%D8%A9%E2%80%AD/@26.3399473,50.2349325,13z/data=!4m10!1m2!2m1!1z2YXYpNiz2LPYqSDZhdix2YPYsiDYuti12YjZhiDYp9it2YXYryDYudmE2Yog2LnYsdin2KjZiiDZhNix2LnYp9mK2Kkg2LDZiNmKINin2YTYp9it2KrZitin2KzYp9iqINin2YTYrtin2LXYqSwg2KfZhNiv2YXYp9mFLCDYp9mE2YXZhti32YLYqSDYp9mE2LTYsdmC2YrZgNmA2YDYqQ!3m6!1s0x3e49e58fcbaafa8b:0xbeeb1d5093fec7ea!8m2!3d26.3789931!4d50.1818429!15sCqAB2YXYpNiz2LPYqSDZhdix2YPYsiDYuti12YjZhiDYp9it2YXYryDYudmE2Yog2LnYsdin2KjZiiDZhNix2LnYp9mK2Kkg2LDZiNmKINin2YTYp9it2KrZitin2KzYp9iqINin2YTYrtin2LXYqSwg2KfZhNiv2YXYp9mFLCDYp9mE2YXZhti32YLYqSDYp9mE2LTYsdmC2YrZgNmA2YDYqVqbASKYAdmF2KTYs9iz2Kkg2YXYsdmD2LIg2LrYtdmI2YYg2KfYrdmF2K8g2LnZhNmKINi52LHYp9io2Yog2YTYsdi52KfZitipINiw2YjZiiDYp9mE2KfYrdiq2YrYp9is2KfYqiDYp9mE2K7Yp9i12Kkg2KfZhNiv2YXYp9mFINin2YTZhdmG2LfZgtipINin2YTYtNix2YLZitipkgEXZWR1Y2F0aW9uYWxfaW5zdGl0dXRpb26aAURDaTlEUVVsUlFVTnZaRU5vZEhsalJqbHZUMjFXZUZaR1dUQldNbFoyVlVkVk5VMHpWblpqZW1SNVkwVktZV05yUlJBQuABAPoBBQi0ARAz!16s%2Fg%2F11xtbc0g6z?entry=ttu&g_ep=EgoyMDI2MDUxMy4wIKXMDSoASAFQAw%3D%3D",
        "place_category": "مؤسسة تعليمية",
        "place_address": "الصفا، الدمام 34222",
        "place_rating": 4.0,
        "place_review_count": 4
      }
    },
    {
      "type": "Feature",
      "geometry": {
        "type": "Point",
        "coordinates": [
          49.5938262,
          25.4150309
        ]
      },
      "properties": {
        "School": "شركة مركز التمكين الشامل للرعاية النهارية",
        "Region": "المنطقة الشرقيـــة",
        "City": "محافظة الاحساء",
        "Type": "مركز شامل",
        "Gender": "اناث",
        "MaleStudents": "0",
        "FemaleStudents": "89",
        "SchoolCapacity": "200",
        "place_name": "مركز التمكين الشامل للرعاية النهارية ( المبرز)",
        "place_url": "https://www.google.com/maps/place/%D9%85%D8%B1%D9%83%D8%B2+%D8%A7%D9%84%D8%AA%D9%85%D9%83%D9%8A%D9%86+%D8%A7%D9%84%D8%B4%D8%A7%D9%85%D9%84+%D9%84%D9%84%D8%B1%D8%B9%D8%A7%D9%8A%D8%A9+%D8%A7%D9%84%D9%86%D9%87%D8%A7%D8%B1%D9%8A%D8%A9+(+%D8%A7%D9%84%D9%85%D8%A8%D8%B1%D8%B2)%E2%80%AD/@25.5111101,49.7193162,12z/data=!4m10!1m2!2m1!1z2LTYsdmD2Kkg2YXYsdmD2LIg2KfZhNiq2YXZg9mK2YYg2KfZhNi02KfZhdmEINmE2YTYsdi52KfZitipINin2YTZhtmH2KfYsdmK2KksINmF2K3Yp9mB2LjYqSDYp9mE2KfYrdiz2KfYoSwg2KfZhNmF2YbYt9mC2Kkg2KfZhNi02LHZgtmK2YDZgNmA2Kk!3m6!1s0x3e37970077da8875:0xade48203e2da0bb1!8m2!3d25.4150309!4d49.5938262!15sCo8B2LTYsdmD2Kkg2YXYsdmD2LIg2KfZhNiq2YXZg9mK2YYg2KfZhNi02KfZhdmEINmE2YTYsdi52KfZitipINin2YTZhtmH2KfYsdmK2KksINmF2K3Yp9mB2LjYqSDYp9mE2KfYrdiz2KfYoSwg2KfZhNmF2YbYt9mC2Kkg2KfZhNi02LHZgtmK2YDZgNmA2KlaigEihwHYtNix2YPYqSDZhdix2YPYsiDYp9mE2KrZhdmD2YrZhiDYp9mE2LTYp9mF2YQg2YTZhNix2LnYp9mK2Kkg2KfZhNmG2YfYp9ix2YrYqSDZhdit2KfZgdi42Kkg2KfZhNin2K3Ys9in2KEg2KfZhNmF2YbYt9mC2Kkg2KfZhNi02LHZgtmK2KmSARBlZHVjYXRpb25fY2VudGVymgEkQ2hkRFNVaE5NRzluUzBWSlEwRm5TVU5ZZUMweWNqUjNSUkFC4AEA-gEECAAQSw!16s%2Fg%2F11y7d6bbvb?entry=ttu&g_ep=EgoyMDI2MDUxMy4wIKXMDSoASAFQAw%3D%3D",
        "place_category": "المركز التعليمي",
        "place_address": "القديمات، الهفوف 36341",
        "place_rating": 4.9,
        "place_review_count": 4
      }
    },
    {
      "type": "Feature",
      "geometry": null,
      "properties": {
        "School": "شركة مركز التمكين الشامل للرعاية النهارية",
        "Region": "منطقة عسيــر",
        "City": "محافظة خميس  مشيط",
        "Type": "مركز شامل",
        "Gender": "اناث",
        "MaleStudents": "0",
        "FemaleStudents": "71",
        "SchoolCapacity": "180"
      }
    },
    {
      "type": "Feature",
      "geometry": {
        "type": "Point",
        "coordinates": [
          42.8394463,
          16.9699411
        ]
      },
      "properties": {
        "School": " شركة مركز التمكين الشامل للرعاية النهارية",
        "Region": "منطقة جــازان",
        "City": "محافظة أبوعريش",
        "Type": "مركز شامل",
        "Gender": "ذكور",
        "MaleStudents": "31",
        "FemaleStudents": "0",
        "SchoolCapacity": "200",
        "place_name": "مركز التمكين الشامل للرعاية النهارية",
        "place_url": "https://www.google.com/maps/place/%D9%85%D8%B1%D9%83%D8%B2+%D8%A7%D9%84%D8%AA%D9%85%D9%83%D9%8A%D9%86+%D8%A7%D9%84%D8%B4%D8%A7%D9%85%D9%84+%D9%84%D9%84%D8%B1%D8%B9%D8%A7%D9%8A%D8%A9+%D8%A7%D9%84%D9%86%D9%87%D8%A7%D8%B1%D9%8A%D8%A9%E2%80%AD/@16.9699411,42.8484585,16z/data=!4m10!1m2!2m1!1z2LTYsdmD2Kkg2YXYsdmD2LIg2KfZhNiq2YXZg9mK2YYg2KfZhNi02KfZhdmEINmE2YTYsdi52KfZitipINin2YTZhtmH2KfYsdmK2KksINmF2K3Yp9mB2LjYqSDYo9io2YjYudix2YrYtCwg2YXZhti32YLYqSDYrNmA2YDYp9iy2KfZhg!3m6!1s0x1607f5f869640881:0x8a77f62e4dc2837f!8m2!3d16.9699411!4d42.8394463!15sCoUB2LTYsdmD2Kkg2YXYsdmD2LIg2KfZhNiq2YXZg9mK2YYg2KfZhNi02KfZhdmEINmE2YTYsdi52KfZitipINin2YTZhtmH2KfYsdmK2KksINmF2K3Yp9mB2LjYqSDYo9io2YjYudix2YrYtCwg2YXZhti32YLYqSDYrNmA2YDYp9iy2KfZhlqBASJ_2LTYsdmD2Kkg2YXYsdmD2LIg2KfZhNiq2YXZg9mK2YYg2KfZhNi02KfZhdmEINmE2YTYsdi52KfZitipINin2YTZhtmH2KfYsdmK2Kkg2YXYrdin2YHYuNipINij2KjZiNi52LHZiti0INmF2YbYt9mC2Kkg2KzYp9iy2KfZhpIBF2ZhbWlseV9kYXlfY2FyZV9zZXJ2aWNlmgFEQ2k5RFFVbFJRVU52WkVOb2RIbGpSamx2VDJwT01sb3lPWEpXYms1UFVXNW9SV05XYUZWUFV6RnNaRzFhUjJRd1JSQULgAQD6AQQIfhAz!16s%2Fg%2F11lcqthg6n?entry=ttu&g_ep=EgoyMDI2MDUxMy4wIKXMDSoASAFQAw%3D%3D",
        "place_category": "خدمة رعاية الأسرة النهارية",
        "place_address": "النهضة، أبو عريش 84411",
        "place_rating": 4.8,
        "place_review_count": 4
      }
    },
    {
      "type": "Feature",
      "geometry": {
        "type": "Point",
        "coordinates": [
          49.5840274,
          25.395012
        ]
      },
      "properties": {
        "School": "شركة اطياف المعرفة للرعاية النهارية",
        "Region": "المنطقة الشرقيـــة",
        "City": "محافظة الاحساء",
        "Type": "مركز شامل",
        "Gender": "اناث",
        "MaleStudents": "0",
        "FemaleStudents": "12",
        "SchoolCapacity": "165",
        "place_name": "مركز اطياف المعرفة للرعاية النهارية",
        "place_url": "https://www.google.com/maps/place/%D9%85%D8%B1%D9%83%D8%B2+%D8%A7%D8%B7%D9%8A%D8%A7%D9%81+%D8%A7%D9%84%D9%85%D8%B9%D8%B1%D9%81%D8%A9+%D9%84%D9%84%D8%B1%D8%B9%D8%A7%D9%8A%D8%A9+%D8%A7%D9%84%D9%86%D9%87%D8%A7%D8%B1%D9%8A%D8%A9%E2%80%AD/@25.395012,49.5866023,17z/data=!3m1!4b1!4m6!3m5!1s0x3e37979ba8c16b05:0x5aa313bd79dd0592!8m2!3d25.395012!4d49.5840274!16s%2Fg%2F11xm8kf875?entry=ttu&g_ep=EgoyMDI2MDUxMy4wIKXMDSoASAFQAw%3D%3D",
        "place_category": "مدرسة تعليم خاص",
        "place_address": "شارع الامير عبدالله بن جلوي، وسط الأحساء، المبرز 36341",
        "place_rating": null,
        "place_review_count": null
      }
    },
    {
      "type": "Feature",
      "geometry": null,
      "properties": {
        "School": "مركز غرس الطموح للرعاية النهارية",
        "Region": "منطقة المدينة المنورة",
        "City": "المدينة المنورة",
        "Type": "مركز شامل",
        "Gender": "ذكور",
        "MaleStudents": "13",
        "FemaleStudents": "0",
        "SchoolCapacity": "105"
      }
    },
    {
      "type": "Feature",
      "geometry": {
        "type": "Point",
        "coordinates": [
          49.7450648,
          25.3543651
        ]
      },
      "properties": {
        "School": "مركز فلذات للرعاية النهارية",
        "Region": "المنطقة الشرقيـــة",
        "City": "محافظة الاحساء",
        "Type": "مركز شامل",
        "Gender": "اناث",
        "MaleStudents": "0",
        "FemaleStudents": "48",
        "SchoolCapacity": "166",
        "place_name": "مركز فلذات للرعاية النهارية بالأحساء",
        "place_url": "https://www.google.com/maps/place/%D9%85%D8%B1%D9%83%D8%B2+%D9%81%D9%84%D8%B0%D8%A7%D8%AA+%D9%84%D9%84%D8%B1%D8%B9%D8%A7%D9%8A%D8%A9+%D8%A7%D9%84%D9%86%D9%87%D8%A7%D8%B1%D9%8A%D8%A9+%D8%A8%D8%A7%D9%84%D8%A3%D8%AD%D8%B3%D8%A7%D8%A1%E2%80%AD/@25.3543651,49.7476397,17z/data=!3m1!4b1!4m6!3m5!1s0x3e37ed4d7b120739:0x9b12b16f58f07ba4!8m2!3d25.3543651!4d49.7450648!16s%2Fg%2F11kj2f9lpp?entry=ttu&g_ep=EgoyMDI2MDUxMy4wIKXMDSoASAFQAw%3D%3D",
        "place_category": "خدمة رعاية الأسرة النهارية",
        "place_address": "9P3W+P6J، الطرف، موبايلي 36288",
        "place_rating": 4.5,
        "place_review_count": 35
      }
    },
    {
      "type": "Feature",
      "geometry": {
        "type": "Point",
        "coordinates": [
          41.6796348,
          18.0046333
        ]
      },
      "properties": {
        "School": "مركز ايادي نجد للرعاية النهارية - بالقحمة",
        "Region": "منطقة عسيــر",
        "City": "محافظة البرك",
        "Type": "مركز شامل",
        "Gender": "اناث",
        "MaleStudents": "0",
        "FemaleStudents": "54",
        "SchoolCapacity": "108",
        "place_name": "مركز ايادي نجد للرعاية النهارية",
        "place_url": "https://www.google.com/maps/place/%D9%85%D8%B1%D9%83%D8%B2+%D8%A7%D9%8A%D8%A7%D8%AF%D9%8A+%D9%86%D8%AC%D8%AF+%D9%84%D9%84%D8%B1%D8%B9%D8%A7%D9%8A%D8%A9+%D8%A7%D9%84%D9%86%D9%87%D8%A7%D8%B1%D9%8A%D8%A9%E2%80%AD/@18.0046333,41.6822097,17z/data=!3m1!4b1!4m6!3m5!1s0x15e3b7007501277b:0x637cfe51b9b7d067!8m2!3d18.0046333!4d41.6796348!16s%2Fg%2F11ln_3yqkl?entry=ttu&g_ep=EgoyMDI2MDUxMy4wIKXMDSoASAFQAw%3D%3D",
        "place_category": "جمعية / منظمة",
        "place_address": "2328 كورنيش القحمة، AAGA7697، 7697, القحمة 63254",
        "place_rating": 4.0,
        "place_review_count": null
      }
    },
    {
      "type": "Feature",
      "geometry": {
        "type": "Point",
        "coordinates": [
          50.1219113,
          26.4658959
        ]
      },
      "properties": {
        "School": "مركز تخاطر للرعاية النهارية",
        "Region": "المنطقة الشرقيـــة",
        "City": "الدمام",
        "Type": "مركز شامل",
        "Gender": "اناث",
        "MaleStudents": "0",
        "FemaleStudents": "39",
        "SchoolCapacity": "45",
        "place_name": "مركز تخاطر للرعاية النهارية",
        "place_url": "https://www.google.com/maps/place/%D9%85%D8%B1%D9%83%D8%B2+%D8%AA%D8%AE%D8%A7%D8%B7%D8%B1+%D9%84%D9%84%D8%B1%D8%B9%D8%A7%D9%8A%D8%A9+%D8%A7%D9%84%D9%86%D9%87%D8%A7%D8%B1%D9%8A%D8%A9%E2%80%AD/@26.4658959,50.1244862,17z/data=!3m1!4b1!4m6!3m5!1s0x3e49fb00688d6f61:0x94433cdb9a9cdd18!8m2!3d26.4658959!4d50.1219113!16s%2Fg%2F11wtjcms34?entry=ttu&g_ep=EgoyMDI2MDUxMy4wIKXMDSoASAFQAw%3D%3D",
        "place_category": "خدمة رعاية الأسرة النهارية",
        "place_address": "F48C+9Q3، الشاطئ الغربي، الدمام 32413",
        "place_rating": 4.7,
        "place_review_count": 14
      }
    },
    {
      "type": "Feature",
      "geometry": {
        "type": "Point",
        "coordinates": [
          50.0084375,
          26.5608125
        ]
      },
      "properties": {
        "School": "مركز دوم بخير لرعاية ذوي الاحتياجات الخاصة",
        "Region": "المنطقة الشرقيـــة",
        "City": "محافظة القطيف",
        "Type": "مركز شامل",
        "Gender": "اناث",
        "MaleStudents": "0",
        "FemaleStudents": "17",
        "SchoolCapacity": "20",
        "place_name": "وحدة الخدمات الاجتماعية الداعمة بالقطيف",
        "place_url": "https://www.google.com/maps/place/%D9%88%D8%AD%D8%AF%D8%A9+%D8%A7%D9%84%D8%AE%D8%AF%D9%85%D8%A7%D8%AA+%D8%A7%D9%84%D8%A7%D8%AC%D8%AA%D9%85%D8%A7%D8%B9%D9%8A%D8%A9+%D8%A7%D9%84%D8%AF%D8%A7%D8%B9%D9%85%D8%A9+%D8%A8%D8%A7%D9%84%D9%82%D8%B7%D9%8A%D9%81%E2%80%AD/@26.5608125,50.0805353,13z/data=!4m10!1m2!2m1!1z2YXYsdmD2LIg2K_ZiNmFINio2K7ZitixINmE2LHYudin2YrYqSDYsNmI2Yog2KfZhNin2K3YqtmK2KfYrNin2Kog2KfZhNiu2KfYtdipLCDZhdit2KfZgdi42Kkg2KfZhNmC2LfZitmBLCDYp9mE2YXZhti32YLYqSDYp9mE2LTYsdmC2YrZgNmA2YDYqQ!3m6!1s0x3e35ff77f875bf9b:0xe0c636586f441c2f!8m2!3d26.5608125!4d50.0084375!15sCo4B2YXYsdmD2LIg2K_ZiNmFINio2K7ZitixINmE2LHYudin2YrYqSDYsNmI2Yog2KfZhNin2K3YqtmK2KfYrNin2Kog2KfZhNiu2KfYtdipLCDZhdit2KfZgdi42Kkg2KfZhNmC2LfZitmBLCDYp9mE2YXZhti32YLYqSDYp9mE2LTYsdmC2YrZgNmA2YDYqVqJASKGAdmF2LHZg9iyINiv2YjZhSDYqNiu2YrYsSDZhNix2LnYp9mK2Kkg2LDZiNmKINin2YTYp9it2KrZitin2KzYp9iqINin2YTYrtin2LXYqSDZhdit2KfZgdi42Kkg2KfZhNmC2LfZitmBINin2YTZhdmG2LfZgtipINin2YTYtNix2YLZitipkgERZ292ZXJubWVudF9vZmZpY2WaASNDaFpEU1VoTk1HOW5TMFZKUTBGblNVUjROR0ZpYmtOM0VBReABAPoBBAgAEEU!16s%2Fg%2F1hc1r9018?entry=ttu&g_ep=EgoyMDI2MDUxMy4wIKXMDSoASAFQAw%3D%3D",
        "place_category": "مكتب حكومي",
        "place_address": "بديعة البصري، القطيف 32636",
        "place_rating": 4.4,
        "place_review_count": 4
      }
    },
    {
      "type": "Feature",
      "geometry": {
        "type": "Point",
        "coordinates": [
          41.4474375,
          20.0885625
        ]
      },
      "properties": {
        "School": "مؤسسة مركز كنان المستقبل للرعاية النهارية",
        "Region": "منطقة الباحــة",
        "City": "الباحة",
        "Type": "مركز شامل",
        "Gender": "اناث",
        "MaleStudents": "0",
        "FemaleStudents": "51",
        "SchoolCapacity": "105",
        "place_name": "كنان روضة تعليمية وضيافة أطفال الباحه | بنى سار",
        "place_url": "https://www.google.com/maps/place/%D9%83%D9%86%D8%A7%D9%86+%D8%B1%D9%88%D8%B6%D8%A9+%D8%AA%D8%B9%D9%84%D9%8A%D9%85%D9%8A%D8%A9+%D9%88%D8%B6%D9%8A%D8%A7%D9%81%D8%A9+%D8%A3%D8%B7%D9%81%D8%A7%D9%84+%D8%A7%D9%84%D8%A8%D8%A7%D8%AD%D9%87+%7C+%D8%A8%D9%86%D9%89+%D8%B3%D8%A7%D8%B1%E2%80%AD/@20.0885625,41.4500124,17z/data=!3m1!4b1!4m6!3m5!1s0x15ef479fa45d9369:0xa6d788f64bbdad0e!8m2!3d20.0885625!4d41.4474375!16s%2Fg%2F11y1nsx562?entry=ttu&g_ep=EgoyMDI2MDUxMy4wIKXMDSoASAFQAw%3D%3D",
        "place_category": "روضة أطفال مونتيسوري",
        "place_address": "شارع كلية البنات، سابقا، 3CQW+CXW الحجرة بنى سار-خلف، الباحه 65511",
        "place_rating": 4.6,
        "place_review_count": 35
      }
    },
    {
      "type": "Feature",
      "geometry": {
        "type": "Point",
        "coordinates": [
          41.7031635,
          27.5516354
        ]
      },
      "properties": {
        "School": "مؤسسة مركز الهمم القوية للرعاية النهارية",
        "Region": "منطقة حائــــل",
        "City": "حائل",
        "Type": "مركز شامل",
        "Gender": "اناث",
        "MaleStudents": "0",
        "FemaleStudents": "60",
        "SchoolCapacity": "143",
        "place_name": "مركز الهمم القوية للرعاية النهارية",
        "place_url": "https://www.google.com/maps/place/%D9%85%D8%B1%D9%83%D8%B2+%D8%A7%D9%84%D9%87%D9%85%D9%85+%D8%A7%D9%84%D9%82%D9%88%D9%8A%D8%A9+%D9%84%D9%84%D8%B1%D8%B9%D8%A7%D9%8A%D8%A9+%D8%A7%D9%84%D9%86%D9%87%D8%A7%D8%B1%D9%8A%D8%A9%E2%80%AD/@27.5516354,41.7057384,17z/data=!3m1!4b1!4m6!3m5!1s0x1576479e87cfc5b3:0x82e84df3a770591!8m2!3d27.5516354!4d41.7031635!16s%2Fg%2F11xgv9xnn8?entry=ttu&g_ep=EgoyMDI2MDUxMy4wIKXMDSoASAFQAw%3D%3D",
        "place_category": "مركز تدريب",
        "place_address": "حارثة ابن النعمان، شارع حارث، حائل",
        "place_rating": 5.0,
        "place_review_count": null
      }
    },
    {
      "type": "Feature",
      "geometry": {
        "type": "Point",
        "coordinates": [
          50.0570828,
          26.4730953
        ]
      },
      "properties": {
        "School": "مركز التمكين الشامل للرعاية النهارية",
        "Region": "المنطقة الشرقيـــة",
        "City": "محافظة القطيف",
        "Type": "مركز شامل",
        "Gender": "اناث",
        "MaleStudents": "0",
        "FemaleStudents": "76",
        "SchoolCapacity": "200",
        "place_name": "مركز التمكين الشامل للرعاية النهارية",
        "place_url": "https://www.google.com/maps/place/%D9%85%D8%B1%D9%83%D8%B2+%D8%A7%D9%84%D8%AA%D9%85%D9%83%D9%8A%D9%86+%D8%A7%D9%84%D8%B4%D8%A7%D9%85%D9%84+%D9%84%D9%84%D8%B1%D8%B9%D8%A7%D9%8A%D8%A9+%D8%A7%D9%84%D9%86%D9%87%D8%A7%D8%B1%D9%8A%D8%A9%E2%80%AD/@26.4508934,50.0841749,14z/data=!4m10!1m2!2m1!1z2YXYsdmD2LIg2KfZhNiq2YXZg9mK2YYg2KfZhNi02KfZhdmEINmE2YTYsdi52KfZitipINin2YTZhtmH2KfYsdmK2KksINmF2K3Yp9mB2LjYqSDYp9mE2YLYt9mK2YEsINin2YTZhdmG2LfZgtipINin2YTYtNix2YLZitmA2YDZgNip!3m6!1s0x3e49ff000cd16c63:0x53644fdfecb0aa38!8m2!3d26.4730953!4d50.0570828!15sCoQB2YXYsdmD2LIg2KfZhNiq2YXZg9mK2YYg2KfZhNi02KfZhdmEINmE2YTYsdi52KfZitipINin2YTZhtmH2KfYsdmK2KksINmF2K3Yp9mB2LjYqSDYp9mE2YLYt9mK2YEsINin2YTZhdmG2LfZgtipINin2YTYtNix2YLZitmA2YDZgNipWn4ifNmF2LHZg9iyINin2YTYqtmF2YPZitmGINin2YTYtNin2YXZhCDZhNmE2LHYudin2YrYqSDYp9mE2YbZh9in2LHZitipINmF2K3Yp9mB2LjYqSDYp9mE2YLYt9mK2YEg2KfZhNmF2YbYt9mC2Kkg2KfZhNi02LHZgtmK2KmSARBlZHVjYXRpb25fY2VudGVy4AEA!16s%2Fg%2F11yj7l276r?entry=ttu&g_ep=EgoyMDI2MDUxMy4wIKXMDSoASAFQAw%3D%3D",
        "place_category": "المركز التعليمي",
        "place_address": "حي غرناطة، EMGB7490، 7490 1د، 5643، سيهات 32434",
        "place_rating": 4.8,
        "place_review_count": 4
      }
    },
    {
      "type": "Feature",
      "geometry": {
        "type": "Point",
        "coordinates": [
          49.5938262,
          25.4150309
        ]
      },
      "properties": {
        "School": "مركز التمكين الشامل للرعاية النهارية",
        "Region": "المنطقة الشرقيـــة",
        "City": "محافظة الاحساء",
        "Type": "مركز شامل",
        "Gender": "ذكور",
        "MaleStudents": "0",
        "FemaleStudents": "0",
        "SchoolCapacity": "103",
        "place_name": "مركز التمكين الشامل للرعاية النهارية ( المبرز)",
        "place_url": "https://www.google.com/maps/place/%D9%85%D8%B1%D9%83%D8%B2+%D8%A7%D9%84%D8%AA%D9%85%D9%83%D9%8A%D9%86+%D8%A7%D9%84%D8%B4%D8%A7%D9%85%D9%84+%D9%84%D9%84%D8%B1%D8%B9%D8%A7%D9%8A%D8%A9+%D8%A7%D9%84%D9%86%D9%87%D8%A7%D8%B1%D9%8A%D8%A9+(+%D8%A7%D9%84%D9%85%D8%A8%D8%B1%D8%B2)%E2%80%AD/@25.6694227,49.9665743,10z/data=!4m10!1m2!2m1!1z2YXYsdmD2LIg2KfZhNiq2YXZg9mK2YYg2KfZhNi02KfZhdmEINmE2YTYsdi52KfZitipINin2YTZhtmH2KfYsdmK2KksINmF2K3Yp9mB2LjYqSDYp9mE2KfYrdiz2KfYoSwg2KfZhNmF2YbYt9mC2Kkg2KfZhNi02LHZgtmK2YDZgNmA2Kk!3m6!1s0x3e37970077da8875:0xade48203e2da0bb1!8m2!3d25.4150309!4d49.5938262!15sCoYB2YXYsdmD2LIg2KfZhNiq2YXZg9mK2YYg2KfZhNi02KfZhdmEINmE2YTYsdi52KfZitipINin2YTZhtmH2KfYsdmK2KksINmF2K3Yp9mB2LjYqSDYp9mE2KfYrdiz2KfYoSwg2KfZhNmF2YbYt9mC2Kkg2KfZhNi02LHZgtmK2YDZgNmA2KlagAEiftmF2LHZg9iyINin2YTYqtmF2YPZitmGINin2YTYtNin2YXZhCDZhNmE2LHYudin2YrYqSDYp9mE2YbZh9in2LHZitipINmF2K3Yp9mB2LjYqSDYp9mE2KfYrdiz2KfYoSDYp9mE2YXZhti32YLYqSDYp9mE2LTYsdmC2YrYqZIBEGVkdWNhdGlvbl9jZW50ZXKaASNDaFpEU1VoTk1HOW5TMFZKUTBGblNVTklNbVUzZUVkM0VBReABAPoBBAhGEDI!16s%2Fg%2F11y7d6bbvb?entry=ttu&g_ep=EgoyMDI2MDUxMy4wIKXMDSoASAFQAw%3D%3D",
        "place_category": "المركز التعليمي",
        "place_address": "القديمات، الهفوف 36341",
        "place_rating": 4.9,
        "place_review_count": 4
      }
    },
    {
      "type": "Feature",
      "geometry": {
        "type": "Point",
        "coordinates": [
          41.0858246,
          19.1282523
        ]
      },
      "properties": {
        "School": "مركز التمكين الشامل للرعاية النهارية",
        "Region": "منطقة مكة المكرمـة",
        "City": "محافظة القنفذة",
        "Type": "مركز شامل",
        "Gender": "اناث",
        "MaleStudents": "0",
        "FemaleStudents": "50",
        "SchoolCapacity": "122",
        "place_name": "مركز التمكين الشامل للرعاية النهارية",
        "place_url": "https://www.google.com/maps/place/%D9%85%D8%B1%D9%83%D8%B2+%D8%A7%D9%84%D8%AA%D9%85%D9%83%D9%8A%D9%86+%D8%A7%D9%84%D8%B4%D8%A7%D9%85%D9%84+%D9%84%D9%84%D8%B1%D8%B9%D8%A7%D9%8A%D8%A9+%D8%A7%D9%84%D9%86%D9%87%D8%A7%D8%B1%D9%8A%D8%A9%E2%80%AD/@19.1282523,41.0883995,17z/data=!3m1!4b1!4m6!3m5!1s0x15e69156c58faad5:0x676a24ee60bbdf8!8m2!3d19.1282523!4d41.0858246!16s%2Fg%2F11yglbgfz8?entry=ttu&g_ep=EgoyMDI2MDUxMy4wIKXMDSoASAFQAw%3D%3D",
        "place_category": "مركز إعادة التأهيل",
        "place_address": "الحارث بن قموم البهزي، الشرقية، القنفذة 28822",
        "place_rating": 5.0,
        "place_review_count": null
      }
    },
    {
      "type": "Feature",
      "geometry": {
        "type": "Point",
        "coordinates": [
          42.7651593,
          18.2964785
        ]
      },
      "properties": {
        "School": "مؤسسة مركز همم الإبداع لرعاية ذوي الاحتياجات الخاصة",
        "Region": "منطقة عسيــر",
        "City": "محافظة خميس  مشيط",
        "Type": "مركز شامل",
        "Gender": "اناث",
        "MaleStudents": "0",
        "FemaleStudents": "0",
        "SchoolCapacity": "106",
        "place_name": "مركز همم الإبداع للرعاية النهارية",
        "place_url": "https://www.google.com/maps/place/%D9%85%D8%B1%D9%83%D8%B2+%D9%87%D9%85%D9%85+%D8%A7%D9%84%D8%A5%D8%A8%D8%AF%D8%A7%D8%B9+%D9%84%D9%84%D8%B1%D8%B9%D8%A7%D9%8A%D8%A9+%D8%A7%D9%84%D9%86%D9%87%D8%A7%D8%B1%D9%8A%D8%A9%E2%80%AD/@18.2964785,42.7677342,17z/data=!3m1!4b1!4m6!3m5!1s0x15fb5bb53ddb6cb7:0xe4abf8ac035e8cf3!8m2!3d18.2964785!4d42.7651593!16s%2Fg%2F11y3sbp7r1?entry=ttu&g_ep=EgoyMDI2MDUxMy4wIKXMDSoASAFQAw%3D%3D",
        "place_category": "مركز رعاية نهارية للكبار",
        "place_address": "حي، النسيم، خميس مشيط 62465",
        "place_rating": 4.8,
        "place_review_count": 40
      }
    },
    {
      "type": "Feature",
      "geometry": {
        "type": "Point",
        "coordinates": [
          46.5869071,
          24.7757151
        ]
      },
      "properties": {
        "School": "مؤسسة جمعية صوت متلازمة داون",
        "Region": "منطقة الريـــاض",
        "City": "الرياض",
        "Type": "مركز متلازمه داون",
        "Gender": "ذكور",
        "MaleStudents": "39",
        "FemaleStudents": "0",
        "SchoolCapacity": "99",
        "place_name": "جمعية صوت متلازمة داون",
        "place_url": "https://www.google.com/maps/place/%D8%AC%D9%85%D8%B9%D9%8A%D8%A9+%D8%B5%D9%88%D8%AA+%D9%85%D8%AA%D9%84%D8%A7%D8%B2%D9%85%D8%A9+%D8%AF%D8%A7%D9%88%D9%86%E2%80%AD/@24.7757151,46.589482,17z/data=!3m1!4b1!4m6!3m5!1s0x3e2ee15ba5623ac1:0xbca94acb47ded595!8m2!3d24.7757151!4d46.5869071!16s%2Fg%2F11c4804nqn?entry=ttu&g_ep=EgoyMDI2MDUxMy4wIKXMDSoASAFQAw%3D%3D",
        "place_category": "مؤسسة خيرية",
        "place_address": "الكفاح، حطين، 24°46'34.7\"N 46°35'11., الرياض",
        "place_rating": 4.2,
        "place_review_count": 68
      }
    },
    {
      "type": "Feature",
      "geometry": {
        "type": "Point",
        "coordinates": [
          49.5938262,
          25.4150309
        ]
      },
      "properties": {
        "School": "مركز التمكين الشامل للرعاية النهارية",
        "Region": "المنطقة الشرقيـــة",
        "City": "محافظة الاحساء",
        "Type": "مركز شامل",
        "Gender": "اناث",
        "MaleStudents": "0",
        "FemaleStudents": "63",
        "SchoolCapacity": "132",
        "place_name": "مركز التمكين الشامل للرعاية النهارية ( المبرز)",
        "place_url": "https://www.google.com/maps/place/%D9%85%D8%B1%D9%83%D8%B2+%D8%A7%D9%84%D8%AA%D9%85%D9%83%D9%8A%D9%86+%D8%A7%D9%84%D8%B4%D8%A7%D9%85%D9%84+%D9%84%D9%84%D8%B1%D8%B9%D8%A7%D9%8A%D8%A9+%D8%A7%D9%84%D9%86%D9%87%D8%A7%D8%B1%D9%8A%D8%A9+(+%D8%A7%D9%84%D9%85%D8%A8%D8%B1%D8%B2)%E2%80%AD/@25.5111101,49.7193162,12z/data=!4m10!1m2!2m1!1z2YXYsdmD2LIg2KfZhNiq2YXZg9mK2YYg2KfZhNi02KfZhdmEINmE2YTYsdi52KfZitipINin2YTZhtmH2KfYsdmK2KksINmF2K3Yp9mB2LjYqSDYp9mE2KfYrdiz2KfYoSwg2KfZhNmF2YbYt9mC2Kkg2KfZhNi02LHZgtmK2YDZgNmA2Kk!3m6!1s0x3e37970077da8875:0xade48203e2da0bb1!8m2!3d25.4150309!4d49.5938262!15sCoYB2YXYsdmD2LIg2KfZhNiq2YXZg9mK2YYg2KfZhNi02KfZhdmEINmE2YTYsdi52KfZitipINin2YTZhtmH2KfYsdmK2KksINmF2K3Yp9mB2LjYqSDYp9mE2KfYrdiz2KfYoSwg2KfZhNmF2YbYt9mC2Kkg2KfZhNi02LHZgtmK2YDZgNmA2KlagAEiftmF2LHZg9iyINin2YTYqtmF2YPZitmGINin2YTYtNin2YXZhCDZhNmE2LHYudin2YrYqSDYp9mE2YbZh9in2LHZitipINmF2K3Yp9mB2LjYqSDYp9mE2KfYrdiz2KfYoSDYp9mE2YXZhti32YLYqSDYp9mE2LTYsdmC2YrYqZIBEGVkdWNhdGlvbl9jZW50ZXKaASNDaFpEU1VoTk1HOW5TMFZKUTBGblNVTklNbVUzZUVkM0VBReABAPoBBAhGEDI!16s%2Fg%2F11y7d6bbvb?entry=ttu&g_ep=EgoyMDI2MDUxMy4wIKXMDSoASAFQAw%3D%3D",
        "place_category": "المركز التعليمي",
        "place_address": "القديمات، الهفوف 36341",
        "place_rating": 4.9,
        "place_review_count": 4
      }
    },
    {
      "type": "Feature",
      "geometry": {
        "type": "Point",
        "coordinates": [
          38.2216496,
          30.5154585
        ]
      },
      "properties": {
        "School": "مؤسسة مركز غصون احمد عرابي لرعاية ذوي الاحتياجات الخاصة",
        "Region": "منطقة الجـــوف",
        "City": "محافظة طبرجل",
        "Type": "مركز شامل",
        "Gender": "ذكور",
        "MaleStudents": "53",
        "FemaleStudents": "0",
        "SchoolCapacity": "185",
        "place_name": "مركز غصون لرعاية ذوي الاحتياجات الخاصة",
        "place_url": "https://www.google.com/maps/place/%D9%85%D8%B1%D9%83%D8%B2+%D8%BA%D8%B5%D9%88%D9%86+%D9%84%D8%B1%D8%B9%D8%A7%D9%8A%D8%A9+%D8%B0%D9%88%D9%8A+%D8%A7%D9%84%D8%A7%D8%AD%D8%AA%D9%8A%D8%A7%D8%AC%D8%A7%D8%AA+%D8%A7%D9%84%D8%AE%D8%A7%D8%B5%D8%A9%E2%80%AD/@30.5154585,38.239674,15z/data=!4m10!1m2!2m1!1z2YXYpNiz2LPYqSDZhdix2YPYsiDYuti12YjZhiDYp9it2YXYryDYudix2KfYqNmKINmE2LHYudin2YrYqSDYsNmI2Yog2KfZhNin2K3YqtmK2KfYrNin2Kog2KfZhNiu2KfYtdipLCDZhdit2KfZgdi42Kkg2LfYqNix2KzZhCwg2YXZhti32YLYqSDYp9mE2KzZgNmA2YDZiNmB!3m6!1s0x150e47f42776d777:0xe653d8571849bd8f!8m2!3d30.5154585!4d38.2216496!15sCpwB2YXYpNiz2LPYqSDZhdix2YPYsiDYuti12YjZhiDYp9it2YXYryDYudix2KfYqNmKINmE2LHYudin2YrYqSDYsNmI2Yog2KfZhNin2K3YqtmK2KfYrNin2Kog2KfZhNiu2KfYtdipLCDZhdit2KfZgdi42Kkg2LfYqNix2KzZhCwg2YXZhti32YLYqSDYp9mE2KzZgNmA2YDZiNmBkgEXZWR1Y2F0aW9uYWxfaW5zdGl0dXRpb27gAQA!16s%2Fg%2F11xt6j341z?entry=ttu&g_ep=EgoyMDI2MDUxMy4wIKXMDSoASAFQAw%3D%3D",
        "place_category": "مؤسسة تعليمية",
        "place_address": "ّالسمح، طبرجل 74767",
        "place_rating": 5.0,
        "place_review_count": 5
      }
    },
    {
      "type": "Feature",
      "geometry": {
        "type": "Point",
        "coordinates": [
          44.1553053,
          17.4656665
        ]
      },
      "properties": {
        "School": "مركز مؤسسة روضة مواهب الغد الاهلية",
        "Region": "منطقة نجـــران",
        "City": "نجران",
        "Type": "مركز شامل",
        "Gender": "اناث",
        "MaleStudents": "0",
        "FemaleStudents": "32",
        "SchoolCapacity": "60",
        "place_name": "مدرسة مواهب الغد الأهلية",
        "place_url": "https://www.google.com/maps/place/%D9%85%D8%AF%D8%B1%D8%B3%D8%A9+%D9%85%D9%88%D8%A7%D9%87%D8%A8+%D8%A7%D9%84%D8%BA%D8%AF+%D8%A7%D9%84%D8%A3%D9%87%D9%84%D9%8A%D8%A9%E2%80%AD/@17.4656665,44.1578802,17z/data=!3m1!4b1!4m6!3m5!1s0x15feeb7666fb484b:0xcc4e7a8bce94450f!8m2!3d17.4656665!4d44.1553053!16s%2Fg%2F11svc7cr_v?entry=ttu&g_ep=EgoyMDI2MDUxMy4wIKXMDSoASAFQAw%3D%3D",
        "place_category": "المرحلة الابتدائية",
        "place_address": "حي شعب رير، NJWA4798، 4798 عقبة بن نافع، 8719، نجران 66294",
        "place_rating": null,
        "place_review_count": null
      }
    },
    {
      "type": "Feature",
      "geometry": {
        "type": "Point",
        "coordinates": [
          45.5883178,
          20.4599349
        ]
      },
      "properties": {
        "School": "مركز اطمئن للرعاية النهارية",
        "Region": "منطقة الريـــاض",
        "City": "محافظة السليل",
        "Type": "مركز شامل",
        "Gender": "اناث",
        "MaleStudents": "0",
        "FemaleStudents": "1",
        "SchoolCapacity": "86",
        "place_name": "مركز اطمئن للرعاية النهارية لذوي الإعاقة",
        "place_url": "https://www.google.com/maps/place/%D9%85%D8%B1%D9%83%D8%B2+%D8%A7%D8%B7%D9%85%D8%A6%D9%86+%D9%84%D9%84%D8%B1%D8%B9%D8%A7%D9%8A%D8%A9+%D8%A7%D9%84%D9%86%D9%87%D8%A7%D8%B1%D9%8A%D8%A9+%D9%84%D8%B0%D9%88%D9%8A+%D8%A7%D9%84%D8%A5%D8%B9%D8%A7%D9%82%D8%A9%E2%80%AD/@20.4599349,45.5908927,17z/data=!3m1!4b1!4m6!3m5!1s0x3e1e5f0006a61e75:0x1d660a3461fac6a2!8m2!3d20.4599349!4d45.5883178!16s%2Fg%2F11vqp8nsdx?entry=ttu&g_ep=EgoyMDI2MDUxMy4wIKXMDSoASAFQAw%3D%3D",
        "place_category": "المركز التعليمي",
        "place_address": "FH5Q+X8G، شارع الملك سلمان بن عبدالعزيز، الشفاء، السليل 18211",
        "place_rating": 5.0,
        "place_review_count": null
      }
    },
    {
      "type": "Feature",
      "geometry": {
        "type": "Point",
        "coordinates": [
          39.7841005,
          21.5576693
        ]
      },
      "properties": {
        "School": "مؤسسة ابرار احمد عطية الزهراني للرعاية النهارية",
        "Region": "منطقة مكة المكرمـة",
        "City": "مكة المكرمة",
        "Type": "مركز شامل",
        "Gender": "ذكور",
        "MaleStudents": "53",
        "FemaleStudents": "0",
        "SchoolCapacity": "60",
        "place_name": "مؤسسة ابرار الزهراني مركز الغد الأمثل للرعايه النهاريه احتياجات خاصه رجال فئه من 12 سنه فما فوق",
        "place_url": "https://www.google.com/maps/place/%D9%85%D8%A4%D8%B3%D8%B3%D8%A9+%D8%A7%D8%A8%D8%B1%D8%A7%D8%B1+%D8%A7%D9%84%D8%B2%D9%87%D8%B1%D8%A7%D9%86%D9%8A+%D9%85%D8%B1%D9%83%D8%B2+%D8%A7%D9%84%D8%BA%D8%AF+%D8%A7%D9%84%D8%A3%D9%85%D8%AB%D9%84+%D9%84%D9%84%D8%B1%D8%B9%D8%A7%D9%8A%D9%87+%D8%A7%D9%84%D9%86%D9%87%D8%A7%D8%B1%D9%8A%D9%87+%D8%A7%D8%AD%D8%AA%D9%8A%D8%A7%D8%AC%D8%A7%D8%AA+%D8%AE%D8%A7%D8%B5%D9%87+%D8%B1%D8%AC%D8%A7%D9%84+%D9%81%D8%A6%D9%87+%D9%85%D9%86+12+%D8%B3%D9%86%D9%87+%D9%81%D9%85%D8%A7+%D9%81%D9%88%D9%82%E2%80%AD/@21.5576693,39.9282961,12z/data=!4m10!1m2!2m1!1z2YXYpNiz2LPYqSDYp9io2LHYp9ixINin2K3ZhdivINi52LfZitipINin2YTYstmH2LHYp9mG2Yog2YTZhNix2LnYp9mK2Kkg2KfZhNmG2YfYp9ix2YrYqSwg2YXZg9ipINin2YTZhdmD2LHZhdipLCDZhdmG2LfZgtipINmF2YPYqSDYp9mE2YXZg9ix2YXZgNip!3m6!1s0x15c1f7ff173c953d:0xeec5ecf766cc6ca!8m2!3d21.5576693!4d39.7841005!15sCpMB2YXYpNiz2LPYqSDYp9io2LHYp9ixINin2K3ZhdivINi52LfZitipINin2YTYstmH2LHYp9mG2Yog2YTZhNix2LnYp9mK2Kkg2KfZhNmG2YfYp9ix2YrYqSwg2YXZg9ipINin2YTZhdmD2LHZhdipLCDZhdmG2LfZgtipINmF2YPYqSDYp9mE2YXZg9ix2YXZgNipWpIBIo8B2YXYpNiz2LPYqSDYp9io2LHYp9ixINin2K3ZhdivINi52LfZitipINin2YTYstmH2LHYp9mG2Yog2YTZhNix2LnYp9mK2Kkg2KfZhNmG2YfYp9ix2YrYqSDZhdmD2Kkg2KfZhNmF2YPYsdmF2Kkg2YXZhti32YLYqSDZhdmD2Kkg2KfZhNmF2YPYsdmF2KmSARBlZHVjYXRpb25fY2VudGVymgFEQ2k5RFFVbFJRVU52WkVOb2RIbGpSamx2VDI1b2FXRlhOVU5UYTNSQ1UwVjRSVTU2YkhGV1JsbDNWRlJhU1ZFeFJSQULgAQD6AQQIABA_!16s%2Fg%2F11ks2rqz2x?entry=ttu&g_ep=EgoyMDI2MDUxMy4wIKXMDSoASAFQAw%3D%3D",
        "place_category": "المركز التعليمي",
        "place_address": "حي العمرة الجديدة، MWUB3748، 3748 الحناكية، 7135، مكة 24416",
        "place_rating": 4.7,
        "place_review_count": 4
      }
    },
    {
      "type": "Feature",
      "geometry": {
        "type": "Point",
        "coordinates": [
          42.9342088,
          17.2383637
        ]
      },
      "properties": {
        "School": "مركز ألفة للرعاية النهارية",
        "Region": "منطقة جــازان",
        "City": "جازان",
        "Type": "مركز شامل",
        "Gender": "اناث",
        "MaleStudents": "0",
        "FemaleStudents": "83",
        "SchoolCapacity": "86",
        "place_name": "مركز أُلفة للرعاية النهارية بالعيدابي",
        "place_url": "https://www.google.com/maps/place/%D9%85%D8%B1%D9%83%D8%B2+%D8%A3%D9%8F%D9%84%D9%81%D8%A9+%D9%84%D9%84%D8%B1%D8%B9%D8%A7%D9%8A%D8%A9+%D8%A7%D9%84%D9%86%D9%87%D8%A7%D8%B1%D9%8A%D8%A9+%D8%A8%D8%A7%D9%84%D8%B9%D9%8A%D8%AF%D8%A7%D8%A8%D9%8A%E2%80%AD/@17.2383637,42.9367837,17z/data=!3m1!4b1!4m6!3m5!1s0x15fd6b7a3e3123ed:0xcfee793f9dc633c9!8m2!3d17.2383637!4d42.9342088!16s%2Fg%2F11vb38kgps?entry=ttu&g_ep=EgoyMDI2MDUxMy4wIKXMDSoASAFQAw%3D%3D",
        "place_category": "مركز رعاية اجتماعية",
        "place_address": "GKJD6665، 2433 العيدابي 944، 6665، العيدابي 85742",
        "place_rating": 5.0,
        "place_review_count": 2
      }
    },
    {
      "type": "Feature",
      "geometry": null,
      "properties": {
        "School": "مركز دومة التخصصي للرعاية النهارية",
        "Region": "منطقة الجـــوف",
        "City": "محافظة دومة الجندل",
        "Type": "مركز شامل",
        "Gender": "اناث",
        "MaleStudents": "0",
        "FemaleStudents": "63",
        "SchoolCapacity": "160"
      }
    },
    {
      "type": "Feature",
      "geometry": {
        "type": "Point",
        "coordinates": [
          49.5938262,
          25.4150309
        ]
      },
      "properties": {
        "School": "مركز التمكين الشامل للرعاية النهارية",
        "Region": "المنطقة الشرقيـــة",
        "City": "محافظة الاحساء",
        "Type": "مركز شامل",
        "Gender": "اناث",
        "MaleStudents": "0",
        "FemaleStudents": "59",
        "SchoolCapacity": "200",
        "place_name": "مركز التمكين الشامل للرعاية النهارية ( المبرز)",
        "place_url": "https://www.google.com/maps/place/%D9%85%D8%B1%D9%83%D8%B2+%D8%A7%D9%84%D8%AA%D9%85%D9%83%D9%8A%D9%86+%D8%A7%D9%84%D8%B4%D8%A7%D9%85%D9%84+%D9%84%D9%84%D8%B1%D8%B9%D8%A7%D9%8A%D8%A9+%D8%A7%D9%84%D9%86%D9%87%D8%A7%D8%B1%D9%8A%D8%A9+(+%D8%A7%D9%84%D9%85%D8%A8%D8%B1%D8%B2)%E2%80%AD/@25.6694227,49.9665743,10z/data=!4m10!1m2!2m1!1z2YXYsdmD2LIg2KfZhNiq2YXZg9mK2YYg2KfZhNi02KfZhdmEINmE2YTYsdi52KfZitipINin2YTZhtmH2KfYsdmK2KksINmF2K3Yp9mB2LjYqSDYp9mE2KfYrdiz2KfYoSwg2KfZhNmF2YbYt9mC2Kkg2KfZhNi02LHZgtmK2YDZgNmA2Kk!3m6!1s0x3e37970077da8875:0xade48203e2da0bb1!8m2!3d25.4150309!4d49.5938262!15sCoYB2YXYsdmD2LIg2KfZhNiq2YXZg9mK2YYg2KfZhNi02KfZhdmEINmE2YTYsdi52KfZitipINin2YTZhtmH2KfYsdmK2KksINmF2K3Yp9mB2LjYqSDYp9mE2KfYrdiz2KfYoSwg2KfZhNmF2YbYt9mC2Kkg2KfZhNi02LHZgtmK2YDZgNmA2KlagAEiftmF2LHZg9iyINin2YTYqtmF2YPZitmGINin2YTYtNin2YXZhCDZhNmE2LHYudin2YrYqSDYp9mE2YbZh9in2LHZitipINmF2K3Yp9mB2LjYqSDYp9mE2KfYrdiz2KfYoSDYp9mE2YXZhti32YLYqSDYp9mE2LTYsdmC2YrYqZIBEGVkdWNhdGlvbl9jZW50ZXKaASNDaFpEU1VoTk1HOW5TMFZKUTBGblNVTklNbVUzZUVkM0VBReABAPoBBAhGEDI!16s%2Fg%2F11y7d6bbvb?entry=ttu&g_ep=EgoyMDI2MDUxMy4wIKXMDSoASAFQAw%3D%3D",
        "place_category": "المركز التعليمي",
        "place_address": "القديمات، الهفوف 36341",
        "place_rating": 4.9,
        "place_review_count": 4
      }
    },
    {
      "type": "Feature",
      "geometry": null,
      "properties": {
        "School": "مركز التمكين الشامل للرعاية النهارية",
        "Region": "منطقة الريـــاض",
        "City": "محافظة الزلفي",
        "Type": "مركز شامل",
        "Gender": "اناث",
        "MaleStudents": "0",
        "FemaleStudents": "58",
        "SchoolCapacity": "126"
      }
    },
    {
      "type": "Feature",
      "geometry": {
        "type": "Point",
        "coordinates": [
          45.3761969,
          25.9164493
        ]
      },
      "properties": {
        "School": "مركز التمكين الشامل للرعاية النهارية",
        "Region": "منطقة الريـــاض",
        "City": "محافظة المجمعة",
        "Type": "مركز شامل",
        "Gender": "اناث",
        "MaleStudents": "0",
        "FemaleStudents": "59",
        "SchoolCapacity": "182",
        "place_name": "مركز التمكين الشامل للرعاية النهارية",
        "place_url": "https://www.google.com/maps/place/%D9%85%D8%B1%D9%83%D8%B2+%D8%A7%D9%84%D8%AA%D9%85%D9%83%D9%8A%D9%86+%D8%A7%D9%84%D8%B4%D8%A7%D9%85%D9%84+%D9%84%D9%84%D8%B1%D8%B9%D8%A7%D9%8A%D8%A9+%D8%A7%D9%84%D9%86%D9%87%D8%A7%D8%B1%D9%8A%D8%A9%E2%80%AD/@25.9164493,45.3787718,17z/data=!3m1!4b1!4m6!3m5!1s0x3e2ac50006483595:0x2266115d80509c85!8m2!3d25.9164493!4d45.3761969!16s%2Fg%2F11w3h83cyk?entry=ttu&g_ep=EgoyMDI2MDUxMy4wIKXMDSoASAFQAw%3D%3D",
        "place_category": "المركز التعليمي",
        "place_address": "W98G+HFG حي، المطار، المجمعة 15365",
        "place_rating": 4.9,
        "place_review_count": 31
      }
    },
    {
      "type": "Feature",
      "geometry": {
        "type": "Point",
        "coordinates": [
          45.2874222,
          24.07165
        ]
      },
      "properties": {
        "School": "مركز التمكين الشامل للرعاية النهارية",
        "Region": "منطقة الريـــاض",
        "City": "محافظة القويعية",
        "Type": "مركز شامل",
        "Gender": "اناث",
        "MaleStudents": "0",
        "FemaleStudents": "70",
        "SchoolCapacity": "161",
        "place_name": "مركزالتمكين الشامل للرعاية",
        "place_url": "https://www.google.com/maps/place/%D9%85%D8%B1%D9%83%D8%B2%D8%A7%D9%84%D8%AA%D9%85%D9%83%D9%8A%D9%86+%D8%A7%D9%84%D8%B4%D8%A7%D9%85%D9%84+%D9%84%D9%84%D8%B1%D8%B9%D8%A7%D9%8A%D8%A9%E2%80%AD/@24.07165,45.2899971,17z/data=!3m1!4b1!4m6!3m5!1s0x3e2839004b7435d3:0xbce80ff9dd1a3c14!8m2!3d24.07165!4d45.2874222!16s%2Fg%2F11vxcldrlg?entry=ttu&g_ep=EgoyMDI2MDUxMy4wIKXMDSoASAFQAw%3D%3D",
        "place_category": "المركز التعليمي",
        "place_address": "3893 فيصل بن عبدالعزيز، حي الربوة، LQMA6463، 6463، القويعية 19257",
        "place_rating": 4.4,
        "place_review_count": 25
      }
    },
    {
      "type": "Feature",
      "geometry": {
        "type": "Point",
        "coordinates": [
          41.4382375,
          19.7894889
        ]
      },
      "properties": {
        "School": "مؤسسة العلامة الفارقة للرعاية النهارية",
        "Region": "منطقة الباحــة",
        "City": "الباحة",
        "Type": "مركز شامل",
        "Gender": "اناث",
        "MaleStudents": "0",
        "FemaleStudents": "51",
        "SchoolCapacity": "138",
        "place_name": "مركز العلامة الفارقة للرعاية النهارية",
        "place_url": "https://www.google.com/maps/place/%D9%85%D8%B1%D9%83%D8%B2+%D8%A7%D9%84%D8%B9%D9%84%D8%A7%D9%85%D8%A9+%D8%A7%D9%84%D9%81%D8%A7%D8%B1%D9%82%D8%A9+%D9%84%D9%84%D8%B1%D8%B9%D8%A7%D9%8A%D8%A9+%D8%A7%D9%84%D9%86%D9%87%D8%A7%D8%B1%D9%8A%D8%A9%E2%80%AD/@19.7894889,41.4408124,17z/data=!3m1!4b1!4m6!3m5!1s0x15e5f92f43271d55:0xdbbf5a7b4a2541ac!8m2!3d19.7894889!4d41.4382375!16s%2Fg%2F11kb3nx_23?entry=ttu&g_ep=EgoyMDI2MDUxMy4wIKXMDSoASAFQAw%3D%3D",
        "place_category": "المركز التعليمي",
        "place_address": "QC6P+95Q، المخواة 65616",
        "place_rating": 4.8,
        "place_review_count": 84
      }
    },
    {
      "type": "Feature",
      "geometry": {
        "type": "Point",
        "coordinates": [
          40.1982585,
          29.9442291
        ]
      },
      "properties": {
        "School": "مركز افئده للتأهيل",
        "Region": "منطقة الجـــوف",
        "City": "سكاكا",
        "Type": "مركز شامل",
        "Gender": "اناث",
        "MaleStudents": "0",
        "FemaleStudents": "47",
        "SchoolCapacity": "68",
        "place_name": "مركز أفئدة الطبي للتأهيل",
        "place_url": "https://www.google.com/maps/place/%D9%85%D8%B1%D9%83%D8%B2+%D8%A3%D9%81%D8%A6%D8%AF%D8%A9+%D8%A7%D9%84%D8%B7%D8%A8%D9%8A+%D9%84%D9%84%D8%AA%D8%A3%D9%87%D9%8A%D9%84%E2%80%AD/@29.9442291,40.2008334,17z/data=!3m1!4b1!4m6!3m5!1s0x1572b97b9dded533:0xa760a98a1807f3f9!8m2!3d29.9442291!4d40.1982585!16s%2Fg%2F11sjqs6x8c?entry=ttu&g_ep=EgoyMDI2MDUxMy4wIKXMDSoASAFQAw%3D%3D",
        "place_category": "عيادة علاج طبيعي",
        "place_address": "طريق الملك سلمان بن عبدالعزيز، حي المحمدية، سكاكا 72345",
        "place_rating": 4.4,
        "place_review_count": 18
      }
    },
    {
      "type": "Feature",
      "geometry": {
        "type": "Point",
        "coordinates": [
          50.1250625,
          26.3998125
        ]
      },
      "properties": {
        "School": "شركة تأهيل الانسان",
        "Region": "المنطقة الشرقيـــة",
        "City": "الدمام",
        "Type": "مركز شامل",
        "Gender": "ذكور",
        "MaleStudents": "115",
        "FemaleStudents": "0",
        "SchoolCapacity": "200",
        "place_name": "مركز التأهيل الشامل للذكور",
        "place_url": "https://www.google.com/maps/place/%D9%85%D8%B1%D9%83%D8%B2+%D8%A7%D9%84%D8%AA%D8%A3%D9%87%D9%8A%D9%84+%D8%A7%D9%84%D8%B4%D8%A7%D9%85%D9%84+%D9%84%D9%84%D8%B0%D9%83%D9%88%D8%B1%E2%80%AD/@26.3998125,50.2692581,12z/data=!4m10!1m2!2m1!1z2LTYsdmD2Kkg2KrYo9mH2YrZhCDYp9mE2KfZhtiz2KfZhiwg2KfZhNiv2YXYp9mFLCDYp9mE2YXZhti32YLYqSDYp9mE2LTYsdmC2YrZgNmA2YDYqQ!3m6!1s0x3e49e4cb062f514d:0x47e353880e1a9fa2!8m2!3d26.3998125!4d50.1250625!15sClXYtNix2YPYqSDYqtij2YfZitmEINin2YTYp9mG2LPYp9mGLCDYp9mE2K_Zhdin2YUsINin2YTZhdmG2LfZgtipINin2YTYtNix2YLZitmA2YDZgNipWk8iTdi02LHZg9ipINiq2KPZh9mK2YQg2KfZhNin2YbYs9in2YYg2KfZhNiv2YXYp9mFINin2YTZhdmG2LfZgtipINin2YTYtNix2YLZitipkgERZ292ZXJubWVudF9vZmZpY2WaAURDaTlEUVVsUlFVTnZaRU5vZEhsalJqbHZUMnRhUjFaWVdubGhNVkptVjFack1sWkZWalpsUjJoR1RrVkdSVTFyUlJBQuABAPoBBAgAEDs!16s%2Fg%2F1hdzl_smh?entry=ttu&g_ep=EgoyMDI2MDUxMy4wIKXMDSoASAFQAw%3D%3D",
        "place_category": "مكتب حكومي",
        "place_address": "94XG+W22، عبدالله فؤاد، الدمام 32235",
        "place_rating": 2.9,
        "place_review_count": 2
      }
    },
    {
      "type": "Feature",
      "geometry": {
        "type": "Point",
        "coordinates": [
          39.1853886,
          21.7526311
        ]
      },
      "properties": {
        "School": "مركز معين للرعاية النهارية",
        "Region": "منطقة مكة المكرمـة",
        "City": "محافظة جدة",
        "Type": "مركز شامل",
        "Gender": "اناث",
        "MaleStudents": "0",
        "FemaleStudents": "14",
        "SchoolCapacity": "35",
        "place_name": "مركز معين للرعاية النهارية",
        "place_url": "https://www.google.com/maps/place/%D9%85%D8%B1%D9%83%D8%B2+%D9%85%D8%B9%D9%8A%D9%86+%D9%84%D9%84%D8%B1%D8%B9%D8%A7%D9%8A%D8%A9+%D8%A7%D9%84%D9%86%D9%87%D8%A7%D8%B1%D9%8A%D8%A9%E2%80%AD/@21.6681464,39.2745602,12z/data=!4m10!1m2!2m1!1z2YXYsdmD2LIg2YXYudmK2YYg2YTZhNix2LnYp9mK2Kkg2KfZhNmG2YfYp9ix2YrYqSwg2YXYrdin2YHYuNipINis2K_YqSwg2YXZhti32YLYqSDZhdmD2Kkg2KfZhNmF2YPYsdmF2YDYqQ!3m6!1s0x15c17dd5bb7ff85f:0x10a11f21ae68a5d5!8m2!3d21.7526311!4d39.1853886!15sCmrZhdix2YPYsiDZhdi52YrZhiDZhNmE2LHYudin2YrYqSDYp9mE2YbZh9in2LHZitipLCDZhdit2KfZgdi42Kkg2KzYr9ipLCDZhdmG2LfZgtipINmF2YPYqSDYp9mE2YXZg9ix2YXZgNipWmgiZtmF2LHZg9iyINmF2LnZitmGINmE2YTYsdi52KfZitipINin2YTZhtmH2KfYsdmK2Kkg2YXYrdin2YHYuNipINis2K_YqSDZhdmG2LfZgtipINmF2YPYqSDYp9mE2YXZg9ix2YXYqZIBF2VkdWNhdGlvbmFsX2luc3RpdHV0aW9umgFEQ2k5RFFVbFJRVU52WkVOb2RIbGpSamx2VDI1Q1VrMUhlSGxXUmpsT1dsVnJNMWRFUm5aYVdFcHBXakp3UWxWdVl4QULgAQD6AQQIABAz!16s%2Fg%2F11x8r0k8tp?entry=ttu&g_ep=EgoyMDI2MDUxMy4wIKXMDSoASAFQAw%3D%3D",
        "place_category": "مؤسسة تعليمية",
        "place_address": "آمنه بنت سعيد بن العاص، الحمدانية، جدة 23761",
        "place_rating": 4.8,
        "place_review_count": 4
      }
    },
    {
      "type": "Feature",
      "geometry": null,
      "properties": {
        "School": "مركز خطوة علاج للرعاية النهارية",
        "Region": "منطقة المدينة المنورة",
        "City": "المدينة المنورة",
        "Type": "مركز شامل",
        "Gender": "اناث",
        "MaleStudents": "0",
        "FemaleStudents": "122",
        "SchoolCapacity": "124"
      }
    },
    {
      "type": "Feature",
      "geometry": {
        "type": "Point",
        "coordinates": [
          42.1310563,
          19.0922119
        ]
      },
      "properties": {
        "School": "شركة مركز التمكين الشامل للرعاية النهارية",
        "Region": "منطقة عسيــر",
        "City": "محافظة ظهران الجنوب",
        "Type": "مركز شامل",
        "Gender": "اناث",
        "MaleStudents": "0",
        "FemaleStudents": "27",
        "SchoolCapacity": "88",
        "place_name": "مركز التمكين الشامل للرعاية النهاريه",
        "place_url": "https://www.google.com/maps/place/%D9%85%D8%B1%D9%83%D8%B2+%D8%A7%D9%84%D8%AA%D9%85%D9%83%D9%8A%D9%86+%D8%A7%D9%84%D8%B4%D8%A7%D9%85%D9%84+%D9%84%D9%84%D8%B1%D8%B9%D8%A7%D9%8A%D8%A9+%D8%A7%D9%84%D9%86%D9%87%D8%A7%D8%B1%D9%8A%D9%87%E2%80%AD/@19.0922119,42.1336312,17z/data=!3m1!4b1!4m6!3m5!1s0x15e51b4c4459f7b5:0xa52b0a3451746f57!8m2!3d19.0922119!4d42.1310563!16s%2Fg%2F11s50gjdxx?entry=ttu&g_ep=EgoyMDI2MDUxMy4wIKXMDSoASAFQAw%3D%3D",
        "place_category": "مركز رعاية اجتماعية",
        "place_address": "AIAB7092، 7092 طريق الملك فيصل، 5380، حي النزهة،، النماص 67397",
        "place_rating": 4.9,
        "place_review_count": 50
      }
    },
    {
      "type": "Feature",
      "geometry": {
        "type": "Point",
        "coordinates": [
          49.5938262,
          25.4150309
        ]
      },
      "properties": {
        "School": "شركة مركز التمكين الشامل للرعاية النهارية",
        "Region": "المنطقة الشرقيـــة",
        "City": "محافظة الاحساء",
        "Type": "مركز شامل",
        "Gender": "اناث",
        "MaleStudents": "0",
        "FemaleStudents": "79",
        "SchoolCapacity": "103",
        "place_name": "مركز التمكين الشامل للرعاية النهارية ( المبرز)",
        "place_url": "https://www.google.com/maps/place/%D9%85%D8%B1%D9%83%D8%B2+%D8%A7%D9%84%D8%AA%D9%85%D9%83%D9%8A%D9%86+%D8%A7%D9%84%D8%B4%D8%A7%D9%85%D9%84+%D9%84%D9%84%D8%B1%D8%B9%D8%A7%D9%8A%D8%A9+%D8%A7%D9%84%D9%86%D9%87%D8%A7%D8%B1%D9%8A%D8%A9+(+%D8%A7%D9%84%D9%85%D8%A8%D8%B1%D8%B2)%E2%80%AD/@25.5111101,49.7193162,12z/data=!4m10!1m2!2m1!1z2LTYsdmD2Kkg2YXYsdmD2LIg2KfZhNiq2YXZg9mK2YYg2KfZhNi02KfZhdmEINmE2YTYsdi52KfZitipINin2YTZhtmH2KfYsdmK2KksINmF2K3Yp9mB2LjYqSDYp9mE2KfYrdiz2KfYoSwg2KfZhNmF2YbYt9mC2Kkg2KfZhNi02LHZgtmK2YDZgNmA2Kk!3m6!1s0x3e37970077da8875:0xade48203e2da0bb1!8m2!3d25.4150309!4d49.5938262!15sCo8B2LTYsdmD2Kkg2YXYsdmD2LIg2KfZhNiq2YXZg9mK2YYg2KfZhNi02KfZhdmEINmE2YTYsdi52KfZitipINin2YTZhtmH2KfYsdmK2KksINmF2K3Yp9mB2LjYqSDYp9mE2KfYrdiz2KfYoSwg2KfZhNmF2YbYt9mC2Kkg2KfZhNi02LHZgtmK2YDZgNmA2KlaigEihwHYtNix2YPYqSDZhdix2YPYsiDYp9mE2KrZhdmD2YrZhiDYp9mE2LTYp9mF2YQg2YTZhNix2LnYp9mK2Kkg2KfZhNmG2YfYp9ix2YrYqSDZhdit2KfZgdi42Kkg2KfZhNin2K3Ys9in2KEg2KfZhNmF2YbYt9mC2Kkg2KfZhNi02LHZgtmK2KmSARBlZHVjYXRpb25fY2VudGVymgEkQ2hkRFNVaE5NRzluUzBWSlEwRm5TVU5ZZUMweWNqUjNSUkFC4AEA-gEECAAQSw!16s%2Fg%2F11y7d6bbvb?entry=ttu&g_ep=EgoyMDI2MDUxMy4wIKXMDSoASAFQAw%3D%3D",
        "place_category": "المركز التعليمي",
        "place_address": "القديمات، الهفوف 36341",
        "place_rating": 4.9,
        "place_review_count": 4
      }
    },
    {
      "type": "Feature",
      "geometry": {
        "type": "Point",
        "coordinates": [
          42.5980892,
          18.2747038
        ]
      },
      "properties": {
        "School": "مركز شركة روح الاصرار للرعاية النهارية",
        "Region": "منطقة عسيــر",
        "City": "محافظة البرك",
        "Type": "مركز شامل",
        "Gender": "اناث",
        "MaleStudents": "0",
        "FemaleStudents": "14",
        "SchoolCapacity": "200",
        "place_name": "شركة روح الاصرار للرعاية النهارية",
        "place_url": "https://www.google.com/maps/place/%D8%B4%D8%B1%D9%83%D8%A9+%D8%B1%D9%88%D8%AD+%D8%A7%D9%84%D8%A7%D8%B5%D8%B1%D8%A7%D8%B1+%D9%84%D9%84%D8%B1%D8%B9%D8%A7%D9%8A%D8%A9+%D8%A7%D9%84%D9%86%D9%87%D8%A7%D8%B1%D9%8A%D8%A9%E2%80%AD/@18.2747038,47.212347,7z/data=!4m10!1m2!2m1!1z2YXYsdmD2LIg2LTYsdmD2Kkg2LHZiNitINin2YTYp9i12LHYp9ixINmE2YTYsdi52KfZitipINin2YTZhtmH2KfYsdmK2KksINmF2K3Yp9mB2LjYqSDYp9mE2KjYsdmDLCDZhdmG2LfZgtipINi52LPZitmA2YDYsQ!3m6!1s0x15fb55cab37b63a3:0xe39d420eac4b4f65!8m2!3d18.2747038!4d42.5980892!15sCnnZhdix2YPYsiDYtNix2YPYqSDYsdmI2K0g2KfZhNin2LXYsdin2LEg2YTZhNix2LnYp9mK2Kkg2KfZhNmG2YfYp9ix2YrYqSwg2YXYrdin2YHYuNipINin2YTYqNix2YMsINmF2YbYt9mC2Kkg2LnYs9mK2YDZgNixWnUic9mF2LHZg9iyINi02LHZg9ipINix2YjYrSDYp9mE2KfYtdix2KfYsSDZhNmE2LHYudin2YrYqSDYp9mE2YbZh9in2LHZitipINmF2K3Yp9mB2LjYqSDYp9mE2KjYsdmDINmF2YbYt9mC2Kkg2LnYs9mK2LGSARVyZWhhYmlsaXRhdGlvbl9jZW50ZXKaASRDaGREU1VoTk1HOW5TMFZKUTBGblNVUTNNRGRQVEcxUlJSQULgAQD6AQQIABAa!16s%2Fg%2F11tfdnysg0?entry=ttu&g_ep=EgoyMDI2MDUxMy4wIKXMDSoASAFQAw%3D%3D",
        "place_category": "مركز إعادة التأهيل",
        "place_address": "المحالة،، ABPD3942، 3942 دميغ، 7107،، لعصان 62564",
        "place_rating": 4.0,
        "place_review_count": 4
      }
    },
    {
      "type": "Feature",
      "geometry": {
        "type": "Point",
        "coordinates": [
          40.2791947,
          20.1207139
        ]
      },
      "properties": {
        "School": "مركز شركة روح الاصرار للرعاية النهارية",
        "Region": "منطقة مكة المكرمـة",
        "City": "مكة المكرمة",
        "Type": "مركز شامل",
        "Gender": "اناث",
        "MaleStudents": "0",
        "FemaleStudents": "26",
        "SchoolCapacity": "60",
        "place_name": "مركز روح الاصرار للرعاية النهارية فرع الليث",
        "place_url": "https://www.google.com/maps/place/%D9%85%D8%B1%D9%83%D8%B2+%D8%B1%D9%88%D8%AD+%D8%A7%D9%84%D8%A7%D8%B5%D8%B1%D8%A7%D8%B1+%D9%84%D9%84%D8%B1%D8%B9%D8%A7%D9%8A%D8%A9+%D8%A7%D9%84%D9%86%D9%87%D8%A7%D8%B1%D9%8A%D8%A9+%D9%81%D8%B1%D8%B9+%D8%A7%D9%84%D9%84%D9%8A%D8%AB%E2%80%AD/@19.6035987,43.8735431,7z/data=!4m10!1m2!2m1!1z2YXYsdmD2LIg2LTYsdmD2Kkg2LHZiNitINin2YTYp9i12LHYp9ixINmE2YTYsdi52KfZitipINin2YTZhtmH2KfYsdmK2KksINmF2YPYqSDYp9mE2YXZg9ix2YXYqSwg2YXZhti32YLYqSDZhdmD2Kkg2KfZhNmF2YPYsdmF2YDYqQ!3m6!1s0x15e7e10039a9a4bf:0x9f255051b59f1f50!8m2!3d20.1207139!4d40.2791947!15sCoIB2YXYsdmD2LIg2LTYsdmD2Kkg2LHZiNitINin2YTYp9i12LHYp9ixINmE2YTYsdi52KfZitipINin2YTZhtmH2KfYsdmK2KksINmF2YPYqSDYp9mE2YXZg9ix2YXYqSwg2YXZhti32YLYqSDZhdmD2Kkg2KfZhNmF2YPYsdmF2YDYqZIBEGVkdWNhdGlvbl9jZW50ZXLgAQA!16s%2Fg%2F11w5042dp0?entry=ttu&g_ep=EgoyMDI2MDUxMy4wIKXMDSoASAFQAw%3D%3D",
        "place_category": "المركز التعليمي",
        "place_address": "JTMA6720، 6720 المعتضد بالله ابن ابي القاسم، 4014، الليث 28451",
        "place_rating": 4.2,
        "place_review_count": 4
      }
    },
    {
      "type": "Feature",
      "geometry": null,
      "properties": {
        "School": "مركز الدعم الشامل للرعاية النهارية",
        "Region": "منطقة مكة المكرمـة",
        "City": "محافظة جدة",
        "Type": "مركز شامل",
        "Gender": "اناث",
        "MaleStudents": "0",
        "FemaleStudents": "61",
        "SchoolCapacity": "92"
      }
    },
    {
      "type": "Feature",
      "geometry": {
        "type": "Point",
        "coordinates": [
          49.589937,
          25.3460244
        ]
      },
      "properties": {
        "School": "مركز مشاعل الأفق للرعاية النهارية",
        "Region": "المنطقة الشرقيـــة",
        "City": "محافظة الاحساء",
        "Type": "مركز شامل",
        "Gender": "اناث",
        "MaleStudents": "0",
        "FemaleStudents": "72",
        "SchoolCapacity": "100",
        "place_name": "مركز مشاعل الأفق للرعاية النهارية Center Moshaal Al-Afq Daycare",
        "place_url": "https://www.google.com/maps/place/%D9%85%D8%B1%D9%83%D8%B2+%D9%85%D8%B4%D8%A7%D8%B9%D9%84+%D8%A7%D9%84%D8%A3%D9%81%D9%82+%D9%84%D9%84%D8%B1%D8%B9%D8%A7%D9%8A%D8%A9+%D8%A7%D9%84%D9%86%D9%87%D8%A7%D8%B1%D9%8A%D8%A9+Center+Moshaal+Al-Afq+Daycare%E2%80%AD/@25.3460244,49.5925119,17z/data=!3m1!4b1!4m6!3m5!1s0x3e3793f3f252a689:0x36625a276287d104!8m2!3d25.3460244!4d49.589937!16s%2Fg%2F11w4xbjc3s?entry=ttu&g_ep=EgoyMDI2MDUxMy4wIKXMDSoASAFQAw%3D%3D",
        "place_category": "مركز لرعاية الأطفال",
        "place_address": "شارع الأمير فيصل بن فهد، العويمرية، الهفوف 31982",
        "place_rating": 5.0,
        "place_review_count": 37
      }
    },
    {
      "type": "Feature",
      "geometry": null,
      "properties": {
        "School": "مؤسسة مركز الهمة الشامل للتأهيل",
        "Region": "منطقة المدينة المنورة",
        "City": "محافظة المهد",
        "Type": "مركز شامل",
        "Gender": "ذكور",
        "MaleStudents": "0",
        "FemaleStudents": "0",
        "SchoolCapacity": "91"
      }
    },
    {
      "type": "Feature",
      "geometry": {
        "type": "Point",
        "coordinates": [
          41.6712665,
          27.5030127
        ]
      },
      "properties": {
        "School": "مركز تواصل التأهيل للرعاية النهارية",
        "Region": "منطقة حائــــل",
        "City": "حائل",
        "Type": "مركز شامل",
        "Gender": "اناث",
        "MaleStudents": "0",
        "FemaleStudents": "37",
        "SchoolCapacity": "190",
        "place_name": "مركز تواصل الطبي",
        "place_url": "https://www.google.com/maps/place/%D9%85%D8%B1%D9%83%D8%B2+%D8%AA%D9%88%D8%A7%D8%B5%D9%84+%D8%A7%D9%84%D8%B7%D8%A8%D9%8A%E2%80%AD/@27.5030127,41.6738414,17z/data=!3m1!4b1!4m6!3m5!1s0x15764714078367f7:0xa4a6adba63c3ac7f!8m2!3d27.5030127!4d41.6712665!16s%2Fg%2F11fpszh272?entry=ttu&g_ep=EgoyMDI2MDUxMy4wIKXMDSoASAFQAw%3D%3D",
        "place_category": "مستشفى",
        "place_address": "طريق الملك فهد بن عبدالعزيز الفرعي، الوسيطاء، حائل 55421",
        "place_rating": 4.4,
        "place_review_count": 74
      }
    },
    {
      "type": "Feature",
      "geometry": null,
      "properties": {
        "School": "شركة سكون للتأهيل",
        "Region": "منطقة القصيـــم",
        "City": "محافظة عنيزة",
        "Type": "مركز شامل",
        "Gender": "اناث",
        "MaleStudents": "0",
        "FemaleStudents": "9",
        "SchoolCapacity": "200"
      }
    },
    {
      "type": "Feature",
      "geometry": {
        "type": "Point",
        "coordinates": [
          46.7498691,
          24.7394355
        ]
      },
      "properties": {
        "School": "شركة تنمية الانسان",
        "Region": "منطقة الريـــاض",
        "City": "الرياض",
        "Type": "مركز شامل",
        "Gender": "اناث",
        "MaleStudents": "0",
        "FemaleStudents": "27",
        "SchoolCapacity": "200",
        "place_name": "تنمية انسان",
        "place_url": "https://www.google.com/maps/place/%D8%AA%D9%86%D9%85%D9%8A%D8%A9+%D8%A7%D9%86%D8%B3%D8%A7%D9%86%E2%80%AD/@24.7394355,47.0382602,11z/data=!4m10!1m2!2m1!1z2LTYsdmD2Kkg2KrZhtmF2YrYqSDYp9mE2KfZhtiz2KfZhiwg2KfZhNix2YrYp9i2LCDZhdmG2LfZgtipINin2YTYsdmK2YDZgNmA2KfYtg!3m6!1s0x3e2f01ea25445543:0x5790465cceadf0c1!8m2!3d24.7394355!4d46.7498691!15sCk_YtNix2YPYqSDYqtmG2YXZitipINin2YTYp9mG2LPYp9mGLCDYp9mE2LHZitin2LYsINmF2YbYt9mC2Kkg2KfZhNix2YrZgNmA2YDYp9i2WkkiR9i02LHZg9ipINiq2YbZhdmK2Kkg2KfZhNin2YbYs9in2YYg2KfZhNix2YrYp9i2INmF2YbYt9mC2Kkg2KfZhNix2YrYp9i2kgEQY29tbXVuaXR5X2NlbnRlcpoBI0NoWkRTVWhOTUc5blMwVkpRMEZuVFVObk4zUmhPR0ZCRUFF4AEA-gEECAAQDQ!16s%2Fg%2F11tbxh9x5m?entry=ttu&g_ep=EgoyMDI2MDUxMy4wIKXMDSoASAFQAw%3D%3D",
        "place_category": "مركز ثقافي اجتماعي",
        "place_address": "RFRB7357، 7357 الطريق الدائري الشرقي الفرعي، حي الصحافة، 2105، الرياض 13213",
        "place_rating": 4.0,
        "place_review_count": 4
      }
    }
  ]
}